time,air_temp,ice_temp,albedo,shortwave_down,shortwave_up,longwave_down,longwave_up,sensible_heat_flux,latent_heat_flux,surface_energy_balance,meltwater_runoff
2019-01-01 12:00:00,-14.407918,-16.66236,0.71376073,0.0,0.0,174.07198,240.12239,83.500534,-13.922008,3.5281115,3.1011728489583255e-15
2019-01-02 12:00:00,-19.942337,-23.464565,0.7155772,0.0,0.0,156.08322,218.11232,37.961792,-0.31590533,-24.383211,3.1031758552039987e-15
2019-01-03 12:00:00,-16.331232,-18.038027,0.71029407,0.0,0.0,201.26854,236.1952,29.910448,1.7541779,-3.2620401,3.1028914960669667e-15
2019-01-04 12:00:00,-13.524872,-15.682958,0.7107543,0.0,0.0,213.4246,245.02864,39.10892,-3.1179981,4.3868885,3.1035089708068497e-15
2019-01-05 12:00:00,-14.8955765,-14.76748,0.7097084,0.0,0.0,229.89983,248.6119,15.457221,-5.438047,-8.692892,3.103769248905497e-15
2019-01-06 12:00:00,-23.85676,-25.724497,0.71561867,0.0,0.0,140.09778,208.25648,31.58379,0.46810362,-36.10681,3.103769248905497e-15
2019-01-07 12:00:00,-22.384695,-24.199858,0.71675557,0.0,0.0,138.66704,211.5324,55.70679,-2.9100986,-20.068665,3.1037692508477968e-15
2019-01-08 12:00:00,-21.829298,-23.907793,0.7158682,0.0,0.0,145.03052,212.28625,45.521633,-1.0693988,-22.803503,3.103769269777971e-15
2019-01-09 12:00:00,-22.2748,-21.394014,0.70982516,0.0,0.0,191.63484,221.00136,17.46024,-6.9801908,-18.886467,3.103769269777971e-15
2019-01-10 12:00:00,-26.219336,-27.275175,0.71297973,0.0,0.0,131.06876,201.83395,36.12198,-1.7982532,-36.44147,3.103769269777971e-15
2019-01-11 12:00:00,-28.479258,-28.752512,0.7107824,0.0,0.0,136.36522,195.74348,28.899937,0.21688056,-30.261448,3.1011728489583255e-15
2019-01-12 12:00:00,-30.57494,-31.900908,0.7149375,0.0,0.0,125.34249,185.85408,25.872011,0.49663073,-34.14295,3.1031758552039987e-15
2019-01-13 12:00:00,-30.879337,-30.541866,0.71379334,0.0,0.0,127.53483,189.04636,30.999063,-0.29761696,-30.810081,3.1028914960669667e-15
2019-01-14 12:00:00,-32.11336,-32.15029,0.71561366,0.0,0.0,117.38234,183.23671,32.918335,-0.45400253,-33.390038,3.1035089708068497e-15
2019-01-15 12:00:00,-30.185822,-30.598938,0.71608114,0.0,0.0,121.07429,187.10495,40.048286,-0.95212257,-26.934498,3.103769248905497e-15
2019-01-16 12:00:00,-25.759266,-26.27434,0.7118078,0.0,0.0,151.63237,202.08342,37.40147,1.2664802,-11.783099,3.103769248905497e-15
2019-01-17 12:00:00,-19.358063,-21.057909,0.7111127,0.0,0.0,182.3435,221.67778,34.556057,0.7319644,-4.0462527,3.1037692508477968e-15
2019-01-18 12:00:00,-24.580654,-26.613573,0.71616143,0.0,0.0,145.61227,203.12144,34.11697,0.9026695,-22.48953,3.103769269777971e-15
2019-01-19 12:00:00,-26.25905,-27.455631,0.71327597,0.0,0.0,144.37868,199.71703,33.350994,-0.11482897,-22.102182,3.103769269777971e-15
2019-01-20 12:00:00,-25.29877,-26.066952,0.71356964,0.0,0.0,144.69676,204.28732,44.63503,0.28736216,-14.66817,3.103769269777971e-15
2019-01-21 12:00:00,-25.472229,-26.358656,0.7136455,0.0,0.0,143.74379,202.65771,38.596966,-0.9973312,-21.314291,3.1011728489583255e-15
2019-01-22 12:00:00,-26.82591,-27.744589,0.71127754,0.0,0.0,141.83568,197.96875,35.504333,-1.2614061,-21.890144,3.1031758552039987e-15
2019-01-23 12:00:00,-23.86836,-23.807194,0.70962226,0.0,0.0,181.26662,211.92473,24.79449,-2.699615,-8.563236,3.1028914960669667e-15
2019-01-24 12:00:00,-22.342493,-22.60436,0.7095989,0.0,0.0,188.79405,217.06895,20.731588,-0.29373577,-7.83705,3.1035089708068497e-15
2019-01-25 12:00:00,-22.348972,-21.278597,0.709583,0.0,0.0,188.22495,220.8611,27.90688,-4.031942,-8.761217,3.103769248905497e-15
2019-01-26 12:00:00,-26.779194,-28.183956,0.7159403,0.0,0.0,138.3068,198.3021,27.742704,0.531196,-31.721397,3.103769248905497e-15
2019-01-27 12:00:00,-24.494688,-25.43484,0.71214324,0.0,0.0,158.51163,205.78543,33.294056,-0.44356614,-14.423314,3.1037692508477968e-15
2019-01-28 12:00:00,-20.135406,-22.76202,0.7144235,0.0,0.0,160.98982,215.12572,45.389202,-0.49866012,-9.245353,3.103769269777971e-15
2019-01-29 12:00:00,-16.101034,-18.96669,0.71054965,0.0,0.0,171.62169,230.34047,55.32449,-0.2999325,-3.6942234,3.103769269777971e-15
2019-01-30 12:00:00,-17.19618,-18.576944,0.70955527,0.0,0.0,177.88841,231.45403,57.91659,-7.007175,-2.656196,3.103769269777971e-15
2019-01-31 12:00:00,-19.702549,-18.577805,0.70955145,0.0,0.0,216.85075,232.0302,12.776184,-8.327508,-10.730767,3.103769269777971e-15
2019-02-01 12:00:00,-25.384964,-26.635824,0.71575737,0.0,0.0,142.65771,203.87944,28.13399,-0.16040114,-33.24814,3.1011728489583255e-15
2019-02-02 12:00:00,-25.780195,-27.171085,0.71631485,0.0,0.0,138.04745,200.28651,36.04395,-0.3012392,-26.49635,3.1031758552039987e-15
2019-02-03 12:00:00,-24.095629,-25.302227,0.71308696,0.0,0.0,157.2977,207.19022,31.31655,-0.014892821,-18.59086,3.1028914960669667e-15
2019-02-04 12:00:00,-22.844221,-24.685133,0.7172771,0.0,0.0,153.43054,209.46994,37.074192,0.14343849,-18.821768,3.1035089708068497e-15
2019-02-05 12:00:00,-21.72532,-23.718767,0.7121634,0.0,0.0,146.70839,212.68248,50.03351,-2.1370723,-18.077654,3.103769248905497e-15
2019-02-06 12:00:00,-21.90743,-23.286398,0.71517193,0.0,0.0,150.37053,213.52959,48.038296,-0.8432593,-15.964021,3.103769248905497e-15
2019-02-07 12:00:00,-16.174025,-17.917784,0.7127213,0.0,0.0,195.2914,233.2717,41.72675,0.6211522,4.367601,3.1037692508477968e-15
2019-02-08 12:00:00,-14.436399,-16.627958,0.7095514,0.0,0.0,206.03214,240.18733,30.960678,1.4042445,-1.7902745,3.103769269777971e-15
2019-02-09 12:00:00,-14.98542,-15.900969,0.7097077,0.0,0.0,223.63419,243.12723,20.621792,-0.98348516,0.14526469,3.103769269777971e-15
2019-02-10 12:00:00,-19.781147,-21.77204,0.71071714,0.0,0.0,185.30794,223.22359,15.617633,0.9185429,-21.379473,3.103769269777971e-15
2019-02-11 12:00:00,-20.75375,-24.475355,0.71724993,0.0,0.0,151.12057,210.91124,38.64582,-0.38013914,-21.524982,3.1011728489583255e-15
2019-02-12 12:00:00,-20.562962,-24.050323,0.71641093,0.0,0.0,158.37666,212.72447,36.75739,-0.39146996,-17.98189,3.1031758552039987e-15
2019-02-13 12:00:00,-18.610987,-20.163462,0.7095874,0.0,0.0,189.78444,225.53685,29.47579,-0.58715236,-6.8637733,3.1028914960669667e-15
2019-02-14 12:00:00,-17.87465,-20.310083,0.7147187,0.07340046,0.049327888,176.31895,224.88884,38.41816,-0.4061365,-10.533792,3.1035089708068497e-15
2019-02-15 12:00:00,-22.170223,-23.98001,0.715835,0.26570526,0.17408787,157.3667,211.69737,32.866795,-0.26031828,-21.63258,3.103769248905497e-15
2019-02-16 12:00:00,-25.138102,-26.544668,0.71615934,0.58364105,0.3796017,142.72133,203.0626,34.770542,0.36747202,-24.999224,3.103769248905497e-15
2019-02-17 12:00:00,-26.499775,-27.891508,0.7164353,1.0422662,0.67394036,135.47647,197.91476,36.67154,0.17352338,-25.224907,3.1037692508477968e-15
2019-02-18 12:00:00,-26.215275,-27.875116,0.71581215,1.7246516,1.106291,129.4036,197.63925,45.96576,-0.9810286,-22.632565,3.103769269777971e-15
2019-02-19 12:00:00,-23.67081,-25.679667,0.7160703,2.4485207,1.5649967,132.56909,203.63583,53.786568,-0.8328609,-17.229513,3.103769269777971e-15
2019-02-20 12:00:00,-17.372631,-19.557325,0.71164286,2.2713885,1.4269488,182.69922,226.70811,45.109707,-2.2529564,-0.30770493,3.103769269777971e-15
2019-02-21 12:00:00,-20.050175,-22.965166,0.71645796,4.2326074,2.6912956,157.03142,215.94987,39.374508,-0.018002322,-18.020638,3.1011728489583255e-15
2019-02-22 12:00:00,-21.97382,-24.809427,0.7140276,5.1512785,3.2344234,149.86203,209.36417,36.256878,2.7407837,-18.58762,3.1031758552039987e-15
2019-02-23 12:00:00,-25.885132,-28.792513,0.7136883,6.3280473,4.0485682,140.47472,197.0729,24.486294,2.1715536,-27.660862,3.1028914960669667e-15
2019-02-24 12:00:00,-26.646101,-28.124949,0.71575016,7.78164,4.9787292,137.79416,197.61702,34.265785,0.7127905,-22.041374,3.1035089708068497e-15
2019-02-25 12:00:00,-24.31062,-25.880634,0.712679,6.8598294,4.277439,149.5297,204.6032,34.158306,0.3554556,-17.97735,3.103769248905497e-15
2019-02-26 12:00:00,-24.082916,-24.001127,0.7099245,6.972889,4.4061136,176.07079,211.66418,19.91132,0.47066474,-12.644638,3.103769248905497e-15
2019-02-27 12:00:00,-27.166546,-29.020664,0.7164831,11.997947,7.706978,135.80934,196.32799,26.652554,0.7947666,-28.780355,3.1037692508477968e-15
2019-02-28 12:00:00,-21.461561,-24.621212,0.7171934,13.825682,8.781314,140.33414,211.27794,54.856377,-3.8940825,-14.937143,3.103769269777971e-15
2019-03-01 12:00:00,-18.905956,-24.087036,0.71727264,14.785136,9.266597,142.86942,214.52321,52.59452,-5.810089,-19.350822,3.1011728489583255e-15
2019-03-02 12:00:00,-22.47319,-25.370728,0.7169509,17.375914,10.912033,141.15115,209.02327,41.42153,-1.789519,-21.77622,3.1031758552039987e-15
2019-03-03 12:00:00,-17.33628,-20.13284,0.7129431,12.94346,8.048166,174.4679,228.07756,40.22849,1.7467183,-6.7391634,3.1028914960669667e-15
2019-03-04 12:00:00,-17.882029,-20.40513,0.7110954,17.328253,11.016281,177.40852,226.71054,31.302359,2.878466,-8.809219,3.1035089708068497e-15
2019-03-05 12:00:00,-22.018785,-24.196274,0.71248406,17.183498,10.604429,161.32332,215.47867,22.298706,1.2320195,-24.045553,3.103769248905497e-15
2019-03-06 12:00:00,-22.428015,-23.829058,0.7103819,18.971943,11.719554,175.42815,215.7449,16.43931,1.1648699,-15.460189,3.103769248905497e-15
2019-03-07 12:00:00,-24.189375,-25.490322,0.7163921,26.829939,17.085537,152.71196,209.56177,25.938963,1.130493,-20.035952,3.1037692508477968e-15
2019-03-08 12:00:00,-23.617716,-25.547882,0.7116861,23.790228,14.807904,156.34563,209.5198,25.038595,1.0806851,-18.072577,3.103769269777971e-15
2019-03-09 12:00:00,-24.724094,-26.363037,0.7114617,29.065403,18.35267,147.8592,205.25778,24.841705,2.1437867,-19.700352,3.103769269777971e-15
2019-03-10 12:00:00,-26.491808,-26.965755,0.7113139,29.740719,18.816956,150.03357,202.64006,22.689653,0.98979336,-18.00328,3.103769269777971e-15
2019-03-11 12:00:00,-23.223572,-23.73195,0.70950997,28.118853,17.877193,179.54395,214.06413,14.764094,-0.5983717,-10.112805,3.1011728489583255e-15
2019-03-12 12:00:00,-23.235708,-24.566097,0.7118062,38.004307,24.576612,164.47697,211.73752,21.2755,-0.66996056,-13.227309,3.1031758552039987e-15
2019-03-13 12:00:00,-22.653154,-22.568888,0.7099248,22.295027,14.640119,190.05504,217.08342,15.415495,-1.2917812,-5.2497606,3.1028914960669667e-15
2019-03-14 12:00:00,-25.587032,-23.907146,0.7095278,39.02393,25.318745,175.81055,212.21977,4.733604,-2.3705275,-20.340963,3.1035089708068497e-15
2019-03-15 12:00:00,-31.877136,-31.206064,0.7106186,47.72766,31.22939,127.22735,187.48703,14.039664,0.028414726,-29.693329,3.103769248905497e-15
2019-03-16 12:00:00,-31.605734,-31.477549,0.710516,45.392754,29.59763,132.7894,186.84096,13.869791,-0.28122753,-24.667871,3.103769248905497e-15
2019-03-17 12:00:00,-33.07273,-34.21997,0.71504503,58.374294,38.462772,105.46319,178.27725,23.523685,-0.5180082,-29.896864,3.1037692508477968e-15
2019-03-18 12:00:00,-33.490974,-33.23707,0.71357167,61.34588,40.178616,107.714615,180.14822,25.496965,-0.49794272,-26.267323,3.103769269777971e-15
2019-03-19 12:00:00,-32.42676,-32.00681,0.7144605,64.40758,42.250896,111.16096,183.76712,28.718267,-1.0248269,-22.75604,3.103769269777971e-15
2019-03-20 12:00:00,-31.831072,-31.625925,0.7123308,62.45237,40.89353,125.00629,185.56404,20.207844,-0.57319957,-19.364273,3.103769269777971e-15
2019-03-21 12:00:00,-28.796835,-27.235601,0.7094981,46.627567,30.379612,171.955,200.82443,5.462482,-2.208806,-9.3678,3.1011728489583255e-15
2019-03-22 12:00:00,-28.55519,-27.248495,0.7105928,61.690342,39.864315,146.52661,200.01064,16.652872,-4.4385824,-19.443707,3.1031758552039987e-15
2019-03-23 12:00:00,-30.482517,-28.969845,0.71070987,57.12734,36.984966,139.01723,193.32625,16.74002,-4.045734,-21.472363,3.1028914960669667e-15
2019-03-24 12:00:00,-28.779583,-30.223171,0.71423966,85.02972,55.23571,123.34991,192.88857,21.38603,-1.3376763,-19.696299,3.1035089708068497e-15
2019-03-25 12:00:00,-23.798767,-27.091715,0.7152761,88.89706,56.42184,126.675,204.90422,35.65624,-1.563406,-11.661169,3.103769248905497e-15
2019-03-26 12:00:00,-23.185648,-24.122568,0.71319306,84.299805,53.502934,146.11966,213.3427,30.883545,-0.30382943,-5.846451,3.103769248905497e-15
2019-03-27 12:00:00,-20.574415,-21.59476,0.7099007,74.67457,47.560467,185.46274,224.59067,11.347242,0.2831449,-0.38344103,3.1037692508477968e-15
2019-03-28 12:00:00,-22.27595,-23.138775,0.7099511,72.263535,46.35559,170.87816,218.66557,15.005402,-0.99080765,-7.8648767,3.103769269777971e-15
2019-03-29 12:00:00,-20.555216,-21.510685,0.71084076,92.82552,59.001637,157.45297,223.33705,27.466125,-1.388438,-5.982505,3.103769269777971e-15
2019-03-30 12:00:00,-21.392141,-24.057516,0.7148228,104.405396,67.38446,150.66972,217.80933,20.887983,-0.12354122,-9.354225,3.103769269777971e-15
2019-03-31 12:00:00,-20.341848,-22.85258,0.70993274,93.94099,60.285362,162.71707,221.75491,20.012278,-0.03407349,-5.404013,3.103769269777971e-15
2019-04-01 12:00:00,-17.593569,-19.183668,0.7104646,101.84919,65.51397,195.43327,236.57683,9.533785,-1.3073369,3.4181137,3.1011728489583255e-15
2019-04-02 12:00:00,-18.596828,-21.988338,0.7150751,120.2232,77.11309,145.41153,224.8908,34.089527,-5.3528514,-7.63248,3.1031758552039987e-15
2019-04-03 12:00:00,-12.432192,-14.222755,0.7110485,48.613613,31.854788,222.64543,252.95662,29.777584,-2.7373283,13.487893,3.1028914960669667e-15
2019-04-04 12:00:00,-13.636698,-12.810451,0.7093601,77.85472,54.005283,237.94678,256.77457,5.4855375,-15.287259,-4.780073,3.1035089708068497e-15
2019-04-05 12:00:00,-16.433046,-18.015982,0.7114093,126.253586,87.72622,179.29391,239.07976,17.181143,-0.8901232,-4.967457,3.103769248905497e-15
2019-04-06 12:00:00,-12.677495,-14.895423,0.71234894,78.83942,54.445526,203.31467,250.73856,43.267143,-13.468719,6.768426,3.103769248905497e-15
2019-04-07 12:00:00,-4.841823,-6.6189322,0.7103158,78.54211,52.82082,241.45206,284.6396,85.827324,-48.321617,20.039467,-1.4344745526775065e-14
2019-04-08 12:00:00,-6.465467,-7.8528185,0.711336,133.46677,89.028496,212.96474,280.26932,44.069607,-10.112161,11.091136,-2.4096088213021404e-12
2019-04-09 12:00:00,-12.922425,-15.687223,0.7114405,137.66837,91.725655,190.92906,252.9263,10.713033,1.0354801,-4.3060145,3.103769269777971e-15
2019-04-10 12:00:00,-15.086952,-18.5379,0.713262,147.45287,98.23973,174.03227,243.19974,13.95801,-0.086913995,-6.083235,3.103769269777971e-15
2019-04-11 12:00:00,-15.150567,-17.30131,0.70932835,118.35889,79.16303,192.16325,244.69284,11.27738,-2.3955054,-4.451858,3.1011728489583255e-15
2019-04-12 12:00:00,-18.16426,-20.505032,0.7136985,160.2981,106.2639,161.22182,233.02682,7.127606,-1.5696831,-12.212891,3.1031758552039987e-15
2019-04-13 12:00:00,-19.561417,-21.074009,0.71313983,163.99902,106.73906,153.31746,228.9669,4.7726064,-2.0328696,-15.649744,3.1028914960669667e-15
2019-04-14 12:00:00,-20.482645,-21.64717,0.7120555,165.05284,107.2682,155.00021,227.22415,2.1513646,-3.3334026,-15.621339,3.1035089708068497e-15
2019-04-15 12:00:00,-17.591984,-16.347301,0.70932186,87.27592,57.34295,220.43501,244.18987,-11.799494,-5.246262,-10.86764,3.103769248905497e-15
2019-04-16 12:00:00,-17.961283,-16.185677,0.7093072,138.88802,93.797646,214.21327,244.10251,-14.497435,-7.1127625,-6.4090633,3.103769248905497e-15
2019-04-17 12:00:00,-20.762608,-19.00528,0.7093034,134.91635,92.96385,198.29854,233.99791,-12.192861,-4.1623616,-10.102095,3.1037692508477968e-15
2019-04-18 12:00:00,-23.620623,-21.882992,0.7092972,162.3788,112.61187,168.96553,220.99187,-9.56154,-4.3298845,-16.150831,3.103769269777971e-15
2019-04-19 12:00:00,-24.207136,-22.337917,0.709297,149.3284,103.65943,172.96516,220.25314,-4.0123034,-3.8776762,-9.50899,3.103769269777971e-15
2019-04-20 12:00:00,-22.1674,-21.408705,0.71052545,151.54674,104.565636,175.62105,225.35753,-0.3250336,-3.4212487,-6.5016613,3.103769269777971e-15
2019-04-21 12:00:00,-13.923213,-13.179498,0.7092933,119.380455,83.18844,241.23196,257.35022,-5.314383,-5.1802716,9.579107,3.1011728489583255e-15
2019-04-22 12:00:00,-17.574402,-17.20484,0.7091332,198.65475,137.15816,179.11143,240.6686,-0.8026555,-6.11568,-6.978898,3.1031758552039987e-15
2019-04-23 12:00:00,-19.883413,-20.24505,0.70997304,186.33359,128.05801,166.32275,230.39478,1.3956509,-2.3421116,-6.7429085,3.1028914960669667e-15
2019-04-24 12:00:00,-14.114018,-14.245704,0.7093337,190.27696,129.7119,203.55399,254.1896,-1.7672586,-3.4102855,4.7518992,3.1035089708068497e-15
2019-04-25 12:00:00,-13.677704,-14.583534,0.709289,155.4136,106.89399,213.09898,253.1363,3.6875947,-10.87304,1.2968464,3.103769248905497e-15
2019-04-26 12:00:00,-13.477598,-13.271103,0.7106728,143.0167,99.13126,215.16785,256.59146,14.388076,-13.918157,2.931735,3.103769248905497e-15
2019-04-27 12:00:00,-11.486298,-11.873705,0.7079665,216.71361,147.03885,213.72363,264.26328,4.190479,-17.215229,6.110367,3.1037692508477968e-15
2019-04-28 12:00:00,-11.916565,-13.76494,0.7108429,193.24466,129.21223,202.224,259.60858,6.034063,-6.9821634,5.6997423,3.103769269777971e-15
2019-04-29 12:00:00,-3.962968,-7.313694,0.70337486,177.77641,114.94659,243.78581,288.15463,16.991217,-5.937613,29.514612,-8.239192452436205e-12
2019-04-30 12:00:00,2.3011496,-1.8222555,0.6795417,218.8431,125.96965,264.9619,313.374,32.035393,-22.069624,54.42713,0.1764866057324118
2019-05-01 12:00:00,2.6336026,-1.9364477,0.6658359,146.68187,78.57973,278.07925,313.7011,38.2319,-20.499512,50.212677,1.2496088063137485
2019-05-02 12:00:00,1.4967806,-1.7766937,0.66988915,217.55417,112.637276,236.25784,312.32144,56.22772,-49.598103,35.482906,0.7782703266483931
2019-05-03 12:00:00,-4.451337,-5.394226,0.6846748,150.2978,82.00197,264.80008,295.4942,-11.048087,-17.867634,8.685993,0.000405986549449162
2019-05-04 12:00:00,-4.407705,-8.210926,0.68784964,248.51057,121.8213,209.87732,292.25574,-5.0250516,-12.816091,26.469719,-6.4314806265912535e-06
2019-05-05 12:00:00,-0.4309309,-5.0009646,0.6849002,252.1681,120.55042,224.52144,306.63312,7.8756127,-18.683645,38.697968,-0.00022350598798255727
2019-05-06 12:00:00,0.97561735,-3.6864436,0.6675457,171.83434,78.627945,254.77258,311.36905,16.169657,-12.321867,40.45771,2.2742498915301237
2019-05-07 12:00:00,1.4383914,-1.0052909,0.6409751,104.32823,58.160465,301.4156,318.59213,7.122063,-9.204429,26.908855,3.680508838789451
2019-05-08 12:00:00,-1.4507221,-2.4978807,0.692379,172.028,86.18921,279.06924,311.6384,-14.975804,-12.670417,25.623417,0.22599942557805403
2019-05-09 12:00:00,-0.8516072,-4.554042,0.70821744,252.76294,118.97162,230.83418,307.66324,-12.163346,-15.743825,29.055096,0.40372528130519897
2019-05-10 12:00:00,-1.958186,-5.0089297,0.7071973,223.49576,105.130745,238.48985,305.91113,-17.664837,-14.917775,18.361122,0.12677802347460923
2019-05-11 12:00:00,-1.6819702,-4.792511,0.70254004,221.1498,108.057304,247.35371,306.40256,-15.285144,-14.734136,24.024368,0.012237046842084372
2019-05-12 12:00:00,-1.5921923,-4.479609,0.68866414,217.15628,107.951355,245.1188,309.6021,-14.188542,-5.0900884,25.44299,0.9122819412940488
2019-05-13 12:00:00,-1.5734676,-3.9534671,0.68823993,205.77689,101.158134,261.49127,312.08218,-20.56253,-6.8006234,26.664686,1.0785617056992913
2019-05-14 12:00:00,-0.13571201,-6.6068406,0.70358074,301.62595,144.46399,212.5032,308.2908,-19.702227,-4.2921023,37.38003,1.3314769041170695
2019-05-15 12:00:00,-0.019060817,-6.888382,0.69960755,309.8764,145.79971,205.12207,310.0788,-16.669764,-6.773324,35.67688,1.062399611933744
2019-05-16 12:00:00,-1.5146543,-6.656436,0.69071823,297.51752,137.57695,209.09142,306.28726,-30.338694,-5.4798784,26.926151,0.5654463634847424
2019-05-17 12:00:00,-3.4075618,-5.801324,0.68915176,278.20233,128.92729,221.89351,303.7703,-39.23352,-3.9386253,24.226109,0.09467755707945719
2019-05-18 12:00:00,-4.756781,-7.0701804,0.6860825,283.28897,135.50505,214.98843,299.61154,-37.669914,-2.5859032,22.904995,-2.582860885285624e-10
2019-05-19 12:00:00,-5.2147546,-6.881222,0.68128014,283.67685,133.97287,218.42104,297.05148,-46.592587,-6.2332125,18.247734,-1.7618136744301573e-10
2019-05-20 12:00:00,-5.234154,-7.101845,0.6718636,303.8581,140.37582,207.60326,298.6855,-41.028355,-4.0213265,27.350359,0.2150328445649922
2019-05-21 12:00:00,-2.975839,-4.767094,0.67152697,249.20288,112.910576,239.87082,307.06332,-32.639317,-4.25736,32.203117,0.852428839211042
2019-05-22 12:00:00,-2.282842,-5.6692166,0.6688811,325.1716,144.38503,211.05162,308.64725,-37.96211,-1.8130344,43.415806,2.347289303069549
2019-05-23 12:00:00,0.3476568,-4.817875,0.6689288,320.74588,141.15683,219.6935,317.16946,-24.52107,-1.8229858,55.769024,3.7047430747876557
2019-05-24 12:00:00,2.6615832,-1.722504,0.63041276,288.88492,125.29209,248.75252,323.73486,-27.893524,-6.3347955,54.382168,8.789281596283079
2019-05-25 12:00:00,0.44469216,-2.0925078,0.59020835,248.00693,107.32047,250.31163,320.0162,-21.834112,-6.673995,42.473778,4.657841045098387
2019-05-26 12:00:00,-1.3377553,-2.322171,0.5857293,276.72867,121.46537,240.90234,319.19693,-35.330956,-3.9888759,37.648888,3.9390695358832852
2019-05-27 12:00:00,-1.866027,-3.1279418,0.5837097,310.05634,133.67577,232.30635,314.8632,-47.79346,-5.8496423,40.180626,2.734735460830864
2019-05-28 12:00:00,-0.33338648,-3.688605,0.580246,348.31927,148.93893,210.26633,315.4045,-36.84249,-6.83089,50.568775,4.709539695106519
2019-05-29 12:00:00,1.8574656,-1.7034286,0.5702717,273.9453,113.07561,246.29507,324.45285,-27.130098,-5.150092,50.43174,5.33996665324782
2019-05-30 12:00:00,5.106408,-1.7021067,0.5557783,348.70688,144.5111,228.5501,333.73462,-25.304274,-5.4004025,68.30658,8.126129466847129
2019-05-31 12:00:00,0.53832704,-1.6923963,0.5285901,289.88138,127.8186,243.76892,323.29352,-46.24466,-4.186383,32.107136,7.291469137112398
2019-06-01 12:00:00,-1.6165761,-2.2071016,0.55178887,257.48306,116.68701,262.02094,316.22086,-44.8117,-12.422279,29.362152,4.625572001658548
2019-06-02 12:00:00,-1.0475558,-2.1327941,0.5790707,202.98601,97.62116,275.5576,314.69098,-37.55668,-8.132474,20.542301,2.574034692732981
2019-06-03 12:00:00,0.33424744,-1.5907905,0.5619243,212.7681,97.76586,274.46744,319.29868,-28.029573,-6.4470115,35.694416,3.735088300732376
2019-06-04 12:00:00,-0.07436991,-0.9885374,0.5665018,175.23837,82.94746,288.13144,321.1167,-24.330029,-8.312263,26.663364,3.833991787882975
2019-06-05 12:00:00,-0.30054325,-2.0815942,0.59685737,242.50423,113.88661,258.9355,313.0934,-20.256742,-22.831165,31.371777,2.465695799565012
2019-06-06 12:00:00,1.7483338,-1.1122978,0.5673752,201.77396,95.54113,278.62836,322.39243,-19.749233,-10.027992,32.691532,3.1718251139343994
2019-06-07 12:00:00,-0.32230467,-2.2348135,0.57794297,350.71213,154.96059,226.3733,318.46268,-45.89379,-8.46058,49.3078,3.9779782916867084
2019-06-08 12:00:00,2.609936,-2.0820088,0.5778581,304.13736,134.00452,241.81119,325.10593,-32.25531,-7.430186,47.152607,5.108198529620388
2019-06-09 12:00:00,1.4624087,-1.8870512,0.5672519,344.95786,150.58829,231.98184,329.76773,-32.76227,-2.8373935,60.984013,5.173032860089505
2019-06-10 12:00:00,2.47752,-2.351341,0.5560912,374.4677,162.10277,221.7461,332.0429,-37.764465,-4.2939234,60.009743,6.796363195790663
2019-06-11 12:00:00,2.818041,-0.60168654,0.5475371,98.0381,53.816364,298.7258,323.30698,18.500015,-27.474575,10.666,4.108207779918386
2019-06-12 12:00:00,4.835052,0.013696151,0.5074569,250.2207,100.779434,285.06418,331.68295,20.779697,-24.609892,98.992294,26.258774974133093
2019-06-13 12:00:00,4.177765,-0.0016835843,0.49563327,348.77774,132.65564,248.56042,330.85715,-22.234873,-7.34557,104.244934,31.375122604706505
2019-06-14 12:00:00,4.372852,0.07092228,0.48671845,252.42183,96.68738,289.99976,334.18896,-15.468926,-6.8931055,89.18321,24.86016231779539
2019-06-15 12:00:00,2.9366472,-0.028872924,0.5117945,210.16469,93.64423,297.4932,330.07318,-21.571133,-18.74531,43.624023,13.350528190827529
2019-06-16 12:00:00,2.1464067,-0.4935111,0.52646905,289.8884,129.12834,263.19305,331.5699,-30.307302,-7.172339,54.90358,10.726766131484114
2019-06-17 12:00:00,4.257522,-0.09046548,0.5170766,344.34915,141.41328,253.52141,337.5713,-38.77635,-3.735205,76.37443,17.49858369088788
2019-06-18 12:00:00,2.1663926,-0.24888197,0.5261113,174.77394,87.06133,294.62604,325.37277,-27.967571,-12.85853,16.139772,13.919570444101325
2019-06-19 12:00:00,0.0022377286,-0.65413916,0.6056975,173.98985,87.28095,299.3982,318.13702,-25.014404,-30.218008,12.737658,2.7268348194502248
2019-06-20 12:00:00,-0.10235882,-1.1755552,0.6805932,300.58066,139.44809,265.38406,319.48706,-43.23121,-26.090258,37.708107,0.6706672039893657
2019-06-21 12:00:00,-0.06989507,-2.2506878,0.6678094,315.0428,150.25009,248.32523,324.19043,-47.1175,-5.171874,36.638115,0.8503716772015715
2019-06-22 12:00:00,-1.2836939,-1.9214821,0.6527361,165.51157,84.252365,284.84012,312.3003,-35.900814,-22.802479,-4.9042664,0.5603644962873345
2019-06-23 12:00:00,-1.5171682,-1.899196,0.69087493,192.98308,98.99969,287.0472,309.94565,-21.89996,-40.207478,8.977516,-0.0020095769426594526
2019-06-24 12:00:00,-0.84386116,-1.6333094,0.69144833,164.65535,87.6593,287.3071,311.80957,-15.584453,-28.010166,8.898956,-0.0074215297323062665
2019-06-25 12:00:00,0.3458725,-0.6337675,0.6714627,174.31088,89.98153,299.69553,319.3279,-15.303752,-23.615845,25.77737,1.0555676895986097
2019-06-26 12:00:00,0.6572271,-1.4151573,0.64810055,339.3144,150.01712,241.88371,323.69736,-40.480354,-11.4884615,55.514812,2.0909189159759465
2019-06-27 12:00:00,5.4709525,-1.16614,0.6076212,346.98285,149.67639,240.12413,334.64618,-21.495024,-8.796184,72.4932,6.398848636275863
2019-06-28 12:00:00,9.129779,0.19478627,0.54088116,333.68726,133.70563,266.70126,350.39746,-6.6517673,-11.948909,97.68476,18.02817731093984
2019-06-29 12:00:00,10.161524,0.2920352,0.49471602,361.51025,139.20393,260.2908,353.35748,4.889997,-10.199709,123.92993,38.4946237663465
2019-06-30 12:00:00,11.720748,0.237504,0.48579517,358.75143,137.68985,266.6989,359.9872,-22.470446,-2.5950992,102.70774,23.26644589264358
2019-07-01 12:00:00,11.819647,0.28736618,0.48527986,369.30963,140.9546,260.12616,360.6212,-8.175136,-9.690267,109.9946,36.24155400438748
2019-07-02 12:00:00,10.779546,0.41406992,0.48761123,372.10086,142.7299,251.6949,357.68842,-9.110831,-12.99949,101.26712,40.817584119307405
2019-07-03 12:00:00,8.878871,0.49320152,0.490511,345.93576,133.53079,254.9534,351.95148,-12.615914,-13.118607,89.67237,37.40319468904111
2019-07-04 12:00:00,7.1407137,0.4200351,0.4894514,333.10715,130.34172,253.85202,348.87482,-29.773129,-4.0070853,73.96241,30.121730037525744
2019-07-05 12:00:00,6.343426,0.38200015,0.4882707,279.9764,104.96472,272.06366,348.06534,-31.134518,-1.8116597,66.06383,17.270257420307185
2019-07-06 12:00:00,6.2345634,0.44288498,0.48410508,217.53494,86.02832,291.73026,343.04752,-16.800184,-3.0349612,60.354214,27.165460806608447
2019-07-07 12:00:00,6.223736,0.4710854,0.48029336,136.3098,46.808323,298.1746,337.99136,20.230803,-6.770984,63.144527,34.51752127068678
2019-07-08 12:00:00,4.1252947,0.47680303,0.48159257,113.60647,43.957573,315.9375,333.71527,-2.5054457,-6.015973,43.349705,16.43741261341322
2019-07-09 12:00:00,5.4383764,0.36687943,0.4823212,237.50017,96.08796,287.10406,337.93155,-5.729149,-9.907419,74.94815,25.59234496611743
2019-07-10 12:00:00,5.923466,0.3307214,0.4811182,343.3941,128.60893,249.72171,344.07324,-35.139515,-3.3023503,81.991776,21.889856880811823
2019-07-11 12:00:00,8.695471,0.44464645,0.47916126,340.6472,126.77708,257.0826,349.22238,-23.855936,-6.7646036,91.10981,32.47431117638176
2019-07-12 12:00:00,8.035657,0.62847936,0.47886732,245.19572,94.09328,294.36865,345.90634,8.67037,-15.679695,92.555435,48.40760135604722
2019-07-13 12:00:00,6.6904626,0.6372897,0.48028088,319.382,120.18452,257.26727,340.8118,-0.073953085,-3.8699358,111.70907,58.955217090426395
2019-07-14 12:00:00,5.19237,0.6052561,0.4824853,151.79054,58.538994,292.90137,334.59616,16.679783,6.274057,74.5106,50.94342220686041
2019-07-15 12:00:00,6.0452003,0.6000576,0.48107752,170.84348,66.66755,311.01498,339.39322,8.125725,-4.2545514,79.66886,37.921369348463415
2019-07-16 12:00:00,7.219864,0.61926305,0.48081365,278.91086,105.51029,273.29218,342.89816,1.8532431,-16.330706,89.31712,38.69418961472128
2019-07-17 12:00:00,7.708693,0.661428,0.48347697,330.38828,124.66288,248.48099,346.90695,-11.90361,-16.844456,78.55138,31.489732783412215
2019-07-18 12:00:00,5.0199127,0.7115058,0.48248324,213.17114,83.509926,280.69565,335.7399,-2.0115812,-5.482888,67.122505,41.371549666153925
2019-07-19 12:00:00,5.093963,0.64706385,0.48493955,195.18405,74.74946,289.57913,337.99802,-18.55882,0.98004013,54.436928,27.83680256744046
2019-07-20 12:00:00,4.470271,0.67597854,0.4819334,147.08615,58.017963,312.5856,336.64606,-8.373829,-7.1715093,49.4624,23.56965516255514
2019-07-21 12:00:00,3.959181,0.68215835,0.48158285,203.24452,79.88475,301.73557,338.4844,-21.122072,-5.805068,59.683792,19.4840580267233
2019-07-22 12:00:00,4.2853637,0.5956701,0.4861038,221.0227,89.06679,283.01193,335.12717,-26.205002,-4.3012133,49.33447,24.966215725946768
2019-07-23 12:00:00,5.558871,0.69908184,0.47883302,281.05075,105.12704,271.4979,338.9938,-15.17494,-1.7195873,91.533264,43.02739148066297
2019-07-24 12:00:00,6.7053714,0.6646886,0.48141712,291.0115,109.10052,260.10858,341.10764,3.9307883,-20.370098,84.47261,42.12894978859015
2019-07-25 12:00:00,8.77249,0.6461763,0.48040754,312.82254,117.24555,251.29446,349.3123,-3.562058,-7.5563264,86.44079,32.240903646461305
2019-07-26 12:00:00,8.2466345,0.54498804,0.48509574,311.26834,117.1487,247.61314,345.86636,-8.130942,-18.241056,69.49442,28.417920600639867
2019-07-27 12:00:00,6.2638617,0.7819958,0.4824586,282.9871,106.55389,253.81548,341.61847,-7.3975754,-13.298247,67.93438,36.66977358204052
2019-07-28 12:00:00,5.670082,0.41039276,0.4834631,292.94455,109.89515,245.7319,342.70355,-20.22669,-6.932614,58.918453,19.955166851596278
2019-07-29 12:00:00,6.2795153,0.3086514,0.48464903,293.01108,109.87742,249.18405,344.97324,-24.241995,-2.2692685,60.833218,16.01938427665875
2019-07-30 12:00:00,7.961765,0.5838256,0.48703718,285.17233,107.93305,252.85823,344.43994,4.6971884,-7.9184966,82.43627,37.105588208918455
2019-07-31 12:00:00,8.2534895,0.76491576,0.48080656,257.9633,95.91896,270.35342,347.70874,6.5707726,0.7529963,92.01278,46.114004282153665
2019-08-01 12:00:00,7.4852753,0.7946865,0.4796567,235.22624,91.12734,276.36673,344.25586,3.2665658,4.933934,84.41028,46.94297577357762
2019-08-02 12:00:00,7.400821,0.82263577,0.47865155,249.43272,93.37575,277.18176,347.75586,-2.00818,4.547174,88.02187,44.45286091745223
2019-08-03 12:00:00,6.7056165,0.08127291,0.48996586,253.98215,96.55684,251.89012,342.32935,-23.525656,-0.018238068,43.44219,12.427965829175614
2019-08-04 12:00:00,6.407496,0.6057083,0.48270255,174.93297,65.81336,282.9147,342.73618,-9.360376,-1.2498819,38.687878,10.831626595000879
2019-08-05 12:00:00,7.248348,0.46891886,0.46703455,239.62459,86.35521,267.92017,345.52615,-20.392838,0.5895618,55.860115,14.000866979331025
2019-08-06 12:00:00,7.1129236,0.31395394,0.46363994,255.24094,90.78081,257.48392,343.65207,-21.17651,-1.5242037,55.591263,15.590151997273441
2019-08-07 12:00:00,6.9695935,0.36759943,0.46742696,241.87971,85.46034,266.42563,346.09036,-16.533094,-1.3692572,58.852283,17.67056884391834
2019-08-08 12:00:00,6.8703294,0.6675502,0.46363264,203.63525,73.381065,284.84433,344.4094,-18.862013,0.66706544,52.494167,18.12616378910029
2019-08-09 12:00:00,6.529496,0.45337242,0.46889618,241.94887,86.95536,259.5053,341.66373,-23.312399,-0.4580228,49.06466,17.302636883598083
2019-08-10 12:00:00,5.3588486,0.09006034,0.47023678,233.37862,83.76298,254.1001,337.8643,-21.570272,-5.621559,38.659607,13.048560414743875
2019-08-11 12:00:00,5.3270917,0.041585855,0.4691016,231.88194,83.25368,253.59543,337.82986,-19.767902,-2.8064818,41.819447,12.417198118925738
2019-08-12 12:00:00,7.4988365,0.042854514,0.4681407,232.10466,82.09635,255.33464,341.1218,-9.298717,-4.202278,50.72015,14.009935627676972
2019-08-13 12:00:00,7.097535,0.099630155,0.46694303,223.28337,79.25133,255.77043,342.62375,-9.951241,-1.7883941,45.43909,14.05856774357781
2019-08-14 12:00:00,7.3192153,-0.13083056,0.46747094,222.72038,79.44092,253.35098,341.0274,-8.561583,-2.9645865,44.07687,12.272436721194975
2019-08-15 12:00:00,7.5762305,0.26992226,0.4697446,225.70284,81.18108,244.10135,340.8896,8.4753065,-14.037552,42.171276,16.739960579678296
2019-08-16 12:00:00,6.051227,0.20696776,0.4723187,219.38667,79.82558,239.36003,337.11108,4.732314,-16.282192,30.260166,14.342657764947328
2019-08-17 12:00:00,4.011992,-0.52016556,0.47114918,209.70741,76.31416,238.09753,331.23312,-15.675197,-3.128176,21.454287,9.208069061230573
2019-08-18 12:00:00,4.921227,0.026737316,0.47079188,200.02043,70.641045,244.47865,331.42685,-5.724037,-6.4022303,30.304932,11.156744296638843
2019-08-19 12:00:00,4.254085,0.14282942,0.47056052,167.37013,57.230812,259.0067,329.84186,-8.0419855,-3.393595,27.868597,13.271845778469164
2019-08-20 12:00:00,2.4778824,0.537811,0.4674205,119.567696,41.64575,287.6015,328.52225,-11.32939,-9.333052,16.338764,9.737228044354568
2019-08-21 12:00:00,2.1938717,-0.5961277,0.47164014,134.10417,50.23995,260.11447,323.8401,-6.1114984,-5.976494,8.050619,5.7141836546297275
2019-08-22 12:00:00,2.443379,0.09308883,0.500618,108.09136,46.108334,288.62836,327.13834,-9.055425,-3.3531315,11.064493,4.854240761576751
2019-08-23 12:00:00,1.5747879,-0.24470489,0.5110216,139.73744,57.69871,264.62125,321.2029,-13.196548,-14.897718,-2.6372051,5.198895905148579
2019-08-24 12:00:00,1.7221078,0.26299223,0.53179413,73.54969,37.471184,296.5983,321.2087,19.81455,-48.324287,-17.041643,3.7737534566620163
2019-08-25 12:00:00,2.4113,0.47995812,0.53757215,94.09038,43.77892,291.3726,324.1566,11.90902,-24.532969,4.903513,8.810562673183103
2019-08-26 12:00:00,2.0196478,-0.2905189,0.5480146,123.800125,52.77094,269.7319,322.90424,1.4435737,-6.291953,13.008477,3.469958142362988
2019-08-27 12:00:00,0.8364706,-1.48079,0.5412443,85.68065,37.2123,274.6322,316.98834,-0.29519734,-5.4207397,0.39627218,1.3320778465673708
2019-08-28 12:00:00,0.57947433,-0.89602816,0.57516533,77.95894,36.000446,282.43994,315.18646,7.413265,-22.340023,-5.7147865,1.9860175296600875
2019-08-29 12:00:00,3.3907292,0.5278571,0.52824455,102.69059,39.24642,300.70142,326.68344,27.457602,-23.097134,41.822613,16.208730494273134
2019-08-30 12:00:00,4.2315354,0.43186313,0.5034532,66.60269,28.481678,290.22064,326.99673,58.549778,-35.729443,24.165257,18.20803844424296
2019-08-31 12:00:00,6.123025,0.35210052,0.5096559,113.03127,45.938076,271.79315,331.6971,67.07656,-42.824368,31.441433,13.398445019453376
2019-09-01 12:00:00,6.31928,-0.027668731,0.5127183,147.9097,60.419643,241.24905,330.02762,49.78867,-27.101667,21.398489,10.031958085992624
2019-09-02 12:00:00,4.2242637,-0.45043987,0.51905006,146.45874,60.829876,231.0342,323.69037,40.94171,-32.5075,1.4068985,5.619399911127152
2019-09-03 12:00:00,1.6448066,-1.4399148,0.5158785,117.989,48.28039,236.57527,315.7329,20.571886,-17.24936,-6.1265087,1.955574907987599
2019-09-04 12:00:00,1.0824325,-2.4186018,0.5162828,122.0266,50.413677,236.10446,311.15793,10.140004,-11.020281,-4.320813,0.8358702193749309
2019-09-05 12:00:00,1.0051457,-1.6077818,0.5175046,117.62301,47.792725,231.53606,313.7247,18.15518,-3.8730185,1.9238012,2.1286437487468803
2019-09-06 12:00:00,-0.012455259,-3.7624524,0.5179639,128.7628,51.58719,220.86276,305.1609,11.441989,-10.644099,-6.324623,0.7028535726123881
2019-09-07 12:00:00,-1.4201052,-4.8046417,0.5211178,126.32357,51.618267,207.27493,298.61197,18.408085,-19.003435,-17.22708,0.058302591382767416
2019-09-08 12:00:00,-3.0007586,-5.2847366,0.5191148,113.460556,46.43505,213.0082,296.3416,9.906408,-4.197619,-10.599125,-0.0001370386857060563
2019-09-09 12:00:00,-1.8425462,-4.099309,0.52471507,99.82966,41.9987,229.2978,300.3074,13.266878,-5.684757,-5.5965176,0.18949913476497804
2019-09-10 12:00:00,-2.4508421,-5.09825,0.5256644,97.87092,40.845554,228.93594,295.26117,5.5240097,-8.345237,-12.121089,0.034597124773072245
2019-09-11 12:00:00,-3.27074,-5.052894,0.52537847,97.077446,39.716892,232.3991,296.05463,5.956163,-5.4866023,-5.8254185,-9.814844975936337e-05
2019-09-12 12:00:00,-3.5435488,-5.6986794,0.52146834,92.41579,37.869255,222.2261,292.5798,11.76655,-10.946294,-14.986911,-9.433437098789426e-08
2019-09-13 12:00:00,-5.35775,-7.9881935,0.52187604,99.08754,41.21869,199.06302,284.6019,15.886983,-7.1281023,-18.911148,-4.321155654830336e-14
2019-09-14 12:00:00,-5.2486825,-8.717803,0.5206963,93.28174,38.57328,203.89774,282.7315,12.280768,-5.1780624,-17.022606,-2.146307987511213e-09
2019-09-15 12:00:00,-5.412581,-7.8830914,0.5188551,89.80846,37.32199,207.62834,284.67093,19.517534,-10.148987,-15.187574,-1.0436328046745923e-13
2019-09-16 12:00:00,-5.3901925,-7.342443,0.5187201,78.84328,31.996809,219.87608,285.9041,14.789941,-6.6152864,-11.00691,-7.016005448242444e-10
2019-09-17 12:00:00,-3.4221675,-4.9825125,0.53222054,72.43053,30.749912,238.92943,295.52533,19.928226,-20.532095,-15.5191555,-8.034571196965433e-09
2019-09-18 12:00:00,-5.2744064,-7.804278,0.5334723,75.31341,30.757965,202.39432,283.7802,27.936907,-13.05651,-21.950054,1.7120683456460658e-15
2019-09-19 12:00:00,-5.993125,-8.667821,0.52848774,60.35349,24.120005,216.1555,281.12653,17.136997,-7.0832314,-18.683775,1.7120683456460658e-15
2019-09-20 12:00:00,-5.8688617,-9.276964,0.53366125,76.899574,31.399427,202.04712,279.50586,20.641636,-5.504786,-16.821745,-6.884849507973304e-09
2019-09-21 12:00:00,-4.902662,-8.860815,0.5299858,50.646423,20.85699,211.36206,280.74832,32.44622,-5.298997,-12.449605,-1.5008621247162248e-07
2019-09-22 12:00:00,-2.1152806,-5.784587,0.5275063,57.025654,23.459898,234.71696,293.40176,28.39644,-1.7759302,1.5014689,-7.904022120402643e-05
2019-09-23 12:00:00,-2.3850834,-4.874709,0.5272725,37.593243,15.64713,267.0698,298.85526,12.986641,0.3520226,3.4993157,-0.0006143691756655117
2019-09-24 12:00:00,-4.555531,-5.4221883,0.5954651,41.24074,18.322649,264.31256,294.8524,3.6630015,-5.368927,-9.327658,-1.7681751814529449e-12
2019-09-25 12:00:00,-5.1161084,-5.940545,0.6814496,44.21725,20.259989,253.77365,291.79144,7.685272,-4.8721514,-11.247409,-8.563251163455574e-14
2019-09-26 12:00:00,-3.413857,-4.07459,0.7154308,8.789894,4.89277,276.71494,297.7022,32.82048,-26.513887,-10.783556,-0.08041832390859124
2019-09-27 12:00:00,1.3448583,-1.0252348,0.6924482,49.129272,23.591526,265.59198,312.51553,92.432076,-58.5628,12.483463,-0.39383040010965487
2019-09-28 12:00:00,2.9968722,-0.6119545,0.65124553,47.687305,22.14484,243.80571,316.99973,105.97968,-43.386536,14.941597,-0.0022431792802920176
2019-09-29 12:00:00,1.5528132,-0.9221539,0.62894994,31.24805,13.960648,255.64076,313.5954,66.91308,-23.748158,2.4976883,-0.0458304730706289
2019-09-30 12:00:00,1.5789013,-0.28059712,0.58511925,13.929674,7.767489,298.96265,317.00934,37.497746,-13.852851,11.760388,1.7856518957318421
2019-10-01 12:00:00,0.26615366,-0.9199867,0.61081034,16.434206,9.208823,295.83035,312.7136,26.314651,-14.916977,1.7398186,0.4579343941485411
2019-10-02 12:00:00,-1.4779292,-3.366737,0.6215969,24.313154,11.002578,268.96704,301.66666,20.126858,-10.167058,-9.429238,-0.0013752377166459868
2019-10-03 12:00:00,-1.1571215,-4.2898726,0.6229507,17.023886,8.23245,255.82594,297.82956,44.18149,-19.053913,-8.084602,-5.8863764058179154e-08
2019-10-04 12:00:00,-1.5114199,-4.243812,0.6192985,18.296934,8.741426,255.11584,299.4142,32.889336,-8.679727,-10.533254,-7.1536870147815085e-06
2019-10-05 12:00:00,-4.665591,-6.576468,0.63666356,22.519209,10.405309,248.97395,288.77963,13.522546,-0.86378944,-15.033024,-7.171922616401802e-13
2019-10-06 12:00:00,-5.5035553,-5.919725,0.6807228,18.355177,8.040712,263.0666,290.3547,4.797175,-7.140225,-19.316702,1.1827294163666144e-15
2019-10-07 12:00:00,-4.678062,-5.049889,0.7060213,13.753614,7.142901,277.24362,293.9478,6.629093,-6.4950724,-9.959458,-6.217945274135263e-10
2019-10-08 12:00:00,-5.2115374,-6.252969,0.72095793,16.1425,8.439392,250.542,288.40945,27.788565,-15.028746,-17.40452,1.1827294163666144e-15
2019-10-09 12:00:00,-4.2431455,-5.1744895,0.7195814,18.738113,8.795262,261.47818,292.89935,29.054142,-18.568268,-10.992447,-3.0504300158520303e-11
2019-10-10 12:00:00,-3.1854014,-4.741234,0.71455,18.00262,8.84614,239.90703,294.2105,75.5225,-50.25655,-19.881054,-5.429265960724309e-07
2019-10-11 12:00:00,-4.172053,-4.9795594,0.6875773,8.35549,4.0182123,266.05252,293.77817,34.074875,-37.846436,-27.159931,-1.3275017349965466e-08
2019-10-12 12:00:00,-3.7697017,-4.974503,0.68438447,12.961942,6.430202,255.48389,293.9802,22.690256,-6.858503,-16.132814,-1.8416153455696649e-10
2019-10-13 12:00:00,-7.39416,-9.65801,0.6886958,15.745547,8.026115,207.74513,273.97958,28.02867,-3.596758,-34.083107,-1.1445733380217997e-11
2019-10-14 12:00:00,-7.6264277,-8.286212,0.68824005,5.3800583,2.966333,239.22034,279.11032,28.801207,-28.324759,-36.99981,-2.3685565696405097e-13
2019-10-15 12:00:00,-5.8137903,-6.023275,0.71893245,6.845588,4.197918,270.954,288.93008,6.474204,-6.468516,-15.322716,3.103769248905497e-15
2019-10-16 12:00:00,-8.244734,-8.744856,0.7182225,7.4898143,4.54794,245.8494,277.78305,6.2295566,-1.2070177,-23.96924,3.103769248905497e-15
2019-10-17 12:00:00,-8.594787,-9.106064,0.7167776,5.8367643,3.8212209,245.56297,276.07986,9.098246,-2.3589065,-21.762009,3.1037692508477968e-15
2019-10-18 12:00:00,-10.698061,-13.172965,0.7155368,7.5094514,4.6776385,215.54137,260.75833,10.366084,1.3526114,-30.666454,3.103769269777971e-15
2019-10-19 12:00:00,-13.717225,-19.425947,0.720916,6.961936,4.463202,168.66731,236.14284,22.833256,0.52642554,-41.61711,3.103769269777971e-15
2019-10-20 12:00:00,-16.56113,-20.263987,0.7218881,6.1621566,3.964489,163.05632,233.26317,26.272776,1.1487465,-40.587658,3.103769269777971e-15
2019-10-21 12:00:00,-14.104982,-16.443867,0.7217065,4.9657984,3.2010865,170.37856,247.03137,49.628654,-9.531309,-34.790764,3.1011728489583255e-15
2019-10-22 12:00:00,-9.627909,-11.382967,0.7159428,2.7556424,1.752683,207.5935,266.32217,62.288677,-42.783905,-38.220936,3.1031758552039987e-15
2019-10-23 12:00:00,-6.627761,-7.003843,0.7133101,1.9049699,1.2731282,272.65997,284.63974,21.316866,-32.26791,-22.29897,-7.315235563530644e-12
2019-10-24 12:00:00,-3.8673053,-4.4208055,0.7205211,0.76492214,0.5402812,280.27502,295.66504,25.093327,-14.815476,-4.8875237,-1.4220315157889147e-10
2019-10-25 12:00:00,-2.4985673,-2.886784,0.7254342,0.55950445,0.42807382,299.66608,302.61713,14.3898945,-6.916526,4.6537495,-0.00010895138045123976
2019-10-26 12:00:00,-9.493788,-11.256602,0.7252245,0.98956215,0.7079111,222.28001,267.28238,13.285478,3.4131024,-28.022135,3.103769248905497e-15
2019-10-27 12:00:00,-10.182642,-12.572495,0.72479904,0.4459276,0.3272825,225.5548,262.08005,12.787576,1.8040491,-21.814985,3.1037692508477968e-15
2019-10-28 12:00:00,-13.283202,-16.920774,0.72670174,0.23134373,0.16978858,184.68666,244.93478,21.57485,4.90213,-33.709587,3.103769269777971e-15
2019-10-29 12:00:00,-14.808066,-16.014807,0.7242866,0.0596624,0.044487584,191.63376,247.74515,26.226305,2.9654238,-26.904486,3.103769269777971e-15
2019-10-30 12:00:00,-10.181002,-10.786262,0.72193867,0.0,0.0,236.69743,268.7018,13.783445,-7.643575,-25.86451,3.103769269777971e-15
2019-10-31 12:00:00,-11.63029,-13.118346,0.71952766,0.0,0.0,212.04182,259.22894,22.930859,1.0649523,-23.191307,3.103769269777971e-15
2019-11-01 12:00:00,-10.368605,-11.774949,0.7190684,0.0,0.0,232.59673,264.7498,21.4482,-5.8606935,-16.565554,3.1011728489583255e-15
2019-11-02 12:00:00,-9.597007,-11.439626,0.71868306,0.0,0.0,227.03735,266.19162,26.215132,-4.586427,-17.525562,3.1031758552039987e-15
2019-11-03 12:00:00,-6.3562136,-7.071711,0.7172192,0.0,0.0,267.61218,284.29242,12.070448,-2.237484,-6.847273,3.1028914960669667e-15
2019-11-04 12:00:00,-10.090262,-10.873429,0.7155939,0.0,0.0,227.39587,268.35275,14.024065,-0.40550122,-27.338314,3.1035089708068497e-15
2019-11-05 12:00:00,-15.392968,-17.52132,0.72121495,0.0,0.0,173.02461,241.79265,32.51023,-0.05794021,-36.315746,3.103769248905497e-15
2019-11-06 12:00:00,-16.106068,-20.077732,0.7167169,0.0,0.0,170.71107,233.02458,21.785519,2.1538978,-38.374092,3.103769248905497e-15
2019-11-07 12:00:00,-16.864065,-21.790249,0.71586025,0.0,0.0,167.54018,226.86076,21.267395,0.8533416,-37.199852,3.1037692508477968e-15
2019-11-08 12:00:00,-19.092543,-24.299788,0.71836674,0.0,0.0,153.97939,216.62563,23.209957,2.6904244,-36.745857,3.103769269777971e-15
2019-11-09 12:00:00,-20.673492,-24.983992,0.7190947,0.0,0.0,149.53911,213.65063,26.139185,1.5276661,-36.44468,3.103769269777971e-15
2019-11-10 12:00:00,-17.120596,-23.554884,0.72076863,0.0,0.0,154.43297,219.33096,36.017162,-2.504388,-31.385221,3.103769269777971e-15
2019-11-11 12:00:00,-12.592244,-16.61788,0.72069925,0.0,0.0,179.65237,243.53442,43.83747,-3.2441885,-23.288767,3.1011728489583255e-15
2019-11-12 12:00:00,-13.288564,-16.57717,0.7180247,0.0,0.0,185.02821,244.04175,36.84022,0.17641047,-21.996902,3.1031758552039987e-15
2019-11-13 12:00:00,-5.5425076,-7.515245,0.7132921,0.0,0.0,255.81802,281.4117,49.739826,-23.421892,0.7242451,-2.568156906531585e-11
2019-11-14 12:00:00,-8.0187845,-10.825679,0.7164668,0.0,0.0,190.09749,266.58588,86.29974,-35.75507,-25.943714,3.1035089708068497e-15
2019-11-15 12:00:00,-6.987331,-7.8621945,0.71436733,0.0,0.0,252.58656,280.0959,21.016195,-1.7955692,-8.288697,-1.188237720102487e-12
2019-11-16 12:00:00,-11.747155,-12.252167,0.7134604,0.0,0.0,226.22234,260.83832,16.628157,-2.0904355,-20.07826,3.103769248905497e-15
2019-11-17 12:00:00,-13.325074,-15.104611,0.7145621,0.0,0.0,191.55687,248.62573,33.641235,-3.6078134,-27.03544,3.1037692508477968e-15
2019-11-18 12:00:00,-15.78273,-17.53988,0.71467215,0.0,0.0,180.8439,238.63512,35.19937,-2.1847854,-24.776628,3.103769269777971e-15
2019-11-19 12:00:00,-11.59053,-12.74494,0.7122389,0.0,0.0,232.05713,258.0593,15.858668,1.3750808,-8.768417,3.103769269777971e-15
2019-11-20 12:00:00,-12.826638,-13.255872,0.712018,0.0,0.0,235.26726,256.59647,8.227526,-1.6250275,-14.72671,3.103769269777971e-15
2019-11-21 12:00:00,-17.143112,-17.112637,0.7116479,0.0,0.0,207.23892,240.30298,12.023972,-0.4749441,-21.51503,3.1011728489583255e-15
2019-11-22 12:00:00,-17.170094,-17.814213,0.71147454,0.0,0.0,199.7515,237.1679,17.98343,-0.9440737,-20.37704,3.1031758552039987e-15
2019-11-23 12:00:00,-13.327728,-14.698415,0.71145815,0.0,0.0,212.44043,249.45947,37.101833,-8.333998,-8.251207,3.1028914960669667e-15
2019-11-24 12:00:00,-6.0014687,-6.3759646,0.71765614,0.0,0.0,271.84384,286.2864,23.741877,-9.534266,-0.23495579,-1.9486525799504216e-12
2019-11-25 12:00:00,-7.6393933,-8.52461,0.71686924,0.0,0.0,247.58195,276.37692,20.876913,0.021760669,-7.896294,3.103769248905497e-15
2019-11-26 12:00:00,-11.158262,-11.449443,0.7124499,0.0,0.0,240.92822,264.1256,8.296681,0.7515769,-14.14913,3.103769248905497e-15
2019-11-27 12:00:00,-13.200968,-14.072566,0.7115164,0.0,0.0,228.43446,253.98497,4.195461,0.3829741,-20.97207,3.1037692508477968e-15
2019-11-28 12:00:00,-15.338837,-16.110334,0.71119076,0.0,0.0,215.4072,244.70752,18.015451,1.8018587,-9.483013,3.103769269777971e-15
2019-11-29 12:00:00,-10.117056,-9.674336,0.71072006,0.0,0.0,261.80112,271.80057,2.000893,-2.8213754,-10.819933,3.103769269777971e-15
2019-11-30 12:00:00,-12.498549,-12.153253,0.7101983,0.0,0.0,236.0352,260.18567,16.72489,-5.984414,-13.409991,3.103769269777971e-15
2019-12-01 12:00:00,-10.704084,-11.428496,0.71100956,0.0,0.0,218.1698,262.85825,36.111076,-13.002428,-21.579798,3.1011728489583255e-15
2019-12-02 12:00:00,-15.7516985,-17.403847,0.71176344,0.0,0.0,189.74348,236.76216,29.292524,-0.43562722,-18.16178,3.1031758552039987e-15
2019-12-03 12:00:00,-12.2230215,-12.872413,0.7098443,0.0,0.0,224.738,256.08154,24.110737,-1.4963171,-8.729116,3.1028914960669667e-15
2019-12-04 12:00:00,-16.52709,-17.75916,0.7098231,0.0,0.0,197.94743,235.44553,19.199497,-0.056225333,-18.35482,3.1035089708068497e-15
2019-12-05 12:00:00,-15.222834,-15.405343,0.7098232,0.0,0.0,217.28513,245.61642,15.075599,-0.38898638,-13.644687,3.103769248905497e-15
2019-12-06 12:00:00,-19.723085,-20.601517,0.71226066,0.0,0.0,169.00331,223.73631,28.0291,0.64033324,-26.063568,3.103769248905497e-15
2019-12-07 12:00:00,-21.182737,-23.128506,0.7152139,0.0,0.0,150.02466,212.58936,43.40476,-1.4591454,-20.619083,3.1037692508477968e-15
2019-12-08 12:00:00,-17.144312,-17.0978,0.70981467,0.0,0.0,193.72458,237.50394,33.57446,-6.432419,-16.637318,3.103769269777971e-15
2019-12-09 12:00:00,-23.400442,-24.68713,0.71587116,0.0,0.0,144.48311,207.05453,31.94166,0.9890456,-29.64072,3.103769269777971e-15
2019-12-10 12:00:00,-24.67488,-26.171518,0.7158117,0.0,0.0,139.60338,200.88759,37.02627,-0.61824566,-24.876184,3.103769269777971e-15
2019-12-11 12:00:00,-24.906948,-26.213688,0.7136795,0.0,0.0,140.79942,201.14966,36.214058,-0.262767,-24.398945,3.1011728489583255e-15
2019-12-12 12:00:00,-21.332987,-22.62309,0.71457416,0.0,0.0,143.21971,216.5684,53.24892,-5.6168113,-25.716585,3.1031758552039987e-15
2019-12-13 12:00:00,-20.9252,-20.63593,0.7101337,0.0,0.0,170.13113,223.52498,31.986132,-1.7553606,-23.163074,3.1028914960669667e-15
2019-12-14 12:00:00,-17.69203,-17.55692,0.71020895,0.0,0.0,180.89095,235.34769,46.026493,-5.747195,-14.177443,3.1035089708068497e-15
2019-12-15 12:00:00,-19.36394,-18.837465,0.711522,0.0,0.0,162.91306,230.38936,46.62839,-4.1988416,-25.046753,3.103769248905497e-15
2019-12-16 12:00:00,-21.347643,-22.376026,0.715071,0.0,0.0,155.1978,215.16309,37.793037,-0.45545873,-22.627708,3.103769248905497e-15
2019-12-17 12:00:00,-19.962107,-21.969992,0.7146173,0.0,0.0,165.83507,216.74387,34.196705,0.40889844,-16.303194,3.1037692508477968e-15
2019-12-18 12:00:00,-16.717028,-18.392035,0.70983976,0.0,0.0,200.87102,232.74574,19.783575,0.3906596,-11.700491,3.103769269777971e-15
2019-12-19 12:00:00,-14.320336,-17.446249,0.71433896,0.0,0.0,180.27255,234.61328,46.35981,-1.4229783,-9.403897,3.103769269777971e-15
2019-12-20 12:00:00,-12.613624,-13.508194,0.70966446,0.0,0.0,222.69577,252.54724,33.70689,-10.418939,-6.5635195,3.103769269777971e-15
2019-12-21 12:00:00,-20.443588,-21.378239,0.7109767,0.0,0.0,172.44295,220.83969,23.163223,-1.0875132,-26.321033,3.1011728489583255e-15
2019-12-22 12:00:00,-18.26951,-18.319822,0.70959663,0.0,0.0,210.48093,232.88197,14.965986,-2.064695,-9.499756,3.1031758552039987e-15
2019-12-23 12:00:00,-17.95992,-18.21788,0.70993465,0.0,0.0,203.12611,232.67007,20.544844,-0.49988747,-9.499004,3.1028914960669667e-15
2019-12-24 12:00:00,-15.442747,-14.749669,0.709595,0.0,0.0,237.79411,247.9088,10.865367,-4.1149836,-3.3643017,3.1035089708068497e-15
2019-12-25 12:00:00,-15.196864,-14.659582,0.7095991,0.0,0.0,233.34541,248.17342,15.687963,-8.673062,-7.8131027,3.103769248905497e-15
2019-12-26 12:00:00,-17.58731,-18.347626,0.7097232,0.0,0.0,198.32077,232.365,15.464338,0.9541904,-17.625706,3.103769248905497e-15
2019-12-27 12:00:00,-20.427835,-22.606985,0.7155481,0.0,0.0,156.68896,213.9556,32.869938,0.851355,-23.54534,3.1037692508477968e-15
2019-12-28 12:00:00,-17.07362,-20.972927,0.71093565,0.0,0.0,167.53883,220.84647,42.950592,-2.8113308,-13.168371,3.103769269777971e-15
2019-12-29 12:00:00,-16.46262,-16.172281,0.7114603,0.0,0.0,219.15457,240.7783,27.312315,-13.997748,-8.309167,3.103769269777971e-15
2019-12-30 12:00:00,-26.60196,-24.97353,0.71069956,0.0,0.0,166.43973,206.8168,4.5315986,-1.8915682,-37.737045,3.103769269777971e-15
2019-12-31 12:00:00,-33.7546,-31.892546,0.70965904,0.0,0.0,134.39322,181.6363,18.142134,-0.026274545,-29.127228,3.103769269777971e-15
2020-01-01 12:00:00,-35.040222,-32.860413,0.7095547,0.0,0.0,132.70226,178.45012,8.755509,-0.56873727,-37.561092,3.1011728489583255e-15
2020-01-02 12:00:00,-38.266636,-36.052326,0.70973927,0.0,0.0,103.78968,166.50586,32.55572,-0.047105517,-30.207563,3.1031758552039987e-15
2020-01-03 12:00:00,-38.479404,-38.401745,0.71084565,0.0,0.0,102.25671,160.43239,23.743334,0.24093568,-34.191414,3.1028914960669667e-15
2020-01-04 12:00:00,-42.313652,-41.020344,0.7144684,0.0,0.0,89.50251,151.68492,28.47246,0.13342105,-33.57653,3.1035089708068497e-15
2020-01-05 12:00:00,-38.66626,-37.543003,0.7144492,0.0,0.0,104.56988,161.80171,35.494606,0.03389891,-21.70333,3.103769248905497e-15
2020-01-06 12:00:00,-25.518143,-27.026335,0.70955247,0.0,0.0,160.65332,199.29391,38.012566,-1.417084,-2.0451128,3.103769248905497e-15
2020-01-07 12:00:00,-26.060846,-26.469677,0.71168417,0.0,0.0,142.087,200.16922,34.671997,-0.047558103,-23.457775,3.1037692508477968e-15
2020-01-08 12:00:00,-28.9949,-28.957201,0.7097934,0.0,0.0,150.14061,191.85329,21.957157,-0.2865235,-20.042044,3.103769269777971e-15
2020-01-09 12:00:00,-24.138563,-24.286665,0.7095474,0.0,0.0,185.36504,209.38927,16.668951,0.33136448,-7.0239153,3.103769269777971e-15
2020-01-10 12:00:00,-16.507572,-18.5967,0.70954627,0.0,0.0,164.663,230.03844,69.751434,-8.724692,-4.3487005,3.103769269777971e-15
2020-01-11 12:00:00,-19.41904,-20.154734,0.71426016,0.0,0.0,139.13542,223.87582,77.54102,-14.561707,-21.761086,3.1011728489583255e-15
2020-01-12 12:00:00,-22.365152,-23.760468,0.71041685,0.0,0.0,142.73491,209.86942,51.099834,-2.8062212,-18.840893,3.1031758552039987e-15
2020-01-13 12:00:00,-22.078444,-24.953321,0.7095428,0.0,0.0,154.4307,206.31047,31.739773,-0.23349471,-20.373497,3.1028914960669667e-15
2020-01-14 12:00:00,-20.187792,-22.416187,0.7095432,0.0,0.0,154.74141,214.80563,48.716946,-2.1198611,-13.46714,3.1035089708068497e-15
2020-01-15 12:00:00,-24.024488,-24.886318,0.7098332,0.0,0.0,151.3259,205.38455,32.223377,0.60695547,-21.228323,3.103769248905497e-15
2020-01-16 12:00:00,-27.77897,-27.687391,0.7125273,0.0,0.0,133.12868,194.75253,39.953724,-0.3465848,-22.016716,3.103769248905497e-15
2020-01-17 12:00:00,-22.658255,-24.7632,0.7146687,0.0,0.0,141.52568,205.12923,50.911743,-3.2036245,-15.895428,3.1037692508477968e-15
2020-01-18 12:00:00,-23.261322,-25.452473,0.71491605,0.0,0.0,133.22108,202.67924,53.208836,-4.0132046,-20.26253,3.103769269777971e-15
2020-01-19 12:00:00,-26.778238,-28.524097,0.7151485,0.0,0.0,124.97454,192.03728,43.576305,-0.7394558,-24.225887,3.103769269777971e-15
2020-01-20 12:00:00,-24.216501,-24.411245,0.71448094,0.0,0.0,131.97429,207.1313,61.875996,-3.9680345,-17.249052,3.103769269777971e-15
2020-01-21 12:00:00,-23.803135,-25.041441,0.7153567,0.0,0.0,137.60611,204.0407,48.222706,-2.0652945,-20.277174,3.1011728489583255e-15
2020-01-22 12:00:00,-21.223179,-22.308641,0.7120386,0.0,0.0,173.82982,215.43045,38.261654,-2.1412964,-5.480274,3.1031758552039987e-15
2020-01-23 12:00:00,-21.104025,-21.11496,0.7106175,0.0,0.0,177.62093,221.3088,26.036633,0.091343336,-17.559906,3.1028914960669667e-15
2020-01-24 12:00:00,-22.279963,-24.257992,0.7152747,0.0,0.0,140.1663,208.0551,56.846252,-3.635409,-14.677951,3.1035089708068497e-15
2020-01-25 12:00:00,-17.868422,-18.368792,0.71209663,0.0,0.0,173.83617,231.58691,56.25577,-5.3167014,-6.8116775,3.103769248905497e-15
2020-01-26 12:00:00,-19.742237,-20.16882,0.709894,0.0,0.0,184.55075,224.54704,25.28044,-1.5996075,-16.31546,3.103769248905497e-15
2020-01-27 12:00:00,-20.306955,-20.85378,0.7095664,0.0,0.0,186.94255,221.353,25.70341,-1.6597527,-10.36679,3.1037692508477968e-15
2020-01-28 12:00:00,-24.512377,-24.577276,0.7118936,0.0,0.0,153.37672,206.8262,28.193096,0.42710957,-24.829273,3.103769269777971e-15
2020-01-29 12:00:00,-28.454166,-28.976368,0.71126145,0.0,0.0,146.68056,191.42097,22.085375,1.2633085,-21.391735,3.103769269777971e-15
2020-01-30 12:00:00,-27.480255,-27.148943,0.7112004,0.0,0.0,163.55661,197.7893,15.52209,0.85590976,-17.854696,3.103769269777971e-15
2020-01-31 12:00:00,-31.370087,-31.29875,0.71468574,0.0,0.0,129.55275,182.35017,26.607609,1.2114037,-24.978413,3.103769269777971e-15
2020-02-01 12:00:00,-31.746843,-30.60848,0.7129469,0.0,0.0,144.51695,184.83134,19.233017,0.50304276,-20.578333,3.1011728489583255e-15
2020-02-02 12:00:00,-31.346087,-31.647116,0.7167021,0.0,0.0,127.39344,180.57149,32.16317,0.530606,-20.484272,3.1031758552039987e-15
2020-02-03 12:00:00,-30.311567,-32.058613,0.7162656,0.0,0.0,128.09258,179.3518,30.580353,0.4010492,-20.27783,3.1028914960669667e-15
2020-02-04 12:00:00,-30.888027,-31.672441,0.7160626,0.0,0.0,120.069984,179.84544,38.698906,-0.13016771,-21.20672,3.1035089708068497e-15
2020-02-05 12:00:00,-30.61971,-31.361328,0.7153244,0.0,0.0,114.93476,181.09009,43.886406,-0.4755745,-22.744495,3.103769248905497e-15
2020-02-06 12:00:00,-30.680025,-31.822903,0.71234334,0.0,0.0,118.14727,182.1633,37.018578,0.19217113,-26.80528,3.103769248905497e-15
2020-02-07 12:00:00,-30.065878,-29.92828,0.7137063,0.0,0.0,123.26965,186.9694,42.569614,0.9744253,-20.155712,3.1037692508477968e-15
2020-02-08 12:00:00,-32.098476,-32.817604,0.7129108,0.0,0.0,123.50395,178.81467,28.105143,0.08692421,-27.118649,3.103769269777971e-15
2020-02-09 12:00:00,-22.953873,-23.77708,0.7094924,0.0,0.0,176.07553,210.76099,31.809086,1.0044086,-1.8719609,3.103769269777971e-15
2020-02-10 12:00:00,-18.693708,-19.71068,0.7094909,0.0,0.0,179.42024,225.5402,40.87232,-1.6370782,-6.8847246,3.103769269777971e-15
2020-02-11 12:00:00,-23.263248,-24.181688,0.70976144,0.0,0.0,157.72583,208.86696,28.371902,1.0563141,-21.712912,3.1011728489583255e-15
2020-02-12 12:00:00,-27.093065,-27.495178,0.7110067,0.0,0.0,141.83487,195.6327,32.557842,1.3142264,-19.925768,3.1031758552039987e-15
2020-02-13 12:00:00,-26.22879,-26.687693,0.7136523,0.0,0.0,144.46504,197.99962,37.891727,1.3189615,-14.323888,3.1028914960669667e-15
2020-02-14 12:00:00,-18.622725,-22.17212,0.714725,0.13347447,0.10836502,150.76399,215.12009,62.98464,-5.353007,-6.6993546,3.1035089708068497e-15
2020-02-15 12:00:00,-20.345707,-22.123678,0.7104897,0.29011855,0.2330488,151.3658,213.629,49.464912,-3.0448625,-15.786081,3.103769248905497e-15
2020-02-16 12:00:00,-16.720015,-19.140177,0.70948803,0.5810866,0.46575245,165.27394,226.43794,68.1878,-8.069183,-0.9300537,3.103769248905497e-15
2020-02-17 12:00:00,-15.773538,-16.29571,0.709492,0.9516844,0.7624164,202.72575,239.93398,30.955837,-2.0699422,-8.13306,3.1037692508477968e-15
2020-02-18 12:00:00,-20.692736,-21.90863,0.709493,1.4772693,1.1872566,172.66393,215.63794,26.085236,1.4449457,-15.153821,3.103769269777971e-15
2020-02-19 12:00:00,-23.027384,-23.613111,0.7094917,2.149727,1.7297099,158.5301,208.8037,34.044483,1.3403627,-14.468727,3.103769269777971e-15
2020-02-20 12:00:00,-23.077692,-24.489365,0.7094897,2.9402363,2.3655689,152.61977,205.44301,33.719666,0.7024498,-17.826458,3.103769269777971e-15
2020-02-21 12:00:00,-24.94285,-25.628256,0.709489,3.8279088,3.068815,145.86339,201.2824,38.334595,0.29393104,-16.031385,3.1011728489583255e-15
2020-02-22 12:00:00,-24.209887,-23.895645,0.709489,3.9294488,3.156868,183.10165,209.28658,18.277538,0.737953,-6.3968487,3.1031758552039987e-15
2020-02-23 12:00:00,-24.5986,-24.53773,0.7121338,6.3368464,5.1398764,163.8238,206.88477,21.737667,0.06859521,-20.057728,3.1028914960669667e-15
2020-02-24 12:00:00,-28.568333,-28.498016,0.7155097,7.875886,6.371522,130.3112,190.97649,40.126213,0.46334526,-18.571362,3.1035089708068497e-15
2020-02-25 12:00:00,-26.62102,-27.288187,0.7099463,8.216529,6.5972357,137.8893,195.03154,39.426403,-0.36952925,-16.466076,3.103769248905497e-15
2020-02-26 12:00:00,-28.031725,-27.882694,0.7094876,8.002274,6.428379,155.33096,194.13138,22.377035,0.8027972,-14.046688,3.103769248905497e-15
2020-02-27 12:00:00,-25.898684,-24.55698,0.7094878,8.65865,6.9553795,180.0983,206.86646,17.998777,-1.3409443,-8.407055,3.1037692508477968e-15
2020-02-28 12:00:00,-27.65614,-26.86125,0.70948666,9.957544,8.010694,159.65685,198.23604,18.341093,0.20533173,-18.085918,3.103769269777971e-15
2020-02-29 12:00:00,-30.354221,-30.20691,0.71042204,14.071559,11.332299,140.60915,185.9782,20.510965,0.5658988,-21.552927,3.103769269777971e-15
2020-03-01 12:00:00,-31.552042,-32.450325,0.7127391,13.930113,11.216841,123.839165,177.69728,30.218401,0.3070834,-20.61936,3.1011728489583255e-15
2020-03-02 12:00:00,-29.7964,-30.224884,0.70948595,15.775336,12.699859,131.11748,185.00296,35.91214,0.122385636,-14.775479,3.1031758552039987e-15
2020-03-03 12:00:00,-25.929535,-25.51848,0.70948565,13.369605,10.731164,167.32924,202.35086,31.257444,-3.7629287,-4.8886633,3.1028914960669667e-15
2020-03-04 12:00:00,-25.231802,-24.024124,0.7094861,15.484924,12.468831,182.16467,209.14282,13.540785,-1.74978,-12.17105,3.1035089708068497e-15
2020-03-05 12:00:00,-29.942505,-29.142282,0.71051323,19.97221,16.091642,142.28764,189.52615,21.48178,1.1812766,-20.694885,3.103769248905497e-15
2020-03-06 12:00:00,-31.554855,-31.034748,0.71672755,26.11946,21.234415,122.37333,181.96434,33.818417,0.9088831,-19.978668,3.103769248905497e-15
2020-03-07 12:00:00,-30.648623,-29.890215,0.7098021,23.08739,18.586918,134.34624,185.87682,31.626406,0.4759488,-14.927752,3.1037692508477968e-15
2020-03-08 12:00:00,-28.587355,-28.149853,0.71008044,22.37886,17.971867,146.97655,192.9579,25.879465,0.4542799,-15.240615,3.103769269777971e-15
2020-03-09 12:00:00,-32.132965,-32.765812,0.71135277,33.138573,26.536673,117.22152,177.7594,26.957216,0.97587687,-26.002888,3.103769269777971e-15
2020-03-10 12:00:00,-33.135284,-32.360447,0.7110868,31.492397,25.323727,125.70013,178.04758,28.107681,0.32407895,-17.747019,3.103769269777971e-15
2020-03-11 12:00:00,-31.995077,-31.750101,0.7158327,39.3149,31.88477,119.37294,179.78291,34.586586,0.22972001,-18.163538,3.1011728489583255e-15
2020-03-12 12:00:00,-30.853231,-31.18133,0.7108292,41.13796,33.03078,119.76451,181.40381,36.708305,-0.054313906,-16.878128,3.1031758552039987e-15
2020-03-13 12:00:00,-30.447968,-30.05576,0.70997685,43.25368,34.75236,124.77345,185.22807,36.679996,0.21919248,-15.0541115,3.1028914960669667e-15
2020-03-14 12:00:00,-29.603987,-29.312588,0.7094794,39.582825,31.797926,135.58261,188.28484,30.183325,0.1072778,-14.626725,3.1035089708068497e-15
2020-03-15 12:00:00,-26.616425,-26.977385,0.70947915,37.285244,29.90972,150.34013,197.57764,35.204666,-1.745982,-6.4032927,3.103769248905497e-15
2020-03-16 12:00:00,-19.173397,-21.169159,0.7094788,48.920574,38.92472,147.35683,220.12607,62.934902,-9.185298,-9.023784,3.103769248905497e-15
2020-03-17 12:00:00,-25.875584,-25.769062,0.7094882,44.816643,35.7037,142.95702,202.38672,34.292965,-2.4177136,-18.44151,3.1037692508477968e-15
2020-03-18 12:00:00,-26.756548,-26.621708,0.7094878,57.805603,46.236267,144.3861,198.7582,27.70561,-0.33807087,-15.4352255,3.103769269777971e-15
2020-03-19 12:00:00,-25.485083,-26.599655,0.70973575,64.83841,51.613586,130.05927,198.29056,40.627552,-0.61238676,-14.991304,3.103769269777971e-15
2020-03-20 12:00:00,-20.989244,-23.50819,0.71528023,67.93654,54.41849,136.72507,209.07823,54.89266,-2.5302866,-6.472746,3.103769269777971e-15
2020-03-21 12:00:00,-15.997324,-18.24341,0.70999867,64.81144,51.67092,167.14711,229.69368,52.453835,-5.214603,-2.16682,3.1011728489583255e-15
2020-03-22 12:00:00,-20.028387,-20.171648,0.7094845,60.266888,48.35081,168.9207,222.45131,31.348997,-1.3926954,-11.658231,3.1031758552039987e-15
2020-03-23 12:00:00,-20.199917,-19.651747,0.709484,47.272305,37.981285,204.47011,226.06155,17.158804,-7.917187,-3.0588098,3.1028914960669667e-15
2020-03-24 12:00:00,-18.403034,-16.919432,0.70948553,52.583076,41.97346,218.15262,237.95665,12.668465,-13.086064,-9.612016,3.1035089708068497e-15
2020-03-25 12:00:00,-15.067615,-14.3853655,0.70947844,53.720894,42.89869,220.76782,248.51367,23.966581,-8.600669,-1.5577326,3.103769248905497e-15
2020-03-26 12:00:00,-22.193024,-19.615261,0.7094507,58.82499,47.122066,205.991,226.36708,-6.1129694,-5.5860047,-20.372135,3.103769248905497e-15
2020-03-27 12:00:00,-19.366028,-18.419037,0.7094325,79.79787,63.747437,177.67215,230.84029,37.876007,-10.891617,-10.133316,3.1037692508477968e-15
2020-03-28 12:00:00,-15.703725,-16.00997,0.7094507,87.09676,69.739334,175.69463,240.70235,51.95849,-9.469988,-5.161791,3.103769269777971e-15
2020-03-29 12:00:00,-18.565573,-18.777554,0.70998436,95.427574,76.519875,166.77719,229.9059,36.096764,-7.6980243,-15.822269,3.103769269777971e-15
2020-03-30 12:00:00,-23.682566,-24.43275,0.7129861,87.19774,69.87446,156.55014,207.4656,20.951965,-0.31326532,-12.9534855,3.103769269777971e-15
2020-03-31 12:00:00,-14.317176,-14.7981415,0.70941585,57.139336,45.56775,234.77023,246.77856,11.303994,-5.6771164,5.190133,3.103769269777971e-15
2020-04-01 12:00:00,-18.876278,-17.427017,0.70939887,77.22255,61.653217,202.25745,236.07729,12.169139,-5.701049,-11.782417,3.1011728489583255e-15
2020-04-02 12:00:00,-20.76864,-20.286636,0.7094865,103.80523,83.207535,174.24246,223.74666,16.696045,0.7796164,-11.4308405,3.1031758552039987e-15
2020-04-03 12:00:00,-17.72449,-19.558878,0.7123717,103.57255,82.900696,175.3464,226.33304,24.417292,0.22053744,-5.676952,3.1028914960669667e-15
2020-04-04 12:00:00,-15.868181,-17.665817,0.70968974,112.86401,90.50724,181.72227,233.42557,27.162134,-0.37336406,-2.5577493,3.1035089708068497e-15
2020-04-05 12:00:00,-12.459281,-13.659849,0.70939636,95.28102,76.43609,215.25255,250.84644,30.488749,-13.159875,0.57991886,3.103769248905497e-15
2020-04-06 12:00:00,-16.103281,-18.015121,0.7095839,132.05998,105.36045,168.86205,232.18787,29.112839,-1.6237911,-9.137241,3.103769248905497e-15
2020-04-07 12:00:00,-12.242798,-15.040977,0.71239865,137.12439,107.46076,178.13441,245.58379,38.08155,-2.6801624,-2.3843555,3.1037692508477968e-15
2020-04-08 12:00:00,-12.007512,-14.186084,0.71203136,138.36401,108.64534,180.61154,249.0866,48.298576,-11.504911,-1.9627132,3.103769269777971e-15
2020-04-09 12:00:00,-11.927638,-12.680461,0.7144066,147.33311,116.39213,173.18504,255.78613,62.713432,-16.295225,-5.2418957,3.103769269777971e-15
2020-04-10 12:00:00,-16.657381,-18.49568,0.7138104,151.85593,120.6016,164.85754,231.3278,21.316053,-0.08673167,-13.986613,3.103769269777971e-15
2020-04-11 12:00:00,-14.729487,-16.889864,0.71316445,154.23476,122.689224,169.55936,236.4979,33.58391,-1.9751301,-3.7842236,3.1011728489583255e-15
2020-04-12 12:00:00,-8.632871,-11.683258,0.7096061,141.34708,111.58026,195.53317,258.95435,53.84504,-11.371353,8.819328,3.1031758552039987e-15
2020-04-13 12:00:00,-4.974858,-5.687861,0.71493286,71.47361,57.513283,282.6945,288.69086,12.863841,-6.936518,13.891283,-3.55982878137854e-06
2020-04-14 12:00:00,-6.5596323,-6.5714254,0.71728337,91.77796,74.1164,274.24472,284.71927,1.992306,-5.53925,3.6400676,3.1035089708068497e-15
2020-04-15 12:00:00,-12.880166,-12.485765,0.7150219,163.46819,131.66638,206.04932,256.9073,14.820948,-11.832534,-16.067753,3.103769248905497e-15
2020-04-16 12:00:00,-13.534647,-14.323386,0.716607,134.0729,108.59004,198.34062,248.05722,29.034868,-4.310918,0.49021626,3.103769248905497e-15
2020-04-17 12:00:00,-8.66944,-9.752447,0.7136997,154.01253,123.81799,208.734,268.569,35.24308,-5.437092,0.1655159,3.1037692508477968e-15
2020-04-18 12:00:00,-10.815157,-11.835078,0.71464396,117.01393,94.19277,220.29324,259.02618,22.73645,-6.1714473,0.6532216,3.103769269777971e-15
2020-04-19 12:00:00,-11.379161,-10.792855,0.7121612,146.99965,117.86049,224.60426,264.41162,16.16273,-13.56616,-8.071629,3.103769269777971e-15
2020-04-20 12:00:00,-14.437849,-13.493539,0.7106387,191.81616,153.94093,198.69206,252.09811,14.720752,-12.600617,-13.410688,3.103769269777971e-15
2020-04-21 12:00:00,-10.937808,-11.23136,0.7111367,117.6945,94.92314,238.80078,262.46323,17.458462,-5.750814,10.816565,3.1011728489583255e-15
2020-04-22 12:00:00,-12.350625,-13.383507,0.7120303,197.97762,158.71492,192.25415,252.08548,11.718337,0.5467381,-8.303559,3.1031758552039987e-15
2020-04-23 12:00:00,-9.312587,-9.866823,0.71056074,152.01114,120.93489,224.93324,267.75098,17.841976,-0.46011952,5.640371,3.1028914960669667e-15
2020-04-24 12:00:00,-11.591924,-12.33905,0.71219677,183.68333,146.59897,202.90541,256.43405,12.750963,0.093051024,-3.6002607,3.1035089708068497e-15
2020-04-25 12:00:00,-5.4236484,-7.64515,0.71102685,207.18806,164.15999,217.21008,277.8472,31.627977,-2.0957499,11.923188,-1.7046581188767386e-05
2020-04-26 12:00:00,-2.3912761,-4.004887,0.708464,148.73215,116.58008,264.97916,296.72858,36.335247,-24.800188,11.937708,-0.000683926069454497
2020-04-27 12:00:00,-6.4324713,-6.6951985,0.7187905,168.40259,135.872,237.42058,283.59335,22.21464,-11.947541,-3.375083,-4.0318045706130755e-11
2020-04-28 12:00:00,-13.121602,-11.408126,0.714447,200.11198,160.748,222.12216,261.57526,-8.416408,-5.7572494,-14.262768,3.103769269777971e-15
2020-04-29 12:00:00,-15.57477,-14.143241,0.71263885,152.21976,121.93585,225.3236,249.77672,-1.1223155,-16.963577,-12.255113,3.103769269777971e-15
2020-04-30 12:00:00,-11.210029,-10.383057,0.7102284,129.8751,103.95557,257.66806,266.69705,4.679307,-18.55141,3.018444,3.103769269777971e-15
2020-05-01 12:00:00,-11.109536,-10.106951,0.709606,214.00716,170.8807,229.00075,267.46005,-1.4152012,-2.0319316,1.220012,3.1011728489583255e-15
2020-05-02 12:00:00,-10.01938,-9.968173,0.7096351,225.03639,179.03041,221.62057,268.54507,4.039513,-1.1351737,1.9858214,3.1031758552039987e-15
2020-05-03 12:00:00,-10.752243,-11.892639,0.71107477,261.44864,207.13354,186.07439,258.73306,21.804201,-3.8671193,-0.40650034,3.1028914960669667e-15
2020-05-04 12:00:00,-12.3648405,-12.904495,0.7114462,255.14148,202.05647,184.01967,254.17464,21.066586,-7.1042595,-3.1076355,3.1035089708068497e-15
2020-05-05 12:00:00,-12.045192,-11.539831,0.7095604,240.92342,191.78844,204.99937,260.98892,13.296351,-10.561218,-4.1194353,3.103769248905497e-15
2020-05-06 12:00:00,-13.668757,-12.585103,0.7096025,214.13835,171.0472,219.2395,256.65646,-2.1006598,-4.491017,-0.9174824,3.103769248905497e-15
2020-05-07 12:00:00,-13.394757,-11.816933,0.70952606,227.31882,182.16061,223.5007,260.00766,-6.089869,-4.6279397,-2.0665636,3.1037692508477968e-15
2020-05-08 12:00:00,-13.808665,-12.011549,0.709498,216.58464,173.33157,226.3329,259.55096,-3.9730496,-3.840023,2.221931,3.103769269777971e-15
2020-05-09 12:00:00,-14.521213,-14.559089,0.7079329,287.7023,228.80984,173.90306,247.10593,8.208139,-0.38975236,-6.4920225,3.103769269777971e-15
2020-05-10 12:00:00,-14.887673,-14.649399,0.7076619,285.25302,227.21408,177.0519,246.67606,11.136839,-1.8658259,-2.3142073,3.103769269777971e-15
2020-05-11 12:00:00,-14.46572,-14.945149,0.7096376,307.5173,244.89052,162.99332,244.8268,19.940508,-2.960516,-2.2267036,3.1011728489583255e-15
2020-05-12 12:00:00,-7.7159204,-9.32306,0.7120253,287.4704,229.90701,208.49191,270.48038,26.442734,-6.0111876,16.006466,-5.414140227293275e-09
2020-05-13 12:00:00,-0.04106245,-2.8426068,0.68454295,261.86218,195.84926,250.8131,301.40723,37.192513,-13.913646,38.69766,-3.7692607682210867e-06
2020-05-14 12:00:00,0.36730388,-1.0514965,0.6694174,171.81993,128.02081,296.07147,312.00583,9.2450285,-8.811719,28.298073,-0.002675360684353427
2020-05-15 12:00:00,-2.6785693,-2.9366593,0.6893716,274.1072,211.67049,249.26904,302.93585,-0.56624097,-6.5820365,1.621635,-0.00010347932186698312
2020-05-16 12:00:00,-4.826957,-6.415248,0.6963645,314.64334,240.96146,209.66386,285.58676,9.741438,-2.6578507,4.8425746,-3.0599100708705283e-09
2020-05-17 12:00:00,-1.8050071,-4.7022824,0.6904078,321.9809,239.69637,215.04216,293.39215,27.778982,-12.10859,19.60493,-1.3234750509684056e-06
2020-05-18 12:00:00,-1.0815363,-3.4268415,0.69622606,313.35403,236.28781,222.27634,299.15573,36.076733,-20.07008,16.193481,-4.5157197439423034e-05
2020-05-19 12:00:00,-1.0335487,-3.2757077,0.6904668,300.45605,225.31822,231.42622,300.15982,34.48871,-21.707073,19.185871,-0.00021578570193915098
2020-05-20 12:00:00,-3.0535007,-3.1593242,0.69135517,247.17638,187.20271,263.68024,301.63403,2.5128067,-13.652516,10.8801565,-0.0003253324217668377
2020-05-21 12:00:00,-3.1502903,-4.8743973,0.6990932,320.3206,241.29475,220.88152,293.0225,17.411125,-7.979505,16.316477,-1.8937899589174778e-08
2020-05-22 12:00:00,-2.9071548,-4.721227,0.6927606,324.63623,240.96997,219.1532,293.79413,24.392658,-16.768888,16.6491,-6.160612938164402e-08
2020-05-23 12:00:00,-4.274628,-5.242015,0.6871491,332.241,242.8,214.48698,291.46695,9.588735,-6.4003906,15.649372,-2.0999549796464755e-06
2020-05-24 12:00:00,-3.5522878,-5.255811,0.6881437,342.05145,247.65382,214.09946,291.59903,13.322568,-6.485418,23.735205,-1.0095496692580606e-06
2020-05-25 12:00:00,-2.7993088,-4.515387,0.6894409,347.6141,249.13455,214.04527,294.88605,19.785847,-13.889503,23.535122,-3.686849012835494e-07
2020-05-26 12:00:00,-3.5444343,-4.735286,0.6969329,322.67114,236.22586,220.34622,293.91342,18.491943,-13.501493,17.868532,-3.128034159801917e-11
2020-05-27 12:00:00,-3.7105463,-4.866431,0.6922493,299.96527,219.56044,235.16176,293.22662,8.357663,-11.04382,19.653809,-4.805923801731942e-07
2020-05-28 12:00:00,-3.142855,-3.655393,0.69003814,296.96088,216.37517,244.57628,298.85165,2.0659523,-6.7092414,21.667044,-3.1745959383502053e-06
2020-05-29 12:00:00,-4.1413536,-5.147559,0.6938753,349.3143,256.60464,215.19284,292.221,5.4656825,-4.6711116,16.476059,-1.0414457184552234e-06
2020-05-30 12:00:00,-4.9019394,-5.724763,0.69638306,337.9749,249.7261,218.30025,289.48926,2.2799175,-3.195568,16.144148,-4.913729625068151e-10
2020-05-31 12:00:00,-4.707108,-5.382309,0.692928,327.13303,240.5019,227.2766,290.91037,5.218398,-9.799179,18.416565,-6.3716493113691615e-12
2020-06-01 12:00:00,-5.847702,-5.799456,0.69438225,343.8637,253.90465,218.15782,288.62436,0.6933609,-4.4225535,15.76333,-2.5584402188496484e-13
2020-06-02 12:00:00,-6.9257956,-7.6098223,0.70098865,344.50922,257.67432,209.54555,280.69037,4.8022866,-8.704394,11.787971,3.1031758552039987e-15
2020-06-03 12:00:00,-5.028203,-4.932992,0.69566876,271.98077,203.98584,260.28046,292.77057,2.5172424,-24.35621,13.6658535,-4.853797544654289e-12
2020-06-04 12:00:00,-4.904781,-4.9923124,0.700399,340.78802,253.62978,228.01009,292.9649,1.2611828,-4.416644,19.04797,-1.205390420650559e-12
2020-06-05 12:00:00,-5.4066596,-6.6412735,0.7013058,374.9585,277.5207,205.0358,285.7341,4.544795,-4.383775,16.900522,1.9913894827882777e-15
2020-06-06 12:00:00,-5.294595,-6.459338,0.6950293,385.8977,281.27774,198.23264,285.7613,9.176649,-5.4674454,20.800512,-3.247870048191904e-10
2020-06-07 12:00:00,-3.6654983,-6.09842,0.69379264,391.66577,280.4183,197.87004,288.09195,16.289541,-10.237012,27.07809,-2.984549595677708e-07
2020-06-08 12:00:00,-3.8954163,-5.6029425,0.6937022,392.35205,281.88867,199.9751,290.24478,13.514852,-9.1412525,24.567293,-2.0599558723492858e-07
2020-06-09 12:00:00,-3.5034516,-5.0010695,0.6938177,390.87277,279.53833,204.57632,293.00177,12.924868,-7.593422,28.24044,-1.5493577799979446e-07
2020-06-10 12:00:00,-2.1147723,-3.8785787,0.686718,389.09348,273.56314,210.19849,297.83182,16.829538,-7.6139483,37.11259,-1.443124907516158e-07
2020-06-11 12:00:00,1.3811702,-0.9847344,0.65728325,220.3335,152.12903,282.37418,312.20947,32.39512,-4.7737646,65.990524,-0.24039788504575946
2020-06-12 12:00:00,-0.43452945,-1.4904698,0.6794549,292.28537,196.62961,264.86118,308.76877,17.824177,-25.96572,43.60662,0.054574392436399125
2020-06-13 12:00:00,0.8872952,-1.4921572,0.6647655,367.80316,228.34549,235.86916,309.30325,15.957413,-8.130905,73.85008,0.9651827695055849
2020-06-14 12:00:00,3.7527046,-0.62382585,0.64769214,378.64227,220.46776,236.09482,317.80786,29.892147,-29.419954,76.93367,4.477527302884477
2020-06-15 12:00:00,1.1703694,-1.2119818,0.6443997,367.3115,205.42735,232.62212,314.48877,4.5190687,-18.94571,65.59084,2.408796657135634
2020-06-16 12:00:00,0.82270354,-1.4030176,0.64226025,374.30362,197.49045,230.60304,315.47397,-4.1748457,-21.393564,66.37384,2.368578885812967
2020-06-17 12:00:00,0.1292835,-1.5456259,0.6422685,371.17697,197.97168,229.40096,315.813,-14.113486,-29.590403,43.08937,1.69543371867735
2020-06-18 12:00:00,0.016422136,-1.6860263,0.64006346,368.30203,196.50948,227.38547,315.80106,-13.253464,-21.343328,48.780174,1.6380782164494738
2020-06-19 12:00:00,0.19727953,-1.6078824,0.6238118,366.88226,189.96596,225.56471,316.6154,-17.750269,-13.965643,54.14972,1.7947111893224785
2020-06-20 12:00:00,2.9556317,-0.7581344,0.6100806,338.30817,166.93784,243.33228,321.04694,20.122578,-42.79699,70.981255,5.858077203292373
2020-06-21 12:00:00,4.9976277,-0.3699077,0.5595357,372.4315,171.64798,236.51765,328.83185,14.162286,-42.60714,80.02446,11.523275339069665
2020-06-22 12:00:00,3.0303571,-0.1895395,0.54668343,176.82947,86.111244,286.616,325.5977,1.2024657,-17.573643,35.365356,6.125380149616392
2020-06-23 12:00:00,1.6108724,-0.10639457,0.5393134,325.67892,144.65062,264.5327,325.2816,-21.958117,-25.811047,72.51027,8.316612964270888
2020-06-24 12:00:00,4.1680803,-0.3140761,0.552049,370.64502,158.6177,243.02666,332.08444,-15.866476,-23.89739,83.20566,8.357214245855705
2020-06-25 12:00:00,2.3261743,-0.22284624,0.55173635,321.61874,140.3168,257.76752,329.97272,-23.375156,-15.332199,70.38939,8.954663910846902
2020-06-26 12:00:00,3.354581,-0.11344522,0.5459796,316.03705,128.04288,265.88885,332.26837,-23.828,-6.533458,91.2532,12.465577039432858
2020-06-27 12:00:00,5.4306097,-0.1643327,0.5433647,369.71512,144.05751,247.39299,341.93314,-29.372057,-5.185986,96.55942,15.678923934597686
2020-06-28 12:00:00,5.9889884,-0.22173892,0.5438471,371.27817,145.60522,243.78174,344.9296,-28.337498,-7.6095395,88.57805,16.229830566161173
2020-06-29 12:00:00,6.300682,-0.03924324,0.51733035,363.66693,141.14384,246.84953,343.1373,-34.512047,-3.7325222,87.99075,26.137665821192638
2020-06-30 12:00:00,3.7364175,-0.13006686,0.505978,353.58212,138.55962,243.62512,339.2331,-47.95847,-0.40323386,71.05283,17.22467508374472
2020-07-01 12:00:00,4.141494,0.07983063,0.50171995,311.57028,121.40257,258.41147,337.91846,-41.823566,1.8947601,70.73192,19.215151308606476
2020-07-02 12:00:00,7.445623,0.06047455,0.49887118,341.80533,132.31372,258.4604,346.5934,-28.571547,-0.5033158,92.283714,21.71250974188498
2020-07-03 12:00:00,6.7180405,0.034321677,0.49826816,344.45258,131.94048,255.72282,348.32706,-34.217915,-0.40016007,85.289795,22.313756741194187
2020-07-04 12:00:00,5.7808595,-0.15280686,0.48782197,351.61746,134.2399,250.86374,345.87137,-43.38018,-0.02511566,78.96464,20.325059033954844
2020-07-05 12:00:00,5.291407,-0.086753264,0.49275854,303.85574,117.2466,261.99512,344.12418,-35.19637,0.05552755,69.33925,17.74633791589029
2020-07-06 12:00:00,6.6452994,0.15718457,0.48823217,280.9572,109.58959,284.65298,346.42383,-25.723782,1.6116107,85.4846,28.10940335815654
2020-07-07 12:00:00,7.345071,0.11461969,0.4893915,311.60678,120.20487,266.3262,347.9354,-26.546972,-2.078311,81.16744,24.055460464816466
2020-07-08 12:00:00,7.7783713,0.19192031,0.48719448,356.8362,135.71948,249.30125,349.11472,-32.55435,-3.8985457,84.85037,27.75659684231556
2020-07-09 12:00:00,7.480044,0.08932621,0.48825565,361.93408,137.71744,240.96997,344.64322,-26.435394,-13.805838,80.30216,28.51751637794908
2020-07-10 12:00:00,5.666888,0.2352538,0.49735117,223.3373,88.18902,273.35205,339.32944,-16.472109,-6.3657355,46.333057,26.62030990748506
2020-07-11 12:00:00,4.671729,0.34863743,0.50677085,274.2274,108.99935,275.67792,335.60202,-21.960855,-5.3467517,77.99632,30.162061492634972
2020-07-12 12:00:00,6.8355317,0.3781212,0.48805317,335.14926,128.28835,255.95354,346.16827,-32.970158,0.087592535,83.76362,23.037735083834697
2020-07-13 12:00:00,6.010815,0.14777708,0.48895526,345.76514,132.03989,245.16165,345.72803,-40.764595,-4.5403905,67.85389,18.552594463386217
2020-07-14 12:00:00,3.435755,0.18348007,0.5180367,266.2377,110.832924,269.2075,333.17838,-47.497505,-7.1422305,36.794163,19.818698453220428
2020-07-15 12:00:00,4.090542,0.27652717,0.49937826,174.57439,73.11897,301.57144,334.25732,-14.670108,1.0047598,55.104183,21.462033967653273
2020-07-16 12:00:00,5.2621818,0.4690694,0.48418218,270.29352,105.16878,283.31964,341.2042,-27.646994,3.7414372,83.33463,31.645496493880742
2020-07-17 12:00:00,5.910981,0.45423883,0.4885076,256.9601,100.19519,281.3418,339.63602,-14.535619,0.16309595,84.098175,41.538271301255094
2020-07-18 12:00:00,7.952058,0.48018432,0.4889557,237.00317,93.137955,293.54263,346.35052,0.19099753,-8.5099535,82.738365,34.547932210308154
2020-07-19 12:00:00,8.375892,0.4451371,0.4886048,219.66406,86.09267,295.43063,348.5396,-13.83851,-3.7506146,62.873295,20.335729714924685
2020-07-20 12:00:00,9.610191,0.4958237,0.48827597,253.69186,99.668526,297.78024,353.4998,-20.395731,-0.10456198,77.80351,21.536813579129184
2020-07-21 12:00:00,8.5230665,0.44930172,0.48649973,292.35773,111.054214,266.62433,351.35416,-24.895956,-2.8802302,68.79749,22.17414510558673
2020-07-22 12:00:00,8.404547,0.48535052,0.48780507,321.3298,122.028145,251.78133,351.1412,-13.769257,-4.077351,82.09518,30.32707959580656
2020-07-23 12:00:00,9.190202,0.4622565,0.48687416,317.5302,119.995346,254.50099,352.529,-19.661936,-5.032811,74.81212,26.07917514233833
2020-07-24 12:00:00,8.025697,0.35314035,0.48271418,313.99832,116.915146,251.8947,351.15424,-26.7209,-2.469377,68.63336,19.514143199965932
2020-07-25 12:00:00,5.855057,0.49589533,0.47144917,302.67987,110.12473,249.55412,344.73834,-32.26172,1.7274722,66.83668,26.117162598182084
2020-07-26 12:00:00,6.460093,0.40789455,0.46650758,302.99673,108.28303,250.35013,346.77338,-30.5236,0.44039008,68.20726,23.208192832536092
2020-07-27 12:00:00,5.924178,0.30147225,0.46710873,302.86215,109.15637,244.46648,343.61914,-37.594143,-1.6382903,55.320683,16.673805391328717
2020-07-28 12:00:00,6.050302,0.25854042,0.47239646,287.8147,103.23327,245.87581,343.41733,-23.906782,-6.3240104,56.80911,17.271720532242067
2020-07-29 12:00:00,5.304564,0.10233947,0.47121054,276.0833,100.36224,248.10341,340.22348,-31.421152,-1.3664981,50.81335,17.025349739768707
2020-07-30 12:00:00,4.007859,0.5151482,0.4711326,232.28966,85.96509,266.62405,336.32626,-34.5105,-5.653867,36.457993,17.914660432436197
2020-07-31 12:00:00,3.674909,0.4802974,0.47038752,213.65848,79.85296,268.39993,336.49112,-22.33251,-4.5034876,38.878326,13.678962093864369
2020-08-01 12:00:00,3.9227738,0.059315886,0.46883613,266.79962,95.79792,245.42789,338.20624,-26.236612,-5.956327,46.030422,11.492705441956439
2020-08-02 12:00:00,3.022908,0.022808416,0.50137085,95.02882,41.779182,291.10617,327.28027,-1.5961093,-20.49332,-5.013899,9.025235296431962
2020-08-03 12:00:00,1.0609767,0.25261015,0.5751117,180.24654,78.471016,283.32953,323.69073,-20.268444,-33.658546,7.4873238,6.34497670489826
2020-08-04 12:00:00,0.48539686,-0.23232105,0.6514887,109.04057,55.28375,289.3365,319.73245,-10.886644,-18.347134,-5.872919,1.313734661694929
2020-08-05 12:00:00,-0.33859485,-2.0229173,0.67253673,244.47124,109.50317,237.62195,314.51855,-15.686696,-32.41702,9.967758,0.15652996185036408
2020-08-06 12:00:00,1.2827803,-2.9891493,0.6626482,269.1992,121.16004,220.03043,318.0233,-13.225217,-14.902141,21.918938,0.18140133807977948
2020-08-07 12:00:00,3.8998494,-1.3719609,0.6415819,254.86806,113.415596,238.35934,329.7426,-13.894902,-4.775392,31.39889,2.5539618592688664
2020-08-08 12:00:00,3.1754305,-0.9835599,0.5947496,251.2937,109.62608,237.42989,329.5025,-20.112457,-1.8911135,27.59143,4.398555648761829
2020-08-09 12:00:00,3.3040864,-0.9688811,0.5880574,221.03445,96.38941,244.03882,329.16315,-9.746871,-6.420746,23.353096,3.9245652505821442
2020-08-10 12:00:00,3.934397,-1.4013922,0.5828582,241.34859,105.236855,233.88036,328.28006,-2.5288265,-12.383809,26.799385,5.432481893812464
2020-08-11 12:00:00,2.6255453,-1.1122059,0.58525854,222.94475,96.88869,233.97469,325.05865,-11.461258,-10.690211,12.820622,4.570146622511979
2020-08-12 12:00:00,0.8480764,-2.776118,0.5826975,238.89151,103.34991,222.63403,317.9103,-20.522417,-5.145798,14.597105,2.47986834534131
2020-08-13 12:00:00,1.8393351,0.024828332,0.5580405,106.04224,49.8514,284.20316,322.94846,-4.50882,-16.031628,-3.0949097,5.461082734909731
2020-08-14 12:00:00,2.833174,-0.085595675,0.53971016,204.02762,89.236305,258.71103,326.89047,-5.3916545,-12.869563,28.35065,7.496533786432474
2020-08-15 12:00:00,2.866059,-1.80837,0.53658354,207.17737,88.50915,237.04094,322.91568,-7.3025537,-5.0231333,20.467793,4.01591304660234
2020-08-16 12:00:00,2.480924,-1.3723831,0.5441999,222.15065,95.40241,226.21619,320.4435,-1.2610986,-25.20487,6.054943,4.338358885909862
2020-08-17 12:00:00,3.2849636,-0.6457423,0.54252476,126.007675,56.158527,264.32315,323.22968,29.98945,-31.773106,9.15897,4.721843767295273
2020-08-18 12:00:00,4.7799363,0.616275,0.5000412,82.7052,38.934624,312.44302,330.9401,58.03031,-32.616302,50.687515,23.141516239223762
2020-08-19 12:00:00,4.9895163,0.65538037,0.48159695,63.600624,25.882198,313.62662,330.49643,65.26613,-6.04272,80.07203,47.053685698736025
2020-08-20 12:00:00,5.315053,0.6580772,0.46843654,59.550316,25.240885,321.18634,331.6176,79.493095,-9.467677,93.90358,66.67263045578866
2020-08-21 12:00:00,3.016546,0.548318,0.46799412,136.52492,48.79547,292.701,329.79935,0.7953695,-14.380317,37.04614,18.832485408931824
2020-08-22 12:00:00,1.1975477,-1.3113588,0.472138,138.79556,49.15546,259.10873,320.37595,-5.609118,-10.207121,12.556656,3.827344862855932
2020-08-23 12:00:00,1.6557949,0.3842702,0.5896041,79.725914,38.18792,307.4144,325.47632,-6.709661,-6.6397376,10.126675,1.6754756498625112
2020-08-24 12:00:00,0.70529807,-0.101010494,0.68875974,106.132675,52.271755,294.91287,320.9542,-10.610654,-13.129212,4.079734,2.6328344101458487
2020-08-25 12:00:00,0.9346449,-0.0681746,0.64994943,39.745018,21.489962,306.26108,318.67163,5.628617,-10.139221,1.3338985,0.08223327446348927
2020-08-26 12:00:00,1.3333683,0.11440536,0.5886928,35.794758,19.905811,310.23932,319.71747,15.712472,-20.922543,1.2007256,6.532424788601043
2020-08-27 12:00:00,0.87090766,-0.1746565,0.6186347,48.172504,24.757364,310.37738,317.57553,19.13727,-30.166891,5.1873684,2.1510122066085438
2020-08-28 12:00:00,2.2637227,-0.1794935,0.5802229,123.31874,52.97519,276.9224,321.52704,10.314619,-16.389326,19.664202,2.8869530198309628
2020-08-29 12:00:00,2.6101964,-2.8271325,0.5851898,159.52727,66.65696,236.58524,312.9763,8.217775,-12.538592,12.158439,1.1172033898656124
2020-08-30 12:00:00,0.46120542,-2.9554904,0.586419,157.47012,65.81947,222.75642,308.52313,20.04077,-24.719975,1.2047367,0.9215306943532404
2020-08-31 12:00:00,-0.53684413,-3.535349,0.5837499,103.73345,44.685505,245.35178,306.11154,6.3876433,-7.8146887,-3.138864,0.24465770502926987
2020-09-01 12:00:00,-1.7141238,-3.1104121,0.5819808,105.13004,47.442005,255.07796,305.55588,-5.1371627,-7.134362,-5.0614076,0.04876832955728763
2020-09-02 12:00:00,-3.1389139,-5.17363,0.5852133,137.24443,58.524803,217.63486,296.89432,4.4059534,-9.047463,-5.181343,0.008071629317934816
2020-09-03 12:00:00,-3.0329874,-4.8685074,0.58285075,136.74162,56.383625,218.42625,297.5233,5.826381,-10.714096,-3.6267438,-4.853994771428137e-05
2020-09-04 12:00:00,-3.735029,-6.9644656,0.5845686,138.27676,57.642735,206.54953,290.85306,4.006968,-8.733228,-8.395754,-9.764799966891033e-08
2020-09-05 12:00:00,-4.0239625,-7.915599,0.5850162,137.44202,57.40215,199.47128,287.91425,9.921721,-10.878303,-9.359673,-2.2245121046160318e-08
2020-09-06 12:00:00,-3.0915096,-8.119206,0.58366936,130.53337,54.93045,198.99348,287.42117,15.967459,-15.905748,-12.763058,-3.6126121588152345e-07
2020-09-07 12:00:00,-4.5420947,-8.203841,0.5891305,113.15666,46.810265,209.45421,285.48428,3.600677,-3.5373514,-9.620352,-6.479416648739703e-10
2020-09-08 12:00:00,-4.5648913,-6.319969,0.6083227,87.3961,38.098667,233.53972,290.22888,6.401502,-11.270011,-12.260237,-3.40591616328115e-11
2020-09-09 12:00:00,-4.735946,-7.1262975,0.60620296,112.83275,47.8385,209.38748,287.95123,11.746713,-7.6068563,-9.429647,-1.94444928626122e-11
2020-09-10 12:00:00,-4.441154,-6.87602,0.6165251,52.731995,25.15923,248.11363,287.89923,5.5220346,-4.4592824,-11.150082,-2.758809152499856e-06
2020-09-11 12:00:00,-2.2149618,-2.9029307,0.6704115,56.040405,26.77492,284.58014,304.62143,6.874701,-12.658424,3.4404716,-0.0002480646784329455
2020-09-12 12:00:00,-3.5264742,-4.700029,0.67884916,73.19318,33.23693,257.34525,296.3659,14.021739,-24.401554,-9.44423,-4.3741436789619895e-05
2020-09-13 12:00:00,-5.833238,-6.747883,0.6577993,70.765,31.13307,237.08504,286.24936,19.485077,-25.657087,-15.704405,-1.5667426787289462e-10
2020-09-14 12:00:00,-3.6420195,-4.451846,0.63349205,67.34657,30.045546,258.78146,295.85992,17.567917,-28.057802,-10.267321,-6.5391515077593175e-09
2020-09-15 12:00:00,-6.069616,-10.22447,0.63068056,98.38536,41.9166,192.26787,275.97833,16.298101,-7.328597,-18.272198,3.103769248905497e-15
2020-09-16 12:00:00,-8.126336,-12.289695,0.6316286,96.819145,41.324768,177.30983,269.14523,19.997177,-7.9573965,-24.301247,3.103769248905497e-15
2020-09-17 12:00:00,-6.844812,-9.969169,0.6279868,67.1883,29.000051,205.53673,276.82755,21.178232,-2.1086266,-14.032964,-1.4223332208771033e-12
2020-09-18 12:00:00,-7.0849013,-10.687998,0.63126916,85.46821,36.387512,195.69044,275.11908,17.228603,-3.5660272,-16.685362,3.103769269777971e-15
2020-09-19 12:00:00,-7.986467,-11.169089,0.63387054,74.155235,31.130568,192.40227,271.93326,22.069668,-3.1712182,-17.607876,3.103769269777971e-15
2020-09-20 12:00:00,-6.856087,-9.305931,0.6341159,50.254875,21.233463,227.04025,280.4004,11.416457,1.0345324,-11.887736,3.103769269777971e-15
2020-09-21 12:00:00,-8.588188,-12.890814,0.6467418,61.66593,27.159058,204.33443,267.83328,7.017575,0.20742477,-21.766983,3.1011728489583255e-15
2020-09-22 12:00:00,-9.905881,-12.425378,0.65092164,54.238323,23.837957,206.86879,268.19913,11.973086,-1.4910746,-20.44796,3.1031758552039987e-15
2020-09-23 12:00:00,-10.199771,-11.739966,0.6529274,40.78258,18.441607,213.79907,267.98285,19.865133,-13.834101,-25.81177,3.1028914960669667e-15
2020-09-24 12:00:00,-7.543592,-9.264664,0.6469502,52.06942,23.332546,222.46227,276.7487,21.616917,-14.149618,-18.08225,3.1035089708068497e-15
2020-09-25 12:00:00,-8.360573,-14.50589,0.65205747,62.432,26.809526,181.92648,259.32138,21.219278,-7.577357,-28.1305,3.103769248905497e-15
2020-09-26 12:00:00,-10.264376,-14.94235,0.6531492,57.85561,24.93445,178.7123,258.09518,22.996687,-2.005535,-25.47058,3.103769248905497e-15
2020-09-27 12:00:00,-11.0020075,-14.949897,0.6515259,53.942356,23.049578,186.35951,258.1104,20.910233,-4.0692945,-24.017185,3.1037692508477968e-15
2020-09-28 12:00:00,-11.651445,-15.762101,0.65580577,51.054638,21.986572,181.49146,255.16716,22.660385,-2.350414,-24.297668,3.103769269777971e-15
2020-09-29 12:00:00,-10.654317,-15.23383,0.6559494,38.26818,15.840142,195.92502,257.86218,22.387297,-1.9896333,-19.111462,3.103769269777971e-15
2020-09-30 12:00:00,-12.486728,-16.085724,0.6647482,45.95788,19.933918,177.55876,253.19316,25.474161,-4.576515,-28.712793,3.103769269777971e-15
2020-10-01 12:00:00,-12.410536,-16.384615,0.6662906,43.94068,19.082052,172.61638,252.19237,34.83927,-6.3299813,-26.20807,3.1011728489583255e-15
2020-10-02 12:00:00,-5.6030087,-9.54479,0.66706264,36.73365,15.34139,195.42375,276.19998,68.96067,-6.875207,2.7014952,-4.78350864764196e-10
2020-10-03 12:00:00,-4.0076704,-6.5943046,0.66619,17.039227,8.358618,250.44423,288.33725,27.85403,1.4624912,0.10410988,-4.8776909372579105e-12
2020-10-04 12:00:00,-7.2814155,-10.592061,0.67068857,32.69238,14.379025,218.71335,272.7202,19.728546,-3.1811965,-19.146162,3.1035089708068497e-15
2020-10-05 12:00:00,-8.805411,-11.076353,0.67182297,24.127823,10.303426,204.1969,269.29428,34.44794,-3.2855535,-20.110596,3.103769248905497e-15
2020-10-06 12:00:00,-10.093162,-13.815007,0.67947763,29.669712,13.001718,190.84033,260.16214,22.562881,0.99312407,-29.097807,3.103769248905497e-15
2020-10-07 12:00:00,-11.040639,-17.038523,0.6840518,28.793934,12.641509,177.51936,249.59189,24.757742,0.018956115,-31.143404,3.1037692508477968e-15
2020-10-08 12:00:00,-9.518471,-14.701284,0.6812501,23.066498,10.010104,186.40604,257.80106,44.409725,-2.965243,-16.894144,3.103769269777971e-15
2020-10-09 12:00:00,-4.777057,-8.360994,0.67542315,13.316585,5.87176,230.86795,281.29916,62.944756,-17.908642,2.0497246,-1.1299631087775898e-06
2020-10-10 12:00:00,-3.8849607,-8.283624,0.6675913,21.24534,9.324391,214.44727,281.5815,71.09601,-18.530657,-2.6479473,-1.909524469782315e-09
2020-10-11 12:00:00,-0.21825449,-3.6455014,0.63010895,14.224692,6.2795706,232.38771,300.00748,116.064644,-42.861755,13.528244,-7.170330862353279e-08
2020-10-12 12:00:00,-1.9015414,-3.3315785,0.6342639,9.51039,4.601565,278.0676,301.51172,42.384926,-15.683397,8.166231,-0.001021922658787588
2020-10-13 12:00:00,-6.0280576,-9.205619,0.6478358,15.279979,6.785972,219.18826,276.56448,28.400055,-5.074055,-25.556213,-5.367694439177084e-11
2020-10-14 12:00:00,-3.4057698,-7.7264023,0.64615625,13.18689,5.8372874,215.2722,283.3349,66.35516,-9.629943,-3.987876,-4.9782265757178306e-08
2020-10-15 12:00:00,-1.9470193,-5.1758456,0.64752764,11.659371,5.239759,221.39366,292.4348,85.586235,-24.404661,-3.43997,-8.523516813606507e-06
2020-10-16 12:00:00,-2.5610425,-6.0305505,0.6401866,3.7721608,1.9871606,249.37712,290.3544,59.64752,-20.73175,-0.27651215,-9.213883658911242e-05
2020-10-17 12:00:00,-0.087563686,-2.150809,0.66906863,3.3215327,1.8667847,296.00467,307.33203,27.908535,-2.3284814,15.707439,-0.04402122484110156
2020-10-18 12:00:00,-1.791484,-2.9567177,0.6888233,5.140881,2.430414,277.2564,302.2971,39.236736,-11.769963,5.1365595,-0.0018811310083670305
2020-10-19 12:00:00,-2.2588851,-4.8167486,0.6922989,4.221161,2.0125008,238.45222,293.97174,61.976826,-14.443512,-5.777542,-0.0018900392934865869
2020-10-20 12:00:00,-4.040258,-5.6477714,0.6893226,5.2063785,2.428356,237.95476,290.11636,38.325035,-7.2844005,-18.342949,-2.604493526036208e-05
2020-10-21 12:00:00,-8.454354,-10.98839,0.6902143,3.7994304,1.7861525,211.75594,269.1097,22.837618,2.0901651,-30.412712,3.1011728489583255e-15
2020-10-22 12:00:00,-6.980606,-8.388118,0.6916952,2.1999776,1.1462518,262.6174,281.03046,9.332579,-0.46282497,-8.489575,3.1031758552039987e-15
2020-10-23 12:00:00,-7.085946,-7.8324084,0.7005171,1.7078601,0.92733544,266.80182,282.56592,8.220671,-1.9865354,-8.749439,3.1028914960669667e-15
2020-10-24 12:00:00,-9.269049,-9.425105,0.7072288,1.4615039,0.7626743,256.31586,274.96002,9.399917,-12.907587,-21.453007,3.1035089708068497e-15
2020-10-25 12:00:00,-9.204237,-9.808589,0.70515186,1.3853923,0.6846442,232.46669,273.06244,23.01007,-16.774803,-33.659733,3.103769248905497e-15
2020-10-26 12:00:00,-13.683492,-15.070279,0.7098685,1.0231885,0.52585304,192.33122,253.11984,17.815907,-2.5062966,-44.981674,3.103769248905497e-15
2020-10-27 12:00:00,-14.619537,-16.476103,0.71033,0.5666067,0.2895779,176.6841,247.6371,38.692593,-10.176276,-42.159657,3.1037692508477968e-15
2020-10-28 12:00:00,-11.879021,-12.669607,0.7076998,0.21077006,0.112497754,225.73343,262.04337,24.165182,-13.283214,-25.329697,3.103769269777971e-15
2020-10-29 12:00:00,-14.325897,-17.874693,0.71103233,0.061764926,0.034737974,179.54153,243.53738,18.24378,1.607784,-44.11726,3.103769269777971e-15
2020-10-30 12:00:00,-10.241095,-11.978599,0.708916,0.0,0.0,229.27751,264.23334,35.804596,-7.73223,-6.88346,3.103769269777971e-15
2020-10-31 12:00:00,-11.621351,-13.195886,0.710035,0.0,0.0,215.39049,259.25797,22.343899,1.0877428,-20.435837,3.103769269777971e-15
2020-11-01 12:00:00,-15.228295,-18.486023,0.7114491,0.0,0.0,174.64359,238.77367,20.21732,4.7969246,-39.115837,3.1011728489583255e-15
2020-11-02 12:00:00,-16.70313,-18.85975,0.71500164,0.0,0.0,187.46701,235.46687,16.552883,-0.22993143,-31.67691,3.1031758552039987e-15
2020-11-03 12:00:00,-15.913077,-18.518908,0.7183575,0.0,0.0,177.79408,236.27028,29.430693,-2.7247396,-31.770243,3.1028914960669667e-15
2020-11-04 12:00:00,-18.473806,-19.652475,0.7139157,0.0,0.0,185.84671,233.3628,9.960838,-0.30776772,-37.86301,3.1035089708068497e-15
2020-11-05 12:00:00,-20.804949,-21.101467,0.71357244,0.0,0.0,186.53845,226.71126,8.557617,-0.65051794,-32.265705,3.103769248905497e-15
2020-11-06 12:00:00,-22.817755,-24.783634,0.71452415,0.0,0.0,151.05894,212.77634,17.966507,1.1177894,-42.633095,3.103769248905497e-15
2020-11-07 12:00:00,-24.239162,-26.247793,0.7180158,0.0,0.0,142.4207,207.26842,21.681702,0.81312263,-42.352894,3.1037692508477968e-15
2020-11-08 12:00:00,-25.086382,-25.951382,0.7205072,0.0,0.0,136.92941,207.26144,30.557402,-0.44085592,-40.215485,3.103769269777971e-15
2020-11-09 12:00:00,-23.370157,-27.511332,0.71999073,0.0,0.0,134.00114,202.65811,32.013805,-1.2672768,-37.91044,3.103769269777971e-15
2020-11-10 12:00:00,-21.089417,-25.575602,0.7178361,0.0,0.0,141.42123,209.3025,39.18852,-1.4649857,-30.157738,3.103769269777971e-15
2020-11-11 12:00:00,-16.874754,-19.473085,0.7169804,0.0,0.0,159.69168,230.44821,60.670933,-0.5810303,-10.666628,3.1011728489583255e-15
2020-11-12 12:00:00,-12.332564,-12.853799,0.71256214,0.0,0.0,227.94841,258.39825,46.26458,-13.964094,1.8506413,3.1031758552039987e-15
2020-11-13 12:00:00,-15.61951,-15.782705,0.7121974,0.0,0.0,211.66295,246.18596,15.380553,-1.4474269,-20.589884,3.1028914960669667e-15
2020-11-14 12:00:00,-17.874702,-17.811428,0.712541,0.0,0.0,183.51674,236.61697,36.3832,-2.5367825,-19.253817,3.1035089708068497e-15
2020-11-15 12:00:00,-12.566491,-11.980336,0.7106465,0.0,0.0,245.22632,260.58286,16.834568,-5.386483,-3.908452,3.103769248905497e-15
2020-11-16 12:00:00,-17.290197,-16.220785,0.7101411,0.0,0.0,214.26988,241.47253,16.160963,-7.469192,-18.510881,3.103769248905497e-15
2020-11-17 12:00:00,-9.812631,-9.922324,0.7100858,0.0,0.0,253.84306,269.30124,28.19641,-4.3258123,8.412421,3.1037692508477968e-15
2020-11-18 12:00:00,-5.709206,-5.919324,0.7135201,0.0,0.0,282.59348,288.04,20.90811,-5.7429376,9.718639,3.103769269777971e-15
2020-11-19 12:00:00,-5.6744437,-5.8880243,0.71727246,0.0,0.0,277.99637,288.09714,24.494995,-12.128169,2.266057,3.103769269777971e-15
2020-11-20 12:00:00,-6.799615,-7.398892,0.71458244,0.0,0.0,257.90915,280.9014,27.742018,-5.7030096,-0.9532404,3.103769269777971e-15
2020-11-21 12:00:00,-14.00663,-13.408386,0.71247596,0.0,0.0,235.56465,253.68275,1.7162087,-0.4554384,-16.857332,3.1011728489583255e-15
2020-11-22 12:00:00,-17.63319,-18.836863,0.71508735,0.0,0.0,184.00449,230.15805,21.548811,2.818909,-21.785845,3.1031758552039987e-15
2020-11-23 12:00:00,-17.455685,-18.079258,0.712062,0.0,0.0,203.3109,232.84242,19.377909,0.8342613,-9.319355,3.1028914960669667e-15
2020-11-24 12:00:00,-14.08045,-14.093677,0.7120112,0.0,0.0,224.60359,250.02626,23.450848,-4.234344,-6.206165,3.1035089708068497e-15
2020-11-25 12:00:00,-19.172703,-20.689436,0.7156368,0.0,0.0,162.82251,222.20715,32.62785,-0.69928676,-27.456081,3.103769248905497e-15
2020-11-26 12:00:00,-23.058773,-24.540453,0.71217066,0.0,0.0,155.15233,207.85716,26.343527,0.2807727,-26.080534,3.103769248905497e-15
2020-11-27 12:00:00,-21.026445,-19.99612,0.7119533,0.0,0.0,192.79468,225.02013,23.08347,-4.9420094,-14.083988,3.1037692508477968e-15
2020-11-28 12:00:00,-20.703314,-19.284674,0.7119525,0.0,0.0,200.26204,227.73396,18.496212,-3.7770522,-12.752764,3.103769269777971e-15
2020-11-29 12:00:00,-25.915104,-24.510601,0.71348184,0.0,0.0,164.76628,207.45396,16.932955,0.20323634,-25.551493,3.103769269777971e-15
2020-11-30 12:00:00,-25.964474,-25.6906,0.7156086,0.0,0.0,152.11775,201.82167,29.648458,-0.0026346615,-20.058094,3.103769269777971e-15
2020-12-01 12:00:00,-20.794188,-19.914331,0.71142167,0.0,0.0,211.6964,225.58792,10.245683,-2.4413512,-6.0871935,3.1011728489583255e-15
2020-12-02 12:00:00,-17.442078,-16.215435,0.7113369,0.0,0.0,223.96066,240.67007,18.478832,-7.528427,-5.7590065,3.1031758552039987e-15
2020-12-03 12:00:00,-19.658995,-19.194355,0.7125535,0.0,0.0,197.77354,229.33926,13.689755,-1.8564204,-19.732386,3.1028914960669667e-15
2020-12-04 12:00:00,-26.683807,-27.153002,0.7171293,0.0,0.0,133.2565,196.62366,34.70517,1.0381966,-27.62379,3.1035089708068497e-15
2020-12-05 12:00:00,-27.189074,-27.857286,0.71650875,0.0,0.0,131.79756,193.5344,36.855778,0.0943401,-24.786715,3.103769248905497e-15
2020-12-06 12:00:00,-21.729353,-21.88597,0.7108664,0.0,0.0,193.37709,217.24161,18.230967,-1.1464206,-6.779971,3.103769248905497e-15
2020-12-07 12:00:00,-22.383226,-22.310364,0.7125629,0.0,0.0,175.78093,215.15797,22.184237,0.031682525,-17.161125,3.1037692508477968e-15
2020-12-08 12:00:00,-22.020182,-22.328033,0.7123037,0.0,0.0,176.3456,215.55296,26.881485,2.187185,-10.138697,3.103769269777971e-15
2020-12-09 12:00:00,-20.956875,-21.268644,0.7110713,0.0,0.0,188.32874,219.76517,20.307081,2.1154675,-9.013884,3.103769269777971e-15
2020-12-10 12:00:00,-13.40973,-13.60998,0.71083015,0.0,0.0,240.84608,252.247,18.376278,-0.022155285,6.953213,3.103769269777971e-15
2020-12-11 12:00:00,-9.360838,-9.568162,0.71073943,0.0,0.0,249.7722,270.2736,35.807762,-9.62934,5.6770334,3.1011728489583255e-15
2020-12-12 12:00:00,-10.058648,-10.622317,0.7104861,0.0,0.0,224.19365,265.1108,47.653744,-11.801709,-5.0651255,3.1031758552039987e-15
2020-12-13 12:00:00,-8.247621,-9.912552,0.7124494,0.0,0.0,241.57625,268.95285,35.164288,-3.8426192,3.9450662,3.1028914960669667e-15
2020-12-14 12:00:00,-12.955948,-12.434499,0.71581334,0.0,0.0,241.6914,258.08792,7.9410276,-3.440378,-11.895865,3.1035089708068497e-15
2020-12-15 12:00:00,-18.51916,-21.322048,0.72178733,0.0,0.0,157.60826,218.67554,38.334072,-0.27309936,-23.006304,3.103769248905497e-15
2020-12-16 12:00:00,-15.745734,-18.907187,0.72231907,0.0,0.0,163.5612,227.06358,53.442314,-1.9844397,-12.044506,3.103769248905497e-15
2020-12-17 12:00:00,-11.66146,-13.644301,0.7178479,0.0,0.0,206.1267,250.7689,46.748356,-0.7648751,1.3412688,3.1037692508477968e-15
2020-12-18 12:00:00,-15.301448,-15.734758,0.71287453,0.0,0.0,211.15341,243.68132,17.089697,1.2287025,-14.209509,3.103769269777971e-15
2020-12-19 12:00:00,-17.935127,-18.99075,0.71304023,0.0,0.0,184.13615,228.16243,29.576323,1.6674844,-12.782469,3.103769269777971e-15
2020-12-20 12:00:00,-18.426813,-19.663836,0.71284497,0.0,0.0,172.36894,224.25407,34.203285,1.6562021,-16.025644,3.103769269777971e-15
2020-12-21 12:00:00,-16.512302,-18.232426,0.7132899,0.0,0.0,183.48483,229.57303,39.74932,-3.070804,-9.409679,3.1011728489583255e-15
2020-12-22 12:00:00,-13.918723,-15.223275,0.71303546,0.0,0.0,203.33109,244.00545,38.13263,-2.200006,-4.741739,3.1031758552039987e-15
2020-12-23 12:00:00,-15.653534,-16.675846,0.71529526,0.0,0.0,190.96188,238.48274,32.430534,1.2858666,-13.804458,3.1028914960669667e-15
2020-12-24 12:00:00,-21.788326,-24.714996,0.7192925,0.0,0.0,146.24942,206.23532,31.495382,0.8284659,-27.662052,3.1035089708068497e-15
2020-12-25 12:00:00,-24.42507,-25.156565,0.7169256,0.0,0.0,153.15674,204.06044,30.509974,0.66677773,-19.72695,3.103769248905497e-15
2020-12-26 12:00:00,-27.42139,-27.919077,0.71987617,0.0,0.0,140.19675,193.8005,26.656918,0.75413597,-26.192707,3.103769248905497e-15
2020-12-27 12:00:00,-24.509878,-25.839682,0.71875066,0.0,0.0,145.97205,200.80333,40.425484,-0.4059479,-14.811748,3.1037692508477968e-15
2020-12-28 12:00:00,-10.156489,-12.05481,0.714108,0.0,0.0,240.12007,258.71207,50.788853,-12.673196,19.523663,-6.884857217150714e-14
2020-12-29 12:00:00,-10.067475,-10.513062,0.716826,0.0,0.0,224.17735,265.7308,40.108986,-4.590795,-6.0352607,3.103769269777971e-15
2020-12-30 12:00:00,-12.208716,-13.060081,0.7169054,0.0,0.0,202.41602,254.18031,62.599148,-15.44116,-4.60631,3.103769269777971e-15
2020-12-31 12:00:00,-11.47507,-12.475871,0.7135442,0.0,0.0,224.09383,257.09244,30.527967,-1.2337472,-3.7043912,3.103769269777971e-15
