time,air_temp,ice_temp,albedo,shortwave_down,shortwave_up,longwave_down,longwave_up,sensible_heat_flux,latent_heat_flux,surface_energy_balance,meltwater_runoff
2019-01-01 12:00:00,-22.304972,-27.005459,0.81264746,0.0,0.0,148.02248,209.13477,70.13105,-3.065443,5.9533176,4.252476908555367e-15
2019-01-02 12:00:00,-25.718548,-29.621658,0.81413454,0.0,0.0,141.55234,200.06346,53.73797,0.5764388,-4.1967163,4.2552235263619596e-15
2019-01-03 12:00:00,-21.283382,-24.784678,0.8073993,0.0,0.0,179.84071,216.685,42.095367,2.2158864,7.4669695,4.2548336002246186e-15
2019-01-04 12:00:00,-21.476696,-25.19415,0.8085599,0.0,0.0,181.73802,215.41841,37.96524,1.1296417,5.4144926,4.255680320474104e-15
2019-01-05 12:00:00,-16.623316,-18.88621,0.8069604,0.0,0.0,215.96034,238.06961,34.319744,-0.64014494,11.570331,4.256037230194273e-15
2019-01-06 12:00:00,-27.013962,-29.781153,0.8070249,0.0,0.0,162.72502,199.67815,21.68969,0.36662486,-14.896811,4.256037230194273e-15
2019-01-07 12:00:00,-28.75348,-31.324959,0.8091981,0.0,0.0,157.88293,194.19173,25.21548,0.2536864,-10.839625,4.256037230285701e-15
2019-01-08 12:00:00,-32.39438,-36.271942,0.8148537,0.0,0.0,121.51856,178.51912,37.505547,0.30802187,-19.186989,4.256037231176786e-15
2019-01-09 12:00:00,-28.874577,-31.120064,0.80720407,0.0,0.0,173.50824,194.63867,19.945637,0.72619754,-0.45859784,4.256037231176786e-15
2019-01-10 12:00:00,-32.756718,-35.11879,0.8075422,0.0,0.0,137.97423,182.07361,27.231192,-0.1320114,-17.0002,4.256037231176786e-15
2019-01-11 12:00:00,-36.493805,-39.461967,0.81106114,0.0,0.0,122.755196,169.1198,28.159037,0.49237356,-17.71319,4.252476908555367e-15
2019-01-12 12:00:00,-38.59271,-41.951977,0.81485957,0.0,0.0,111.9684,161.73491,28.910686,0.5607863,-20.295036,4.2552235263619596e-15
2019-01-13 12:00:00,-38.670303,-41.86432,0.81509644,0.0,0.0,111.621796,162.04028,34.777554,0.528809,-15.112125,4.2548336002246186e-15
2019-01-14 12:00:00,-36.02204,-40.747066,0.8158154,0.0,0.0,113.74935,164.92981,36.78876,0.06376733,-14.3279295,4.255680320474104e-15
2019-01-15 12:00:00,-37.266357,-41.87679,0.81523895,0.0,0.0,110.38779,162.1037,37.950184,0.7290915,-13.036636,4.256037230194273e-15
2019-01-16 12:00:00,-30.252516,-35.249718,0.8114185,0.0,0.0,132.23068,181.4281,46.905647,1.7057322,-0.5860387,4.256037230194273e-15
2019-01-17 12:00:00,-32.032875,-36.31974,0.8138886,0.0,0.0,135.03442,178.3313,35.088604,1.1848361,-7.0234346,4.256037230285701e-15
2019-01-18 12:00:00,-34.20408,-38.941242,0.8156675,0.0,0.0,124.97764,170.81526,33.278893,0.5969366,-11.961795,4.256037231176786e-15
2019-01-19 12:00:00,-37.183678,-40.913067,0.81504,0.0,0.0,117.05732,164.54167,32.47545,0.63568074,-14.373222,4.256037231176786e-15
2019-01-20 12:00:00,-30.508842,-34.969498,0.8128646,0.0,0.0,135.16571,182.26846,47.585117,1.5266079,2.0089726,4.256037231176786e-15
2019-01-21 12:00:00,-31.370398,-34.438557,0.8104883,0.0,0.0,136.37613,184.24617,42.342144,0.7043921,-4.823505,4.252476908555367e-15
2019-01-22 12:00:00,-33.48332,-37.15861,0.81189543,0.0,0.0,128.1829,175.957,40.34726,0.24494068,-7.1818933,4.2552235263619596e-15
2019-01-23 12:00:00,-30.372023,-33.1289,0.8089205,0.0,0.0,154.78154,188.50766,31.798016,-0.26791403,-2.1960185,4.2548336002246186e-15
2019-01-24 12:00:00,-28.683834,-31.593018,0.8074005,0.0,0.0,160.98177,193.36597,35.06795,0.7446184,3.4283686,4.255680320474104e-15
2019-01-25 12:00:00,-27.476309,-30.014637,0.8074007,0.0,0.0,163.69415,198.46976,35.9435,0.9377971,2.1056933,4.256037230194273e-15
2019-01-26 12:00:00,-33.853165,-36.870415,0.8136977,0.0,0.0,124.9993,176.9312,33.90347,0.72063303,-17.307798,4.256037230194273e-15
2019-01-27 12:00:00,-34.536728,-38.284393,0.8117152,0.0,0.0,129.74438,172.32841,31.041628,0.53214234,-11.01026,4.256037230285701e-15
2019-01-28 12:00:00,-31.881756,-36.93921,0.81282276,0.0,0.0,134.11882,176.04294,30.988014,0.8139687,-10.122135,4.256037231176786e-15
2019-01-29 12:00:00,-30.062946,-34.802288,0.8109654,0.0,0.0,140.15395,182.88959,39.250595,0.7605865,-2.72446,4.256037231176786e-15
2019-01-30 12:00:00,-30.412582,-34.916126,0.8106449,0.0,0.0,133.88937,182.56516,42.395535,0.5070537,-5.773193,4.256037231176786e-15
2019-01-31 12:00:00,-27.156435,-29.803537,0.80745417,0.0,0.0,174.24905,199.22263,30.7846,1.6408876,7.4519153,4.256037231176786e-15
2019-02-01 12:00:00,-33.079575,-36.48736,0.8136419,0.0,0.0,134.368,178.18404,28.060123,0.6585547,-15.097362,4.252476908555367e-15
2019-02-02 12:00:00,-34.832268,-38.49613,0.8165675,0.0,0.0,120.587616,171.86734,39.92816,0.20788112,-11.143682,4.2552235263619596e-15
2019-02-03 12:00:00,-31.041061,-35.272087,0.8165646,0.0,0.0,122.962036,181.5677,54.12028,0.25624418,-4.2291417,4.2548336002246186e-15
2019-02-04 12:00:00,-31.840012,-36.32668,0.8151474,0.0,0.0,128.40495,178.34325,39.542103,0.47716197,-9.919028,4.255680320474104e-15
2019-02-05 12:00:00,-33.175713,-37.236397,0.815844,0.0,0.0,125.293724,175.46175,41.63288,0.1460923,-8.389049,4.256037230194273e-15
2019-02-06 12:00:00,-33.098263,-37.410294,0.8166382,0.0,0.0,125.48203,175.07765,41.60995,0.16167109,-7.823997,4.256037230194273e-15
2019-02-07 12:00:00,-31.867884,-36.321037,0.8137891,0.0,0.0,132.38707,178.2529,39.315334,0.8192007,-5.7312946,4.256037230285701e-15
2019-02-08 12:00:00,-29.12917,-33.78978,0.81421983,0.0,0.0,136.31075,186.12674,47.325397,0.28429836,-2.2062984,4.256037231176786e-15
2019-02-09 12:00:00,-28.371212,-32.887585,0.81100506,0.0,0.0,141.33609,189.27675,47.147175,1.9768498,1.1833661,4.256037231176786e-15
2019-02-10 12:00:00,-27.959812,-32.82544,0.8096747,0.0,0.0,147.36066,189.85182,39.84256,1.5365345,-1.1120708,4.256037231176786e-15
2019-02-11 12:00:00,-29.00906,-33.618214,0.81623983,0.0,0.0,141.03851,186.97578,41.99829,0.10785191,-3.8311281,4.252476908555367e-15
2019-02-12 12:00:00,-26.657444,-30.753395,0.8117919,0.0,0.0,158.61903,196.26067,42.94688,0.1801332,5.4853816,4.2552235263619596e-15
2019-02-13 12:00:00,-17.835043,-21.02784,0.8075773,0.0,0.0,222.90614,230.30833,27.357758,0.08961082,20.045177,4.2548336002246186e-15
2019-02-14 12:00:00,-19.98689,-24.358334,0.8107043,0.0,0.0,180.1756,218.78722,37.8515,3.0733104,2.3131938,4.255680320474104e-15
2019-02-15 12:00:00,-26.265146,-29.934004,0.80834055,0.0,0.0,166.96938,199.47902,21.209238,1.8442405,-9.456165,4.256037230194273e-15
2019-02-16 12:00:00,-34.28061,-37.818546,0.812861,0.0,0.0,122.00505,174.16211,29.479248,1.343929,-21.333881,4.256037230194273e-15
2019-02-17 12:00:00,-35.711742,-39.310406,0.8167445,0.0,0.0,115.92011,169.2465,35.006332,0.9163875,-17.403673,4.256037230285701e-15
2019-02-18 12:00:00,-36.346123,-40.43648,0.8168922,0.0020646583,0.0016906544,109.05931,165.83086,38.95972,0.2280896,-17.58336,4.256037231176786e-15
2019-02-19 12:00:00,-32.371597,-36.306156,0.8163808,0.061345965,0.04952908,117.06184,178.38953,59.072983,0.68932724,-1.5535622,4.256037231176786e-15
2019-02-20 12:00:00,-26.003729,-30.948412,0.81144786,0.23722184,0.17873706,155.91893,195.16107,42.215775,0.9235546,3.9556706,4.256037231176786e-15
2019-02-21 12:00:00,-29.245232,-33.959465,0.8157006,0.5931836,0.4449514,138.93077,185.59438,34.736378,0.95268625,-10.826309,4.252476908555367e-15
2019-02-22 12:00:00,-32.731365,-37.003403,0.8153953,1.1203448,0.829723,127.08394,176.13475,36.38919,1.246466,-11.124533,4.2552235263619596e-15
2019-02-23 12:00:00,-32.643997,-36.891506,0.815938,1.7519033,1.280974,124.149376,176.52747,39.201,1.5260185,-11.180143,4.2548336002246186e-15
2019-02-24 12:00:00,-35.221355,-39.138718,0.8163605,2.6827447,1.9522477,120.389435,169.73927,37.04002,0.6808811,-10.898441,4.255680320474104e-15
2019-02-25 12:00:00,-33.123386,-37.570232,0.81458414,3.4559193,2.4614155,128.01894,174.5438,38.741116,0.26432398,-6.524914,4.256037230194273e-15
2019-02-26 12:00:00,-27.222834,-30.778006,0.8095669,3.2972538,2.3590777,158.93979,195.99121,45.256134,-0.24518223,8.897705,4.256037230194273e-15
2019-02-27 12:00:00,-32.41296,-36.013092,0.81352764,5.90049,4.234518,133.79666,179.86311,30.934706,0.88424474,-12.581532,4.256037230285701e-15
2019-02-28 12:00:00,-32.51116,-36.633286,0.81703407,7.2362385,5.175788,124.59565,177.54805,43.586582,0.46585095,-6.8395157,4.256037231176786e-15
2019-03-01 12:00:00,-30.60795,-36.257244,0.81706536,8.025183,5.728344,126.383224,178.73154,41.714462,-1.0958891,-9.432902,4.252476908555367e-15
2019-03-02 12:00:00,-31.293571,-37.595284,0.8167834,9.557736,6.808536,126.81242,174.76387,35.69743,-0.20165074,-9.706469,4.2552235263619596e-15
2019-03-03 12:00:00,-30.770584,-35.663902,0.81691027,11.027125,7.811358,133.0177,180.90608,42.035793,1.712284,-0.9245378,4.2548336002246186e-15
2019-03-04 12:00:00,-22.582777,-26.13799,0.8120869,10.291981,7.1691227,160.19357,211.83823,63.989964,2.847518,18.315685,4.255680320474104e-15
2019-03-05 12:00:00,-23.804117,-27.290693,0.80804473,11.228527,7.947308,167.99736,208.37743,38.034977,1.6813514,2.617482,4.256037230194273e-15
2019-03-06 12:00:00,-26.185465,-29.749187,0.80824655,12.6050205,8.685905,164.08432,200.18706,28.200481,1.6208116,-2.3623314,4.256037230194273e-15
2019-03-07 12:00:00,-27.240688,-30.297506,0.8088111,14.772678,10.426622,160.6075,198.1471,28.765644,1.2457039,-3.1821945,4.256037230285701e-15
2019-03-08 12:00:00,-30.96096,-34.505985,0.8120703,19.251846,13.3197,136.43007,184.8862,31.1571,0.8135625,-10.553324,4.256037231176786e-15
2019-03-09 12:00:00,-31.609877,-35.38156,0.8148796,23.578777,16.591654,129.21822,182.1622,35.204586,1.4571533,-9.295124,4.256037231176786e-15
2019-03-10 12:00:00,-31.140089,-34.527473,0.8103046,22.38402,15.465894,135.14525,184.95488,39.261456,1.4516733,-2.1783774,4.256037231176786e-15
2019-03-11 12:00:00,-26.433613,-28.992622,0.8080301,19.480389,13.549098,178.61827,202.76465,23.715706,0.37019858,5.8708167,4.252476908555367e-15
2019-03-12 12:00:00,-26.325058,-29.324217,0.80803794,24.568277,16.966486,166.05423,201.79979,28.085669,0.30571303,0.24761328,4.2552235263619596e-15
2019-03-13 12:00:00,-24.104782,-26.372494,0.80805236,18.362463,13.113247,191.88884,211.69583,24.38089,-0.46565843,9.357456,4.2548336002246186e-15
2019-03-14 12:00:00,-29.34595,-31.143251,0.8080681,24.460957,17.042295,162.14453,196.0207,15.056221,0.26072583,-11.140567,4.255680320474104e-15
2019-03-15 12:00:00,-37.770546,-40.27526,0.80878997,36.432,25.366096,114.54053,168.02164,21.667446,0.16026425,-20.587496,4.256037230194273e-15
2019-03-16 12:00:00,-39.394917,-42.647106,0.81210834,43.66692,30.673225,110.10582,161.86201,18.529364,0.1838383,-20.0493,4.256037230194273e-15
2019-03-17 12:00:00,-42.520973,-46.420677,0.81619304,47.98478,33.6245,90.06456,151.57733,23.970924,0.3083468,-22.87322,4.256037230285701e-15
2019-03-18 12:00:00,-42.879993,-47.62313,0.8108569,50.592823,35.050373,90.05745,148.38971,22.494743,0.63122314,-19.663843,4.256037231176786e-15
2019-03-19 12:00:00,-41.187744,-46.20536,0.8142405,54.15352,38.006306,97.604935,152.29181,23.54893,0.48194498,-14.508787,4.256037231176786e-15
2019-03-20 12:00:00,-37.596222,-40.726543,0.80901134,50.851578,35.447327,135.6422,167.48795,15.168242,0.11826008,-1.1549953,4.256037231176786e-15
2019-03-21 12:00:00,-30.4536,-31.904922,0.8081562,36.001396,25.578112,187.27425,193.31242,6.342107,0.25966942,10.986883,4.252476908555367e-15
2019-03-22 12:00:00,-33.337162,-36.007927,0.81208515,64.7208,45.857273,133.80666,181.68326,22.109402,-0.18553789,-7.089209,4.2552235263619596e-15
2019-03-23 12:00:00,-35.167397,-38.39951,0.8120047,61.37657,43.408623,122.69907,173.64604,29.311808,-0.38151687,-4.0487285,4.2548336002246186e-15
2019-03-24 12:00:00,-34.12516,-38.033676,0.8139509,73.53565,52.23936,125.97247,176.62163,21.12231,-0.09360166,-8.324154,4.255680320474104e-15
2019-03-25 12:00:00,-34.368023,-41.69804,0.81670827,79.09126,56.08815,103.63224,166.46477,29.205366,-0.3496642,-10.973713,4.256037230194273e-15
2019-03-26 12:00:00,-33.43362,-37.915756,0.8164805,81.64105,57.859524,115.82439,176.59026,35.453392,0.42100587,-1.1099428,4.256037230194273e-15
2019-03-27 12:00:00,-32.37934,-37.100204,0.810685,74.09537,51.148552,129.2787,180.26312,24.262869,0.7544452,-3.0202913,4.256037230285701e-15
2019-03-28 12:00:00,-29.361063,-32.92272,0.8086267,71.0424,49.826565,148.63783,192.24716,28.46323,0.18021221,6.2499447,4.256037231176786e-15
2019-03-29 12:00:00,-25.691172,-28.232855,0.8083365,74.38209,52.009163,153.05632,205.8,40.27796,-1.3744951,8.532708,4.256037231176786e-15
2019-03-30 12:00:00,-27.224724,-31.236725,0.809276,90.68271,63.2186,137.79489,198.10504,34.71658,0.08062987,1.9511666,4.256037231176786e-15
2019-03-31 12:00:00,-22.727905,-26.241407,0.8082945,69.52166,48.41608,175.00237,215.07068,32.42667,-1.2847642,12.179172,4.256037231176786e-15
2019-04-01 12:00:00,-21.182386,-24.186615,0.8084482,86.28982,59.83133,181.46846,222.19856,23.040506,-1.797276,6.9716163,4.252476908555367e-15
2019-04-02 12:00:00,-27.744177,-32.687935,0.81476176,111.86363,78.689575,126.12118,195.07698,29.092522,-0.79571867,-7.484943,4.2552235263619596e-15
2019-04-03 12:00:00,-16.977097,-20.933802,0.81189495,58.78498,41.467545,198.66226,234.78438,43.16169,0.30907568,24.666086,4.2548336002246186e-15
2019-04-04 12:00:00,-17.12734,-18.32704,0.8084384,85.655556,59.033554,203.00974,240.52531,31.343395,-12.420411,8.029407,4.255680320474104e-15
2019-04-05 12:00:00,-22.031504,-25.447119,0.8098408,114.834366,79.84948,156.9256,218.31033,24.88595,0.24806125,-1.2658376,4.256037230194273e-15
2019-04-06 12:00:00,-20.93498,-25.304222,0.813255,103.993835,72.176544,163.96115,220.62706,35.622536,-2.6200273,8.153891,4.256037230194273e-15
2019-04-07 12:00:00,-10.632237,-14.303535,0.80870515,85.519394,59.35931,219.1569,258.74164,44.46826,-8.197303,22.84631,4.253843630678368e-15
2019-04-08 12:00:00,-8.704563,-10.627259,0.80959225,108.499084,73.197235,232.45164,271.8466,27.460611,-4.588787,18.77873,4.256037231176786e-15
2019-04-09 12:00:00,-14.548968,-17.899895,0.8107788,114.04259,81.05967,186.71956,246.28055,29.341152,1.3222637,4.0853443,4.256037231176786e-15
2019-04-10 12:00:00,-16.70275,-20.937717,0.8111488,127.42088,87.31344,169.48526,236.56924,30.822159,-0.95578045,2.8898387,4.256037231176786e-15
2019-04-11 12:00:00,-17.322784,-20.678082,0.8086311,107.78385,75.57205,189.06856,236.11752,19.168789,-2.2694535,2.0621696,4.252476908555367e-15
2019-04-12 12:00:00,-21.18188,-24.495058,0.8114318,153.36272,106.521706,155.76756,222.39711,14.522272,-0.4418106,-5.7080746,4.2552235263619596e-15
2019-04-13 12:00:00,-24.141272,-28.369596,0.8145451,160.2676,111.21505,139.30849,210.97469,16.320288,-0.7593908,-7.052758,4.2548336002246186e-15
2019-04-14 12:00:00,-22.357048,-26.6843,0.81355006,160.53499,110.915794,143.65544,216.23982,24.087868,-1.3542104,-0.23152971,4.255680320474104e-15
2019-04-15 12:00:00,-15.550369,-18.12247,0.80873567,89.23845,62.390285,224.84633,245.3433,8.913382,-0.58650887,14.678058,4.256037230194273e-15
2019-04-16 12:00:00,-14.987392,-17.86388,0.80920476,153.13615,104.993866,200.12393,247.6267,4.765072,-2.22268,3.1819181,4.256037230194273e-15
2019-04-17 12:00:00,-23.033438,-26.63425,0.81173545,177.47925,123.36658,144.49815,217.15326,12.708969,-0.7393418,-6.5728073,4.256037230285701e-15
2019-04-18 12:00:00,-25.688984,-28.318756,0.81003547,177.45357,122.52829,139.1007,209.41,9.099179,-1.9420626,-8.226916,4.256037231176786e-15
2019-04-19 12:00:00,-28.031908,-30.500484,0.8094386,170.38136,116.9356,136.95392,202.39494,5.865664,-0.99682105,-7.126419,4.256037231176786e-15
2019-04-20 12:00:00,-24.39033,-26.943323,0.8098527,169.00508,116.54737,158.25446,214.11162,6.2353516,-1.0541506,1.7817488,4.256037231176786e-15
2019-04-21 12:00:00,-17.12767,-19.095139,0.808849,145.06819,101.05609,208.31668,241.24573,3.077753,-1.573691,12.587115,4.252476908555367e-15
2019-04-22 12:00:00,-18.550074,-20.719616,0.8089379,175.29485,123.884285,180.5768,234.56215,5.8041186,-2.183273,1.0460546,4.2552235263619596e-15
2019-04-23 12:00:00,-22.677656,-25.716179,0.81055593,193.4906,133.60876,154.96252,219.54404,7.049969,-2.1938264,0.15646625,4.2548336002246186e-15
2019-04-24 12:00:00,-14.808087,-18.51246,0.80895406,192.7767,133.08907,189.5435,246.56339,11.4686165,-2.0299757,12.106396,4.255680320474104e-15
2019-04-25 12:00:00,-14.283043,-17.613884,0.80880433,180.65767,125.10643,192.37589,249.04054,16.156599,-4.2230663,10.820114,4.256037230194273e-15
2019-04-26 12:00:00,-15.635809,-17.508219,0.8107796,182.0941,125.326645,194.4605,246.42427,10.471113,-9.310198,5.964596,4.256037230194273e-15
2019-04-27 12:00:00,-10.959367,-14.126971,0.80842215,210.6512,142.70386,202.32161,262.5529,16.539932,-13.785573,10.470424,-7.059511484009842e-14
2019-04-28 12:00:00,-14.741701,-18.268587,0.8115214,192.52959,131.2057,186.92216,246.98207,9.569574,-5.384576,5.4489756,4.256037231176786e-15
2019-04-29 12:00:00,-7.817256,-11.750412,0.8088334,205.76198,139.2432,222.09622,274.5499,12.208684,-6.82542,19.448372,-1.1452986746782993e-07
2019-04-30 12:00:00,-2.1588166,-4.9563575,0.81932783,175.57555,121.23656,271.03406,300.6936,8.232942,-5.8412495,27.071135,-3.35583240467684e-05
2019-05-01 12:00:00,-4.5152793,-8.680641,0.8292677,196.30948,132.93224,236.21487,288.65155,7.3836093,-4.9604135,13.363764,-1.6450483888327797e-05
2019-05-02 12:00:00,-3.7104423,-7.898976,0.8259849,239.19653,159.90874,225.8766,293.036,14.644344,-8.556404,18.216328,-6.148409422851426e-06
2019-05-03 12:00:00,-5.363861,-8.094335,0.82451385,191.51447,130.81087,234.63336,289.66586,6.9824915,-2.779607,9.873981,-1.0570016381084353e-06
2019-05-04 12:00:00,-9.568372,-13.081619,0.82374877,255.49448,169.84853,196.57166,269.65048,-6.8797836,-3.0990314,2.5883083,-1.2540241415123106e-07
2019-05-05 12:00:00,-7.2255945,-12.099234,0.822441,251.09003,165.03365,202.33604,277.91214,6.143002,-5.1242976,11.498989,-4.0220682967274837e-10
2019-05-06 12:00:00,-3.602668,-8.6045685,0.82422185,242.40979,158.46638,218.18433,293.24905,14.694103,-5.324723,18.248058,-0.0004000648629521601
2019-05-07 12:00:00,-0.6082418,-3.0770805,0.81431955,172.42027,116.611534,283.9586,312.5274,-5.4602184,-2.0658114,19.713892,-0.00286123173630952
2019-05-08 12:00:00,-1.9670513,-4.35316,0.8449119,205.30098,143.91849,272.40863,308.10837,-10.399418,-2.4115489,12.871788,-0.0003205996550812609
2019-05-09 12:00:00,-4.958978,-9.528453,0.8481491,274.53748,186.82881,216.23982,289.99985,-5.7643147,-0.15792702,8.026398,-2.1147617988014966e-06
2019-05-10 12:00:00,-5.5785494,-10.732809,0.84932214,271.59213,184.66719,212.99615,287.51108,-2.5962737,-1.969882,7.8438635,-1.6163511147050437e-07
2019-05-11 12:00:00,-6.346872,-10.28232,0.84705395,242.98283,166.98932,222.49092,285.0897,-5.3563666,-2.550853,5.487525,-8.008957459582854e-07
2019-05-12 12:00:00,-5.312966,-8.764152,0.84566873,244.79427,168.18147,234.75552,292.08566,-7.2536683,-2.8853316,9.143654,-4.450417993470051e-08
2019-05-13 12:00:00,-4.961518,-7.7041645,0.8410682,271.2397,182.20732,233.50229,293.12024,-20.634521,-1.8238649,6.956027,-1.0748907042717016e-07
2019-05-14 12:00:00,-8.927256,-12.623129,0.84015024,310.319,209.01024,189.85997,274.1973,-18.035133,0.5955777,-0.4681201,-4.4027163638795234e-08
2019-05-15 12:00:00,-11.447127,-14.246134,0.83844787,316.6969,213.2717,179.13634,264.25763,-24.046635,1.7632532,-3.9794722,4.256037230194273e-15
2019-05-16 12:00:00,-12.266823,-15.647562,0.83501804,322.01562,215.63362,175.82857,260.79587,-22.70924,0.796835,-0.4977016,4.256037230194273e-15
2019-05-17 12:00:00,-9.837154,-13.13057,0.83625525,288.64484,191.03287,202.1379,272.4675,-20.865469,-0.5024839,5.914411,4.256037230285701e-15
2019-05-18 12:00:00,-10.352584,-13.741683,0.8336487,309.01822,206.13669,193.45067,270.76566,-21.628483,-0.3375577,3.600503,-1.1659400977503296e-10
2019-05-19 12:00:00,-10.06393,-12.331914,0.833168,290.86075,198.51964,209.13379,274.49606,-20.479906,-1.6400087,4.858921,4.256037231176786e-15
2019-05-20 12:00:00,-10.527869,-13.487211,0.8297459,322.84918,216.91005,189.93439,271.2648,-18.656998,-1.7776268,4.174094,-7.256058245393774e-10
2019-05-21 12:00:00,-6.5627236,-10.273526,0.83076817,309.13428,204.2906,210.33807,284.88245,-16.782358,-2.668823,10.84812,-2.5272637835816603e-09
2019-05-22 12:00:00,-4.5471215,-8.703633,0.8278878,329.9572,218.98206,212.36398,294.3877,-17.062069,0.8166999,12.706078,-1.3575441008849495e-07
2019-05-23 12:00:00,-3.9243867,-8.053574,0.82574767,338.7752,224.7424,211.10428,297.39874,-16.992622,0.76248217,11.508202,-6.089022140281182e-07
2019-05-24 12:00:00,-1.7034883,-6.1019874,0.81310165,335.10895,220.53604,216.87297,305.84998,-5.2896304,-5.0464,15.259871,0.012007672025122613
2019-05-25 12:00:00,-1.0510716,-4.576937,0.80908906,272.11423,183.52278,241.53969,309.006,-2.6994634,-6.3296313,12.096027,0.011749489561371514
2019-05-26 12:00:00,-0.7732984,-2.9536893,0.80156904,254.60959,175.14047,262.2186,313.44537,-10.556386,-7.703431,9.982524,0.02142918423802192
2019-05-27 12:00:00,-3.7585256,-4.5145106,0.838614,252.33565,176.70715,262.42212,303.59204,-20.205442,-10.333667,3.9194632,0.005180369914055825
2019-05-28 12:00:00,-6.6559577,-9.808721,0.84131074,354.55838,235.74963,197.53365,287.20612,-22.320126,-2.4162655,4.399885,9.448673194212618e-06
2019-05-29 12:00:00,-3.5164418,-7.215831,0.84050465,314.0071,208.37727,226.18237,297.84573,-18.981058,-5.6354585,9.34996,-2.239064613270999e-07
2019-05-30 12:00:00,-4.484777,-7.6018844,0.8358671,352.12448,229.68793,210.35654,294.75897,-29.448635,-3.2052698,5.3802137,-2.8966687672849508e-05
2019-05-31 12:00:00,-7.0172405,-7.3104243,0.83329,295.91953,200.17029,236.07547,290.6025,-38.11833,-1.99754,1.1063304,-6.164318500793549e-06
2019-06-01 12:00:00,-5.8195734,-5.74792,0.8320992,219.70895,153.50838,270.58795,293.57812,-19.504957,-19.268581,4.436865,-9.359957034984753e-07
2019-06-02 12:00:00,-4.7176023,-5.529471,0.82916534,238.60927,163.15579,262.19913,296.30508,-14.814576,-19.03007,7.5028744,-2.5040509208646073e-06
2019-06-03 12:00:00,-2.9189172,-4.3640733,0.82475007,264.8351,176.9069,260.5768,308.0147,-18.756334,-6.5212173,15.212759,-4.328289019223468e-06
2019-06-04 12:00:00,-2.8486426,-4.7186456,0.8221997,317.31354,205.4123,239.27652,306.4272,-29.157999,-5.01361,10.578971,-0.00023100354323897886
2019-06-05 12:00:00,-3.718387,-5.824882,0.8255601,340.18744,223.91742,228.57031,304.3265,-28.008352,-4.8689804,7.636492,-4.99940536948033e-06
2019-06-06 12:00:00,-3.6544569,-6.9456477,0.82438576,353.10114,226.23235,215.49023,300.87173,-27.10317,-5.907384,8.476735,-2.708791065805584e-05
2019-06-07 12:00:00,-3.5552547,-4.5653725,0.81946313,289.5961,193.72818,254.82549,306.2601,-29.233633,-9.537078,5.662593,-0.00012568175848569818
2019-06-08 12:00:00,-3.8262265,-7.167129,0.8180342,367.133,237.65427,209.453,300.2497,-22.192696,-7.4924426,8.996899,-8.288658281051797e-06
2019-06-09 12:00:00,-1.6495565,-4.8201876,0.81258553,345.7836,218.44484,226.05977,311.05893,-23.878122,-7.7001033,10.7613735,-1.922684988119924e-05
2019-06-10 12:00:00,-1.6795015,-4.9931364,0.80351,385.42484,246.97011,207.69638,310.06485,-19.174927,-5.5739894,11.337341,0.014450566236312032
2019-06-11 12:00:00,1.9375913,-1.5652376,0.77754223,178.00703,123.85724,283.34103,320.42825,25.90117,-33.682,9.281746,0.25969657167658383
2019-06-12 12:00:00,3.4980583,-0.60664964,0.7084145,229.0939,153.60075,282.29245,325.12415,51.22821,-47.588135,36.30153,4.462650270366899
2019-06-13 12:00:00,2.437525,-0.90731466,0.6872278,347.77072,209.52264,240.90512,324.12662,4.315601,-28.255808,31.086374,7.498141566182389
2019-06-14 12:00:00,2.0954397,-0.3303181,0.67802745,269.25366,152.96136,282.23544,327.22076,-19.900967,-14.617941,36.78807,7.877308860881473
2019-06-15 12:00:00,1.5164703,-0.356252,0.6883978,257.86832,165.38062,286.49118,327.90646,-19.801058,-7.2829304,23.98843,5.271297123999388
2019-06-16 12:00:00,0.4010045,-1.6772182,0.70090413,314.9893,204.11899,254.50055,322.33823,-22.583958,-6.4617367,13.986929,3.9203667790572205
2019-06-17 12:00:00,1.8197197,-0.948174,0.68980753,293.15256,179.99538,265.23666,326.67435,-13.192754,-13.794558,24.732187,5.380977809450751
2019-06-18 12:00:00,0.9300883,-1.0916666,0.68827575,221.26169,145.1066,275.35513,320.58572,-7.8235555,-13.221385,9.8795595,4.039933310880015
2019-06-19 12:00:00,-0.8564835,-1.5169232,0.7184137,212.31354,136.09737,288.661,316.04114,-26.434137,-17.201187,5.20072,1.9714698349921924
2019-06-20 12:00:00,-3.9356258,-4.279425,0.7200381,212.42604,139.77078,273.46384,300.18826,-27.98263,-22.543476,-4.595274,0.19985207931339116
2019-06-21 12:00:00,-3.013733,-3.9225183,0.7123471,318.80014,200.05911,247.24197,305.8467,-35.412464,-15.188978,9.534849,0.6320297664724305
2019-06-22 12:00:00,-3.6028113,-4.184459,0.706979,210.78732,139.02425,269.65533,302.56238,-21.52429,-17.232834,0.09890938,0.19652821196396614
2019-06-23 12:00:00,-3.67287,-4.3424964,0.70319206,283.83386,176.86224,255.09358,304.87775,-29.750162,-17.029789,10.407503,0.5158311950104901
2019-06-24 12:00:00,-3.2129161,-3.7281814,0.6990636,272.3918,168.87955,257.9939,309.8501,-29.081543,-12.706416,9.868108,1.2069165522580922
2019-06-25 12:00:00,-1.4146844,-2.0169985,0.70551574,238.83981,152.54832,275.9322,316.26508,-26.010677,-7.275107,12.672819,1.556677467110202
2019-06-26 12:00:00,-1.6893684,-2.7174492,0.7184247,302.46802,198.06107,261.11368,315.16986,-30.445822,-7.562413,12.342534,1.7808410091199904
2019-06-27 12:00:00,-0.74342287,-3.9417431,0.7169616,341.97067,218.9158,233.86311,312.7795,-19.454197,-10.249005,14.435271,2.2995657659611326
2019-06-28 12:00:00,3.7582915,-1.073755,0.68256,330.0526,196.20613,258.31833,332.5146,-3.9679341,-10.084268,45.598022,4.4667055567510126
2019-06-29 12:00:00,6.309757,-0.16597247,0.6477543,362.30963,201.83032,252.98471,343.48828,-2.9080904,-8.406574,58.661076,9.029436549839424
2019-06-30 12:00:00,6.411673,-0.25316468,0.6458375,372.7811,206.33206,250.5033,344.1923,-15.695242,-5.4274087,51.637386,9.345990756057223
2019-07-01 12:00:00,6.4801793,-0.3420635,0.6452387,385.12808,213.01659,242.11122,344.30234,-15.524884,-6.7221537,47.673344,8.975133042637312
2019-07-02 12:00:00,6.1497054,-0.44014376,0.64966345,381.28058,212.96202,236.54294,342.62164,-8.127099,-11.389859,42.722897,9.062666968840556
2019-07-03 12:00:00,5.2877784,-0.4261089,0.64000124,351.37524,191.67719,246.30632,340.2567,-16.279718,-8.565472,40.902477,9.493056281375772
2019-07-04 12:00:00,4.4847326,-0.3897318,0.628402,349.59613,187.31487,247.85359,338.66724,-22.397682,-7.5079646,41.561974,10.490003340347714
2019-07-05 12:00:00,3.4401448,-0.6150121,0.6268993,371.41803,198.90028,234.46292,335.23477,-27.873333,-5.5155177,38.357044,10.830176984420461
2019-07-06 12:00:00,3.716117,-0.6258892,0.6271034,357.33588,191.14243,238.45178,335.97934,-22.192492,-6.63045,39.842953,10.57182976619296
2019-07-07 12:00:00,5.093896,-0.074369036,0.6113701,324.16348,170.98526,258.84424,338.4888,-5.384827,-8.021405,60.12743,15.646540564333757
2019-07-08 12:00:00,3.5644712,-0.11733919,0.61907816,187.96867,105.88751,292.84293,331.79922,-2.8849332,-7.340539,32.89939,10.5017259547897
2019-07-09 12:00:00,2.3931675,-0.23158906,0.64642745,240.69113,144.22774,279.59802,326.35907,-4.7257447,-12.373913,32.602688,10.731574515460695
2019-07-10 12:00:00,2.2744548,-0.751781,0.6425947,339.43326,190.1637,245.94235,331.52048,-23.230867,-6.495176,33.965397,9.393632214749326
2019-07-11 12:00:00,4.2646284,-0.57194936,0.6401469,330.27438,180.29007,249.01031,336.5595,-13.657232,-10.099893,38.677994,9.7599457306631
2019-07-12 12:00:00,4.748564,-0.28506428,0.6268819,232.59474,126.34774,280.7234,335.73566,-0.85359395,-8.193059,42.18808,10.925597008958684
2019-07-13 12:00:00,4.8229127,-0.39646935,0.62344825,342.70755,183.13654,241.73253,336.64963,-4.2272267,-13.66652,46.76017,13.255936493507493
2019-07-14 12:00:00,4.2717004,-0.26912433,0.61898834,322.4327,171.02405,247.70383,333.5406,-7.3097005,-9.075212,49.18699,15.67375808931222
2019-07-15 12:00:00,4.334596,-0.1313769,0.6114946,268.07437,139.29405,274.80615,336.56717,-8.177364,-9.222349,49.61959,13.933873034936648
2019-07-16 12:00:00,4.384753,-0.2650774,0.6155379,299.69635,157.09302,257.4323,336.51505,-8.497085,-9.548868,45.474648,12.649518105060599
2019-07-17 12:00:00,4.3979697,-0.7076288,0.6164107,334.60098,177.46974,238.44664,336.55667,-11.295778,-10.455498,37.269936,10.528027894836354
2019-07-18 12:00:00,3.0449321,-0.7814091,0.6212893,291.1154,156.9564,244.35399,330.52682,-12.380796,-9.792845,25.812502,9.981092420488231
2019-07-19 12:00:00,2.1641376,-0.8047193,0.63124686,239.02115,130.42882,264.54187,328.5053,-19.869385,-5.7569265,19.002579,7.74439648674556
2019-07-20 12:00:00,2.2226229,-0.37879857,0.6570698,216.31749,126.0981,287.07788,330.372,-15.624297,-4.49291,26.808054,7.830005896494024
2019-07-21 12:00:00,1.6389049,-0.58515,0.66073954,228.00145,139.60188,277.5258,326.30563,-17.597797,-6.2399106,15.782013,7.213536117400154
2019-07-22 12:00:00,1.803058,-0.66907454,0.66202706,228.94844,133.33258,275.3933,324.26016,-14.570783,-10.147671,22.030556,8.5288338001498
2019-07-23 12:00:00,3.155339,-0.28636506,0.6471405,180.8466,107.844536,289.14288,327.85577,10.446839,-12.714613,32.0214,10.35116919524576
2019-07-24 12:00:00,3.8502755,-0.88165176,0.64056975,288.30765,162.06458,247.18042,330.41196,6.6286516,-14.97432,34.665867,9.446463470266847
2019-07-25 12:00:00,3.924924,-1.5007867,0.637465,328.04337,180.18073,230.5587,330.5512,-10.95647,-8.432808,28.480854,8.95932168050911
2019-07-26 12:00:00,3.7951627,-1.3652436,0.6356357,320.67014,174.89421,233.28935,330.37885,-13.437916,-8.387193,26.861324,8.344671967875867
2019-07-27 12:00:00,3.0606637,-1.2064501,0.63852316,288.25095,157.18964,240.99683,329.32178,-5.105541,-14.460982,23.169834,8.39622923381395
2019-07-28 12:00:00,2.1830144,-1.7487183,0.63810986,304.23337,167.23523,229.66406,325.97037,-8.4255295,-14.30652,17.959784,7.0976841527335655
2019-07-29 12:00:00,2.7474658,-1.4020835,0.6370614,296.09955,162.40256,234.80318,328.02078,-1.2132251,-11.76804,27.49812,8.303940864670706
2019-07-30 12:00:00,4.320376,-1.0675405,0.63051605,292.4254,158.11174,236.31488,330.76224,16.890772,-15.585699,41.171387,10.996654058353752
2019-07-31 12:00:00,5.1975965,-0.15783969,0.61346954,277.047,145.03056,252.82172,336.58978,12.019003,-5.126008,55.141365,16.373053970776706
2019-08-01 12:00:00,4.68651,-0.047882576,0.6005376,258.83707,129.62589,259.3478,334.4292,7.7776127,5.012582,66.91998,19.21944037621531
2019-08-02 12:00:00,3.9406195,-0.11416463,0.60564506,230.26689,120.30696,266.0808,330.4133,6.208143,0.75010985,52.585697,19.251193009053356
2019-08-03 12:00:00,3.0923529,-1.0145606,0.61279684,280.7527,145.6907,234.89551,330.0627,-5.22527,-2.106394,32.56311,8.668979769420735
2019-08-04 12:00:00,3.9916358,-0.52602184,0.6108096,233.34558,117.49239,255.0188,331.63187,-2.8876584,-4.730352,31.62211,9.497913367751806
2019-08-05 12:00:00,3.5855944,-0.44909102,0.6113349,252.54431,131.27788,247.90536,331.6305,-4.577462,-2.6174982,30.346346,8.643889497964976
2019-08-06 12:00:00,3.4027631,-1.0124172,0.61292696,232.8516,123.27798,251.40776,329.5734,-3.9696736,-2.0028992,25.43541,6.900815038767671
2019-08-07 12:00:00,4.082662,-0.040808436,0.60044694,117.0822,65.09743,310.13528,330.30222,11.597674,3.3517675,46.767284,13.758071400786829
2019-08-08 12:00:00,3.4886756,-0.022624712,0.5972436,167.30893,88.21464,299.58005,331.64722,-1.6879251,1.4617532,46.800953,13.256682269958096
2019-08-09 12:00:00,2.7056715,-0.8560591,0.6157421,220.8676,120.79096,255.74841,328.09903,-5.826306,0.8325626,22.732279,6.747173794559459
2019-08-10 12:00:00,3.5172648,-0.5472344,0.61200064,200.91768,102.43323,260.94128,329.21375,-0.5947418,-2.8321116,26.785137,7.524751351952443
2019-08-11 12:00:00,3.471472,-0.33388054,0.61194265,182.76326,96.177055,273.20422,329.8699,0.21161206,-2.481245,27.650892,8.483368921657837
2019-08-12 12:00:00,2.603055,-1.2552145,0.6157203,235.19275,123.15016,242.68332,325.74152,-9.579541,-0.69105357,18.713797,5.83510299011158
2019-08-13 12:00:00,2.438459,-1.54351,0.6187137,227.77615,120.33324,238.09927,323.80356,-6.7917147,-1.43499,13.511928,4.601906492407585
2019-08-14 12:00:00,2.8951795,-1.3618326,0.6154124,216.89545,112.433266,245.16264,325.3097,-4.1871276,-3.5561304,16.571873,4.450267275628407
2019-08-15 12:00:00,2.584898,-1.9619849,0.622217,228.38191,121.63727,232.68321,323.08942,-0.4776289,-5.810729,10.050082,3.983056343211437
2019-08-16 12:00:00,2.065148,-2.4019163,0.6244268,221.859,119.08754,231.31349,320.76672,-1.807475,-4.2647395,7.2460074,3.460648953425713
2019-08-17 12:00:00,1.735634,-2.4443996,0.62322754,215.30826,115.99322,231.04102,319.45612,-1.1645129,-3.1522412,6.5831866,3.4288407374136898
2019-08-18 12:00:00,0.5566217,-2.8735485,0.6261428,195.47833,107.012566,239.02399,316.08942,-7.0466366,-0.055293217,4.2984076,2.7722384816496417
2019-08-19 12:00:00,-0.107333705,-1.1117493,0.68209326,100.669334,69.261894,295.56052,316.91458,-7.297179,-4.807991,-2.051795,1.772457138779888
2019-08-20 12:00:00,-1.9402103,-3.1406903,0.77464306,138.39043,92.46571,264.21625,306.585,-7.6794844,-4.924428,-9.047943,0.20989779223182167
2019-08-21 12:00:00,-3.0061002,-5.0741267,0.766906,149.77101,100.391785,239.7371,297.85477,1.9312451,-3.7152636,-10.522452,0.037052892882218295
2019-08-22 12:00:00,-1.4117501,-3.22094,0.7455449,124.174126,82.57408,263.09128,306.54163,6.135316,-4.1010404,0.18397188,0.14734183112331908
2019-08-23 12:00:00,-2.1186233,-4.318453,0.73595417,147.34717,93.4956,238.38089,300.80527,14.835416,-11.221961,-4.9593525,0.10969777344200442
2019-08-24 12:00:00,-0.68143994,-2.823557,0.7054318,110.471146,71.07645,279.7994,308.78397,29.49612,-37.735844,2.1704178,0.17879760334899644
2019-08-25 12:00:00,-1.2064346,-3.0714343,0.7029324,135.48112,84.45331,256.57327,307.0686,13.293395,-12.597643,1.2282381,0.20834391397344484
2019-08-26 12:00:00,-2.7184007,-4.732789,0.6988822,119.391106,75.169395,242.2351,299.42096,11.236005,-3.5393112,-5.2674484,0.06844780652286585
2019-08-27 12:00:00,-2.6891441,-3.87037,0.7061646,105.24471,67.993866,270.92343,303.05597,-1.5451465,-3.67459,-0.101427555,0.16367604055652568
2019-08-28 12:00:00,-2.6922588,-4.237751,0.7300504,94.46678,61.930824,259.68372,299.19843,12.122194,-8.926642,-3.7832003,0.04821004710204203
2019-08-29 12:00:00,0.5403847,-1.4887458,0.70536935,77.10677,48.016026,289.8282,314.30383,21.21636,-7.2772307,18.55423,2.301710108804041
2019-08-30 12:00:00,2.3995981,-1.0236846,0.68480855,95.80987,63.449944,273.04083,318.94385,53.310223,-26.475374,13.291758,4.252501194515304
2019-08-31 12:00:00,1.634725,-2.3591413,0.68034285,107.73019,65.35321,259.87823,313.46753,42.884407,-28.81635,2.8557377,0.9188135932765908
2019-09-01 12:00:00,-0.5692392,-4.501779,0.6782698,131.4769,78.57521,225.70659,302.09607,34.349297,-13.45319,-2.5916862,0.48716165998526717
2019-09-02 12:00:00,-2.4454389,-5.9038234,0.6782397,132.63602,77.899605,218.10526,294.93484,25.161663,-11.652945,-8.584459,0.1334563923997335
2019-09-03 12:00:00,-3.9639924,-6.699383,0.67314035,108.41854,64.03552,228.92497,290.1707,17.583286,-8.05793,-7.3373375,0.0067180029684594
2019-09-04 12:00:00,-5.619412,-8.389476,0.6746298,127.53175,75.37649,213.59781,283.04016,8.602172,-2.3352768,-11.020191,1.4705096194834966e-07
2019-09-05 12:00:00,-5.420612,-8.414425,0.67098266,101.14942,58.79589,220.29623,282.34094,20.353008,-6.1504908,-5.48866,-2.7117223397909074e-07
2019-09-06 12:00:00,-6.240808,-9.563612,0.6736486,123.54146,73.31306,205.41058,277.4067,9.743359,-0.093205705,-12.11757,-2.507009397006282e-07
2019-09-07 12:00:00,-9.098549,-11.012141,0.6746793,117.504425,69.80752,194.14398,268.98203,11.271473,0.6263318,-15.243332,-2.010593973796146e-15
2019-09-08 12:00:00,-8.525506,-12.191125,0.67624676,113.882385,67.204315,195.53242,266.26154,12.7425165,-1.0616313,-12.370155,-2.5348452241011613e-08
2019-09-09 12:00:00,-8.364565,-10.867435,0.67363995,75.94203,45.557102,220.29343,271.16055,20.571053,-2.9567626,-2.8679068,-2.5671540774430797e-08
2019-09-10 12:00:00,-9.285198,-11.323028,0.67921,85.32262,53.533516,223.21326,269.60712,5.46255,0.06997713,-9.072232,-9.27678654465364e-14
2019-09-11 12:00:00,-11.200371,-13.09023,0.72333497,91.76474,56.271973,206.68768,262.60925,5.0225377,-0.4017597,-15.808025,4.252476908555367e-15
2019-09-12 12:00:00,-12.154703,-14.560867,0.7367051,90.65527,55.571068,199.89096,256.89465,7.5856795,-0.58599746,-14.919805,4.2552235263619596e-15
2019-09-13 12:00:00,-13.166547,-16.298552,0.74482685,92.29709,56.247154,187.62674,251.25955,12.052119,-0.51025724,-16.041016,4.2548336002246186e-15
2019-09-14 12:00:00,-12.632773,-16.042624,0.74137425,84.09486,51.09035,197.7989,253.14029,14.609741,-2.2879734,-10.015112,4.255680320474104e-15
2019-09-15 12:00:00,-10.781933,-14.000622,0.7393924,61.465416,38.190804,221.55275,260.7655,16.56714,-3.323348,-2.6943483,4.256037230194273e-15
2019-09-16 12:00:00,-11.488027,-14.7271185,0.7447447,80.328255,49.208046,205.22011,258.1959,15.995914,-1.9509277,-7.810589,4.256037230194273e-15
2019-09-17 12:00:00,-10.652974,-13.746953,0.7445581,76.5327,46.690193,210.00966,262.60953,18.81495,-0.95491374,-4.897325,4.256037230285701e-15
2019-09-18 12:00:00,-13.680342,-17.294432,0.7485654,77.06948,47.136627,184.50206,248.34381,18.415491,-1.1071637,-16.60057,4.256037231176786e-15
2019-09-19 12:00:00,-15.317611,-19.207188,0.7475511,73.79054,44.952187,176.9662,241.08267,18.156673,-0.5822362,-17.703676,4.256037231176786e-15
2019-09-20 12:00:00,-16.280848,-20.662786,0.7487387,71.64511,43.68619,169.52531,235.61111,20.245771,-0.7759241,-18.657034,4.256037231176786e-15
2019-09-21 12:00:00,-15.99883,-20.73595,0.74763244,67.10236,40.674473,167.52835,235.42705,29.572474,-0.53364813,-12.431981,4.252476908555367e-15
2019-09-22 12:00:00,-11.198527,-15.6748705,0.7446039,50.403965,29.020107,205.4167,255.4137,33.67574,2.8591435,7.9217463,4.2552235263619596e-15
2019-09-23 12:00:00,-5.83533,-9.640803,0.74537337,30.002123,18.394045,263.92572,280.85825,22.313717,2.9474983,19.936768,-4.433239872523282e-05
2019-09-24 12:00:00,-7.806794,-10.685939,0.75132537,38.57368,23.549746,242.33911,275.06296,13.348343,1.6554973,-2.696071,-9.398530800017469e-11
2019-09-25 12:00:00,-10.71737,-13.010963,0.755239,43.031452,25.34017,215.05623,262.6651,24.210075,-1.8289391,-7.536453,4.256037230194273e-15
2019-09-26 12:00:00,-9.166833,-11.767567,0.754991,22.40773,14.38258,226.19862,267.38443,42.258404,-1.5365344,7.5612135,-0.00017042578879160165
2019-09-27 12:00:00,-1.4596758,-4.3479,0.7646911,36.138603,23.076773,271.35025,300.32312,50.879112,-13.996403,20.971668,-0.01233285917035663
2019-09-28 12:00:00,-0.6727531,-4.982518,0.7550783,37.9864,23.662663,242.5573,298.32504,77.193504,-25.722713,10.026783,9.750047444818512e-05
2019-09-29 12:00:00,-2.666826,-6.6264033,0.74691945,28.63015,17.40267,238.6243,290.07535,56.425,-11.841218,4.3602095,-0.00018818678250435148
2019-09-30 12:00:00,-1.5708634,-4.3000593,0.74807113,18.527721,11.956436,280.5757,300.62158,23.185179,1.0075027,10.718099,-0.00794368225047896
2019-10-01 12:00:00,-2.4016023,-4.744774,0.7475871,17.991755,11.662557,270.72516,297.5267,26.712036,-3.0225778,3.217111,-0.007322897726877183
2019-10-02 12:00:00,-6.117031,-8.657344,0.7441795,22.4173,13.755767,240.01068,280.0128,24.699074,-2.707398,-9.348896,-0.00010058372733837969
2019-10-03 12:00:00,-7.6006627,-10.336894,0.7430443,16.7302,10.525912,237.6789,272.4166,27.226519,-5.3792553,-6.6861496,4.2548324686521595e-15
2019-10-04 12:00:00,-7.0958195,-10.250758,0.74259675,17.59308,10.892845,223.39651,272.83932,42.391167,-3.7894075,-4.1408176,-1.729636923087551e-08
2019-10-05 12:00:00,-8.545103,-11.839409,0.73939884,18.157785,11.109857,216.72601,265.67966,29.717333,1.4973083,-10.691074,-2.288027884204712e-09
2019-10-06 12:00:00,-9.728926,-11.820999,0.74098206,15.973619,9.229278,229.1561,265.86093,20.299374,0.22051084,-9.440607,4.256036098621814e-15
2019-10-07 12:00:00,-11.0704,-12.758146,0.7568852,12.987365,8.154682,230.34729,261.92038,22.198465,-0.71824795,-5.2601886,4.256036098650823e-15
2019-10-08 12:00:00,-11.286886,-13.443901,0.7590748,12.025418,7.584043,225.09767,259.6689,23.117556,-0.69523203,-7.707544,4.256036098933565e-15
2019-10-09 12:00:00,-11.330262,-13.373196,0.75798136,11.121683,7.142476,226.25029,259.61777,30.139381,-1.6793509,-0.9282408,4.256036098933565e-15
2019-10-10 12:00:00,-6.750061,-9.382235,0.7553249,13.054883,8.235638,234.02448,275.75937,50.77765,-9.585035,4.276964,-4.127631434760642e-07
2019-10-11 12:00:00,-8.002183,-11.094715,0.7477761,7.7387476,5.105244,226.2112,269.32632,57.17845,-19.63247,-2.9356422,-2.9141839458122538e-09
2019-10-12 12:00:00,-10.974161,-13.008931,0.7435737,7.423906,4.7691536,230.2843,260.97226,20.868904,-0.52097976,-7.685281,4.2552235263619596e-15
2019-10-13 12:00:00,-15.591804,-18.248941,0.74734324,8.960504,5.7378616,180.90552,239.43997,31.249655,0.44091973,-23.621239,4.2548336002246186e-15
2019-10-14 12:00:00,-14.343075,-16.803526,0.7438455,4.839494,3.117575,199.11716,245.62592,48.545715,-6.0955553,-2.3366785,4.255680320474104e-15
2019-10-15 12:00:00,-11.1827,-12.579399,0.74670213,4.1142693,2.702954,231.94476,262.23123,33.46524,-3.5314164,1.0586715,4.256037230194273e-15
2019-10-16 12:00:00,-12.545079,-13.838895,0.74463713,3.5249214,2.3327925,224.54242,256.93402,28.419752,-3.1478064,-5.9275265,4.256037230194273e-15
2019-10-17 12:00:00,-13.554932,-14.812352,0.7422215,2.9376404,1.9403616,223.37143,253.05925,25.175047,-2.5121815,-6.0276766,4.256037230285701e-15
2019-10-18 12:00:00,-19.13209,-20.456263,0.754722,3.3774793,2.2556338,178.28471,230.66763,19.122185,1.4336644,-30.705225,4.256037231176786e-15
2019-10-19 12:00:00,-26.08554,-28.692772,0.76192194,2.5400727,1.7227604,143.21848,200.93973,21.566086,0.033646744,-35.304207,4.256037231176786e-15
2019-10-20 12:00:00,-27.991703,-30.903246,0.76499796,1.7852595,1.2261546,134.86551,193.98311,28.8324,0.033228226,-29.692867,4.256037231176786e-15
2019-10-21 12:00:00,-24.40472,-27.701283,0.764952,1.0408733,0.72297114,155.39159,205.85922,40.40605,-0.7963257,-10.540009,4.252476908555367e-15
2019-10-22 12:00:00,-20.704042,-24.22532,0.7629672,0.5512689,0.3895537,166.53268,218.25906,46.472324,-0.8058778,-5.8982162,4.2552235263619596e-15
2019-10-23 12:00:00,-13.903644,-16.672396,0.7566535,0.17423838,0.12912461,221.73172,247.58318,48.70841,-2.8303475,20.07172,4.2548336002246186e-15
2019-10-24 12:00:00,-8.253599,-9.820712,0.760098,0.025072746,0.019833097,254.42896,274.04886,45.50661,-5.9272485,19.964699,4.25150979412378e-15
2019-10-25 12:00:00,-6.711291,-7.3941445,0.7874157,0.00012063433,9.768755e-05,275.10016,283.4772,28.823095,-8.37029,12.075784,-6.144578653868745e-14
2019-10-26 12:00:00,-11.132664,-12.890264,0.79806405,0.0,0.0,220.03526,260.0042,30.540558,0.34954897,-9.078841,4.256037230194273e-15
2019-10-27 12:00:00,-12.745903,-13.668531,0.80296975,0.0,0.0,249.49164,257.38196,4.58004,0.4822417,-2.8280382,4.256037230285701e-15
2019-10-28 12:00:00,-20.063126,-21.877134,0.8136465,0.0,0.0,187.75221,225.75124,12.980805,1.5099924,-23.508226,4.256037231176786e-15
2019-10-29 12:00:00,-21.799053,-23.781029,0.81099695,0.0,0.0,182.85628,218.62592,22.579313,1.8135756,-11.376749,4.256037231176786e-15
2019-10-30 12:00:00,-21.8064,-24.075306,0.81201273,0.0,0.0,177.00784,217.6342,22.628654,1.8266093,-16.171095,4.256037231176786e-15
2019-10-31 12:00:00,-20.023003,-22.529148,0.8108726,0.0,0.0,189.06552,223.35905,25.361635,1.8553792,-7.076519,4.256037231176786e-15
2019-11-01 12:00:00,-21.410326,-24.196907,0.81028885,0.0,0.0,189.34006,217.18814,16.257822,0.40583807,-11.184423,4.252476908555367e-15
2019-11-02 12:00:00,-23.281807,-26.686016,0.8101473,0.0,0.0,168.41266,207.89645,20.651136,1.672619,-17.16004,4.2552235263619596e-15
2019-11-03 12:00:00,-17.063301,-19.53448,0.81009185,0.0,0.0,221.24629,234.85834,17.793419,2.2955697,6.476943,4.2548336002246186e-15
2019-11-04 12:00:00,-15.430135,-17.781183,0.80989087,0.0,0.0,204.93927,242.31442,34.80764,1.0240917,-1.5434208,4.255680320474104e-15
2019-11-05 12:00:00,-23.134953,-25.660685,0.8100544,0.0,0.0,164.93602,212.63562,29.797995,1.5097398,-16.391867,4.256037230194273e-15
2019-11-06 12:00:00,-24.461946,-27.109629,0.81192654,0.0,0.0,162.97896,207.94351,27.464718,1.7251691,-15.774667,4.256037230194273e-15
2019-11-07 12:00:00,-28.503914,-31.340212,0.8122599,0.0,0.0,143.59837,193.38562,27.265278,1.5628098,-20.95916,4.256037230285701e-15
2019-11-08 12:00:00,-31.453964,-34.2972,0.818661,0.0,0.0,131.75969,183.6124,28.596859,0.82253623,-22.433311,4.256037231176786e-15
2019-11-09 12:00:00,-31.704437,-34.724854,0.81863236,0.0,0.0,127.75933,182.16838,34.13273,0.5371569,-19.739164,4.256037231176786e-15
2019-11-10 12:00:00,-29.781656,-33.861313,0.8186919,0.0,0.0,127.335144,184.656,42.436295,0.081300214,-14.8032675,4.256037231176786e-15
2019-11-11 12:00:00,-21.227627,-26.49628,0.8174292,0.0,0.0,154.60767,209.48221,56.15761,-0.78841704,0.49465257,4.252476908555367e-15
2019-11-12 12:00:00,-19.315556,-24.187109,0.81415546,0.0,0.0,166.61313,218.15462,48.137688,1.039102,-2.364699,4.2552235263619596e-15
2019-11-13 12:00:00,-15.104109,-19.090157,0.80974436,0.0,0.0,211.99295,238.16406,38.645027,0.16596523,12.63988,4.2548336002246186e-15
2019-11-14 12:00:00,-16.617107,-21.389109,0.8141397,0.0,0.0,162.71786,228.85701,68.40508,-6.838226,-4.572288,4.255680320474104e-15
2019-11-15 12:00:00,-11.006725,-14.087591,0.809715,0.0,0.0,231.23784,257.69498,45.972874,-2.3834782,17.132257,4.256037230194273e-15
2019-11-16 12:00:00,-14.976714,-16.748325,0.8105321,0.0,0.0,214.57509,245.87883,32.988743,-4.0748563,-2.389855,4.256037230194273e-15
2019-11-17 12:00:00,-21.22959,-24.712282,0.8162939,0.0,0.0,163.25508,216.80807,35.759605,0.073608935,-17.71978,4.256037230285701e-15
2019-11-18 12:00:00,-26.224213,-29.240097,0.814693,0.0,0.0,147.20877,200.86087,39.27785,0.21640086,-14.157847,4.256037231176786e-15
2019-11-19 12:00:00,-17.303928,-20.226433,0.8097147,0.0,0.0,202.89806,233.0087,32.791767,2.2926702,4.973796,4.256037231176786e-15
2019-11-20 12:00:00,-18.471653,-20.765665,0.8097085,0.0,0.0,200.8165,230.92747,30.157867,-0.6042925,-0.55740225,4.256037231176786e-15
2019-11-21 12:00:00,-20.718758,-22.8864,0.8096816,0.0,0.0,180.37883,222.92215,35.222244,0.015042215,-7.306033,4.252476908555367e-15
2019-11-22 12:00:00,-23.077328,-25.07393,0.80916446,0.0,0.0,178.09062,215.14192,26.397097,-0.19308296,-10.847286,4.2552235263619596e-15
2019-11-23 12:00:00,-22.928143,-25.499367,0.8090259,0.0,0.0,175.21475,213.39877,31.548532,0.16467157,-6.470817,4.2548336002246186e-15
2019-11-24 12:00:00,-13.616759,-15.482873,0.80921394,0.0,0.0,238.55266,251.2957,28.616459,0.019633159,15.89305,4.255680320474104e-15
2019-11-25 12:00:00,-13.4961605,-15.59159,0.8095155,0.0,0.0,226.47961,250.65799,25.92488,0.36331457,2.1098185,4.256037230194273e-15
2019-11-26 12:00:00,-16.098713,-18.14259,0.80930406,0.0,0.0,220.18958,240.5853,14.299471,2.0891955,-4.0070553,4.256037230194273e-15
2019-11-27 12:00:00,-18.008492,-19.367834,0.8093171,0.0,0.0,224.35013,235.90164,5.9368987,1.0623617,-4.5522532,4.256037230285701e-15
2019-11-28 12:00:00,-24.244421,-26.863157,0.81344837,0.0,0.0,165.80017,208.53935,27.867846,2.108117,-12.763219,4.256037231176786e-15
2019-11-29 12:00:00,-14.088463,-15.445949,0.80929226,0.0,0.0,238.85147,250.92412,20.635286,0.06741027,8.63005,4.256037231176786e-15
2019-11-30 12:00:00,-18.883013,-20.561417,0.8092874,0.0,0.0,209.38846,231.38594,18.371353,-0.10278975,-3.7289188,4.256037231176786e-15
2019-12-01 12:00:00,-18.08437,-20.286247,0.8096999,0.0,0.0,196.00984,232.77737,31.981697,-2.2314012,-7.0172367,4.252476908555367e-15
2019-12-02 12:00:00,-21.115227,-24.120546,0.8102452,0.0,0.0,176.1574,218.11479,35.70271,0.3735071,-5.8811812,4.2552235263619596e-15
2019-12-03 12:00:00,-18.44319,-21.555264,0.80934155,0.0,0.0,185.08815,227.58104,36.75663,1.3116663,-4.424593,4.2548336002246186e-15
2019-12-04 12:00:00,-19.853235,-22.099398,0.8092568,0.0,0.0,206.22557,226.04944,18.12206,0.10585834,-1.5959487,4.255680320474104e-15
2019-12-05 12:00:00,-19.56281,-20.888006,0.8093082,0.0,0.0,221.03484,230.28995,8.147553,-0.07856756,-1.1861258,4.256037230194273e-15
2019-12-06 12:00:00,-23.286428,-25.095003,0.8100818,0.0,0.0,188.04031,215.47594,13.241049,0.1839089,-14.010666,4.256037230194273e-15
2019-12-07 12:00:00,-29.477938,-32.59289,0.8174047,0.0,0.0,129.45378,189.47552,42.251904,0.004866951,-17.764973,4.256037230285701e-15
2019-12-08 12:00:00,-27.182575,-30.131523,0.8124053,0.0,0.0,146.05258,197.89737,41.369274,0.12550923,-10.350004,4.256037231176786e-15
2019-12-09 12:00:00,-28.904007,-32.573734,0.8183944,0.0,0.0,132.05843,189.35352,41.340088,0.3353784,-15.619623,4.256037231176786e-15
2019-12-10 12:00:00,-30.109734,-35.50994,0.8126801,0.0,0.0,134.1062,180.24908,26.971294,0.8156236,-18.355965,4.256037231176786e-15
2019-12-11 12:00:00,-31.637705,-37.299152,0.81666607,0.0,0.0,125.43835,174.92464,32.181805,0.8067968,-16.497688,4.252476908555367e-15
2019-12-12 12:00:00,-33.09693,-37.20822,0.813272,0.0,0.0,124.193085,174.77045,31.785908,0.8576618,-17.933792,4.2552235263619596e-15
2019-12-13 12:00:00,-27.25358,-30.437298,0.8128259,0.0,0.0,135.1634,196.69623,64.34472,-0.8993406,1.9125566,4.2548336002246186e-15
2019-12-14 12:00:00,-26.446404,-29.768862,0.8144864,0.0,0.0,136.48787,199.2248,59.98081,-1.0274504,-3.7835655,4.255680320474104e-15
2019-12-15 12:00:00,-23.290956,-26.394815,0.81284136,0.0,0.0,150.46478,210.71979,59.21631,-1.3565953,-2.3952916,4.256037230194273e-15
2019-12-16 12:00:00,-29.33841,-32.592125,0.8158198,0.0,0.0,138.81944,189.72362,36.90698,0.64337516,-13.353821,4.256037230194273e-15
2019-12-17 12:00:00,-27.981136,-31.45617,0.8159384,0.0,0.0,145.69984,193.61842,39.74567,0.6718594,-7.5010495,4.256037230285701e-15
2019-12-18 12:00:00,-24.904737,-28.294857,0.81161416,0.0,0.0,170.59506,204.24536,31.594791,0.6225565,-1.4329512,4.256037231176786e-15
2019-12-19 12:00:00,-21.657444,-25.333506,0.81335664,0.0,0.0,168.23743,214.46893,45.120377,1.8695734,0.7584436,4.256037231176786e-15
2019-12-20 12:00:00,-19.937754,-22.800201,0.80937195,0.0,0.0,190.40149,223.70978,37.260395,-0.10248652,3.8496199,4.256037231176786e-15
2019-12-21 12:00:00,-24.909925,-27.936657,0.81382066,0.0,0.0,161.35971,205.62723,32.126015,0.8700105,-11.271492,4.252476908555367e-15
2019-12-22 12:00:00,-24.833948,-27.444906,0.8101709,0.0,0.0,178.72362,207.01291,24.742731,-0.038194336,-3.5847547,4.2552235263619596e-15
2019-12-23 12:00:00,-22.673477,-24.883154,0.8093283,0.0,0.0,192.34978,215.93518,22.557537,0.5173611,-0.51050526,4.2548336002246186e-15
2019-12-24 12:00:00,-20.239279,-22.697155,0.8093066,0.0,0.0,203.66656,223.596,19.24797,1.4680979,0.7866404,4.255680320474104e-15
2019-12-25 12:00:00,-21.1806,-23.290346,0.809305,0.0,0.0,196.8688,221.53726,22.017157,1.3932272,-1.2580732,4.256037230194273e-15
2019-12-26 12:00:00,-23.384336,-25.682482,0.8093054,0.0,0.0,181.5974,213.31499,22.034456,0.70384777,-8.979286,4.256037230194273e-15
2019-12-27 12:00:00,-28.707476,-32.224113,0.8141736,0.0,0.0,142.65227,191.20422,33.605778,1.171718,-13.774461,4.256037230285701e-15
2019-12-28 12:00:00,-24.46847,-28.375753,0.8103515,0.0,0.0,159.05466,203.98836,43.388042,-0.68348706,-2.229145,4.256037231176786e-15
2019-12-29 12:00:00,-20.10294,-22.014944,0.8106858,0.0,0.0,199.28659,226.14095,38.329563,-5.6229467,5.8522615,4.256037231176786e-15
2019-12-30 12:00:00,-29.395618,-30.289133,0.80979735,0.0,0.0,162.202,197.68593,16.889086,-0.7339103,-19.328756,4.256037231176786e-15
2019-12-31 12:00:00,-38.99994,-40.208138,0.81022006,0.0,0.0,117.35152,166.29321,24.926924,-0.015756173,-24.030529,4.256037231176786e-15
2020-01-01 12:00:00,-42.631165,-44.0251,0.8093033,0.0,0.0,113.053215,155.27376,14.995421,0.09990369,-27.125217,4.252476908555367e-15
2020-01-02 12:00:00,-44.919594,-46.856064,0.81036794,0.0,0.0,89.871086,147.96973,33.5404,0.10846703,-24.449772,4.2552235263619596e-15
2020-01-03 12:00:00,-41.40971,-43.83379,0.8106065,0.0,0.0,103.22684,155.6807,35.985664,0.51766825,-15.950525,4.2548336002246186e-15
2020-01-04 12:00:00,-45.29617,-47.790863,0.81485254,0.0,0.0,87.223305,145.26161,33.338326,0.24271716,-24.457264,4.255680320474104e-15
2020-01-05 12:00:00,-39.887455,-43.809406,0.8158087,0.0,0.0,105.98967,155.50069,38.255135,0.4180087,-10.837873,4.256037230194273e-15
2020-01-06 12:00:00,-31.56567,-35.926353,0.8108975,0.0,0.0,148.71051,178.46935,25.893589,0.70499825,-3.1602476,4.256037230194273e-15
2020-01-07 12:00:00,-31.76088,-36.174644,0.8120158,0.0,0.0,133.32358,178.41031,40.647297,0.47747523,-3.961959,4.256037230285701e-15
2020-01-08 12:00:00,-26.432571,-31.168001,0.80930597,0.0,0.0,161.31523,194.37659,32.879864,0.63289154,0.45139968,4.256037231176786e-15
2020-01-09 12:00:00,-24.215567,-28.722952,0.80930513,0.0,0.0,172.83052,203.18776,33.658638,1.0385413,4.3399405,4.256037231176786e-15
2020-01-10 12:00:00,-22.011595,-26.129074,0.8093046,0.0,0.0,153.5258,211.9714,62.636772,-2.5774395,1.6137302,4.256037231176786e-15
2020-01-11 12:00:00,-27.367764,-30.897907,0.8143543,0.0,0.0,126.98854,195.69357,62.0646,-1.9435111,-8.583941,4.252476908555367e-15
2020-01-12 12:00:00,-31.146963,-35.022785,0.8100208,0.0,0.0,128.91652,182.18936,41.93995,0.4307034,-10.90219,4.2552235263619596e-15
2020-01-13 12:00:00,-31.850927,-36.07972,0.8093105,0.0,0.0,131.79199,178.93022,35.012856,0.30874124,-11.816632,4.2548336002246186e-15
2020-01-14 12:00:00,-30.621052,-34.23178,0.8093075,0.0,0.0,150.90929,184.69275,28.93527,-0.06372835,-4.9119205,4.255680320474104e-15
2020-01-15 12:00:00,-33.98765,-37.40671,0.81298596,0.0,0.0,129.91815,175.00749,29.143488,1.2442814,-14.7015705,4.256037230194273e-15
2020-01-16 12:00:00,-35.906075,-39.442936,0.8126225,0.0,0.0,121.079765,168.75552,33.82922,0.90101767,-12.94552,4.256037230194273e-15
2020-01-17 12:00:00,-32.27605,-35.757977,0.8173696,0.0,0.0,122.9515,180.03703,52.946053,0.18537705,-3.9541035,4.256037230285701e-15
2020-01-18 12:00:00,-29.787188,-33.927895,0.818127,0.0,0.0,118.72475,185.74959,62.848347,-1.6686379,-5.8451324,4.256037231176786e-15
2020-01-19 12:00:00,-35.1485,-39.555237,0.81797475,0.0,0.0,111.250885,168.49297,41.47262,-0.095557004,-15.86502,4.256037231176786e-15
2020-01-20 12:00:00,-32.96979,-36.615383,0.8155626,0.0,0.0,115.74007,177.53044,57.06975,0.3054634,-4.4151597,4.256037231176786e-15
2020-01-21 12:00:00,-34.143826,-37.59594,0.81762725,0.0,0.0,117.22118,174.40662,45.314445,0.31347096,-11.557516,4.252476908555367e-15
2020-01-22 12:00:00,-33.40461,-37.394104,0.81354827,0.0,0.0,123.648834,174.86458,43.378796,0.55639595,-7.2805524,4.2552235263619596e-15
2020-01-23 12:00:00,-31.611673,-35.104507,0.80940443,0.0,0.0,139.64026,182.2817,36.43923,1.1124041,-5.089798,4.2548336002246186e-15
2020-01-24 12:00:00,-29.144112,-33.620308,0.81622934,0.0,0.0,130.53285,186.56332,53.963703,-1.1399457,-3.2067144,4.255680320474104e-15
2020-01-25 12:00:00,-27.479183,-31.200762,0.8134715,0.0,0.0,135.9019,194.73714,59.167595,-0.07934555,0.25301376,4.256037230194273e-15
2020-01-26 12:00:00,-30.764378,-34.19755,0.8095999,0.0,0.0,144.75108,185.01622,29.788254,0.80680126,-9.670082,4.256037230194273e-15
2020-01-27 12:00:00,-30.171467,-33.61174,0.81034017,0.0,0.0,154.60078,186.66963,27.661856,0.14405234,-4.2629395,4.256037230285701e-15
2020-01-28 12:00:00,-27.102255,-29.873913,0.80930775,0.0,0.0,184.07501,198.63948,13.560199,0.31325403,-0.6910156,4.256037231176786e-15
2020-01-29 12:00:00,-30.775627,-33.54334,0.8093072,0.0,0.0,151.58176,186.84972,26.841228,0.9839558,-7.4427752,4.256037231176786e-15
2020-01-30 12:00:00,-31.848928,-34.27016,0.8093036,0.0,0.0,153.21898,184.6062,21.257402,0.72810495,-9.401715,4.256037231176786e-15
2020-01-31 12:00:00,-35.718792,-38.76547,0.8117745,0.0,0.0,125.536964,170.6686,31.440403,1.118993,-12.572234,4.256037231176786e-15
2020-02-01 12:00:00,-34.687332,-37.77037,0.81008106,0.0,0.0,131.76823,173.79121,29.90543,0.87365735,-11.243893,4.252476908555367e-15
2020-02-02 12:00:00,-36.182583,-39.464584,0.8096167,0.0,0.0,130.64896,169.052,25.990433,0.6863127,-11.7263,4.2552235263619596e-15
2020-02-03 12:00:00,-36.890144,-41.23771,0.81528115,0.0,0.0,116.65581,164.00685,34.21189,0.6393522,-12.499801,4.2548336002246186e-15
2020-02-04 12:00:00,-38.870182,-42.72332,0.8180196,0.0,0.0,107.34216,159.34268,37.07084,0.16466857,-14.765011,4.255680320474104e-15
2020-02-05 12:00:00,-39.195175,-42.936985,0.81781346,0.0,0.0,100.96858,158.74707,44.264027,0.017657753,-13.496804,4.256037230194273e-15
2020-02-06 12:00:00,-37.363213,-41.475117,0.81778437,0.0,0.0,104.60254,162.56133,47.757565,0.36264816,-9.838573,4.256037230194273e-15
2020-02-07 12:00:00,-32.758137,-37.042072,0.81640595,0.0,0.0,113.60195,175.81287,57.9591,-0.15108693,-4.4029026,4.256037230285701e-15
2020-02-08 12:00:00,-34.8519,-38.799362,0.81473446,0.0,0.0,122.41651,170.56807,40.325077,0.5960672,-7.2304134,4.256037231176786e-15
2020-02-09 12:00:00,-24.51437,-30.095137,0.8093078,0.0,0.0,156.80919,198.14445,46.83976,0.20648669,5.7109804,4.256037231176786e-15
2020-02-10 12:00:00,-27.085115,-32.037983,0.80930835,0.0,0.0,155.66512,192.12459,33.408466,0.9976705,-2.053336,4.256037231176786e-15
2020-02-11 12:00:00,-29.895365,-36.705482,0.8095758,0.0,0.0,136.62434,177.60962,27.073608,1.8396425,-12.072024,4.252476908555367e-15
2020-02-12 12:00:00,-34.121796,-39.462666,0.81262034,0.0,0.0,124.16624,169.16454,32.674232,1.439367,-10.884699,4.2552235263619596e-15
2020-02-13 12:00:00,-35.78587,-40.482883,0.8159682,0.0,0.0,119.205246,166.04471,34.033882,1.0511277,-11.754453,4.2548336002246186e-15
2020-02-14 12:00:00,-33.13601,-37.399,0.81762254,0.0,0.0,125.97398,174.72578,42.734043,0.5586119,-5.4591455,4.255680320474104e-15
2020-02-15 12:00:00,-30.719564,-35.793747,0.8110474,0.0,0.0,131.37582,179.96272,44.783627,-0.10090648,-3.9041786,4.256037230194273e-15
2020-02-16 12:00:00,-29.054104,-34.28229,0.8093942,0.0,0.0,131.76071,184.6125,50.35673,-0.3540424,-2.8491025,4.256037230194273e-15
2020-02-17 12:00:00,-29.203033,-35.13604,0.80939525,0.0,0.0,134.87022,182.44708,40.913803,1.0492464,-5.613809,4.256037230285701e-15
2020-02-18 12:00:00,-31.596218,-35.65667,0.8093957,0.0020956073,0.0016970267,137.70523,180.6719,37.282738,0.5871385,-5.0964017,4.256037231176786e-15
2020-02-19 12:00:00,-31.510828,-35.78639,0.80939645,0.064205445,0.051938094,137.25104,180.06224,35.573368,0.88348514,-6.3420815,4.256037231176786e-15
2020-02-20 12:00:00,-32.679005,-36.707993,0.80939645,0.26441464,0.20449999,135.93079,177.20438,32.95401,0.9810767,-7.2785897,4.256037231176786e-15
2020-02-21 12:00:00,-32.8477,-36.851967,0.8115924,0.5589108,0.4258512,133.40915,176.85208,36.076572,1.1080374,-6.125262,4.252476908555367e-15
2020-02-22 12:00:00,-27.763027,-30.087637,0.80939764,0.9047151,0.6843575,184.76341,198.88303,20.178398,0.63457704,6.913719,4.2552235263619596e-15
2020-02-23 12:00:00,-31.663782,-34.422825,0.8108028,1.5924968,1.1946175,150.44922,184.71669,22.803635,0.68324745,-10.382709,4.2548336002246186e-15
2020-02-24 12:00:00,-35.121456,-38.76063,0.8133317,2.6615436,1.995828,118.159256,170.70969,39.640335,0.9653489,-11.279032,4.255680320474104e-15
2020-02-25 12:00:00,-31.618021,-35.18362,0.80940074,2.7853496,2.062344,154.99348,182.05531,25.010439,0.08748054,-1.2409039,4.256037230194273e-15
2020-02-26 12:00:00,-32.89103,-35.910072,0.8094324,4.057426,2.9808512,147.66411,179.92291,22.163523,0.83336383,-8.185344,4.256037230194273e-15
2020-02-27 12:00:00,-31.091896,-33.18843,0.809418,4.2939863,3.1689296,171.23308,188.50858,15.524934,0.6023817,-0.023124695,4.256037230285701e-15
2020-02-28 12:00:00,-33.996006,-36.46905,0.8094503,5.156639,3.7796307,145.59158,178.28305,20.725807,0.4805906,-10.108061,4.256037231176786e-15
2020-02-29 12:00:00,-36.92134,-40.75961,0.8094795,6.971349,5.1065655,124.204414,165.6163,25.406626,0.6356899,-13.504788,4.256037231176786e-15
2020-03-01 12:00:00,-36.537434,-40.87757,0.80965596,6.288274,4.597693,123.43435,165.41797,31.852125,0.51121855,-7.9296937,4.252476908555367e-15
2020-03-02 12:00:00,-35.275616,-39.14012,0.8094511,8.58842,6.260779,126.61673,170.2821,31.495104,0.7706129,-9.072018,4.2552235263619596e-15
2020-03-03 12:00:00,-33.562374,-36.769264,0.8094517,8.663983,6.314031,137.38573,177.2884,36.820694,-0.4054147,-1.1374475,4.2548336002246186e-15
2020-03-04 12:00:00,-30.604641,-33.19868,0.8094521,9.809572,7.1766796,154.29749,188.34232,28.306717,0.6396201,-2.4656007,4.255680320474104e-15
2020-03-05 12:00:00,-35.25173,-37.60445,0.8094551,11.364528,8.332213,140.39203,174.67162,20.684515,0.67675954,-9.885998,4.256037230194273e-15
2020-03-06 12:00:00,-39.88595,-43.028294,0.8096827,16.631735,12.1862135,110.52775,158.84656,26.041079,0.7327894,-17.099419,4.256037230194273e-15
2020-03-07 12:00:00,-40.608685,-44.230556,0.8094466,16.799467,12.163786,109.550514,155.23448,25.240082,0.6878534,-15.120351,4.256037230285701e-15
2020-03-08 12:00:00,-37.77196,-40.946583,0.8094508,15.85786,11.467778,126.23341,164.47287,25.653519,0.5793872,-7.616467,4.256037231176786e-15
2020-03-09 12:00:00,-40.906788,-44.775105,0.8117103,24.559134,17.909832,103.12101,154.09998,28.593163,0.51789534,-15.218608,4.256037231176786e-15
2020-03-10 12:00:00,-39.726868,-43.61151,0.8134331,26.591837,19.373014,103.75966,157.88364,37.141693,0.44228768,-9.321175,4.256037231176786e-15
2020-03-11 12:00:00,-38.74787,-42.55516,0.81040335,28.87841,20.918789,108.255516,160.74875,37.382137,0.387659,-6.763815,4.252476908555367e-15
2020-03-12 12:00:00,-34.394917,-38.660572,0.8094822,30.943527,22.362839,116.44401,171.95052,43.257286,-0.028609794,-3.697143,4.2552235263619596e-15
2020-03-13 12:00:00,-35.100456,-39.749245,0.81052166,30.789528,22.357075,120.67595,168.97797,33.141895,0.3034224,-6.4242463,4.2548336002246186e-15
2020-03-14 12:00:00,-35.75934,-39.47834,0.81107247,36.002846,26.239443,122.740105,170.1007,31.677794,0.8960673,-5.0233226,4.255680320474104e-15
2020-03-15 12:00:00,-30.549736,-33.81532,0.80944794,26.766947,19.45131,160.75917,187.56766,24.746853,0.3333363,5.58734,4.256037230194273e-15
2020-03-16 12:00:00,-27.064974,-32.357685,0.80944926,41.358242,29.942505,134.65709,192.43974,47.13969,-1.0289649,-0.25619113,4.256037230194273e-15
2020-03-17 12:00:00,-29.11789,-31.98619,0.80944985,28.23683,20.678066,165.83665,193.67546,23.29186,-0.1871432,2.8246746,4.256037230285701e-15
2020-03-18 12:00:00,-30.701693,-33.43234,0.8098484,48.591892,35.134983,144.68704,189.0159,24.993626,-0.07607817,-5.9544005,4.256037231176786e-15
2020-03-19 12:00:00,-33.866848,-37.598827,0.81749564,54.58722,40.047604,117.663475,176.01761,35.549603,-0.107249565,-8.372165,4.256037231176786e-15
2020-03-20 12:00:00,-29.138231,-33.408585,0.8122579,58.210457,42.108242,116.96195,189.05293,60.275043,-1.332937,2.9533408,4.256037231176786e-15
2020-03-21 12:00:00,-22.771341,-27.349613,0.80944747,46.2018,33.63498,156.31021,209.78575,52.803875,-2.719396,9.17576,4.252476908555367e-15
2020-03-22 12:00:00,-21.557571,-25.057926,0.8094462,46.974335,33.74832,175.94756,217.41705,37.92106,-3.2016711,6.475903,4.2552235263619596e-15
2020-03-23 12:00:00,-23.154871,-25.841726,0.80944544,41.59497,30.348545,192.81807,214.9676,16.46989,-0.59951884,4.9672613,4.2548336002246186e-15
2020-03-24 12:00:00,-23.200613,-25.493616,0.809449,54.620857,39.55657,184.13086,215.89929,19.78196,-1.5184349,1.5593811,4.255680320474104e-15
2020-03-25 12:00:00,-23.460772,-26.313828,0.8094471,54.197052,39.009014,165.8104,212.63931,34.67514,0.39624113,3.430501,4.256037230194273e-15
2020-03-26 12:00:00,-24.067953,-26.048092,0.80944455,56.98171,40.593822,176.4295,213.2333,19.637,-0.6484123,-1.4273295,4.256037230194273e-15
2020-03-27 12:00:00,-25.840052,-27.91587,0.8094448,71.826836,51.6637,155.8677,206.95944,30.809225,-2.0374377,-2.156813,4.256037230285701e-15
2020-03-28 12:00:00,-23.506422,-26.99577,0.8094471,83.54897,60.006695,140.87666,210.46437,53.330364,-3.1113265,4.173609,4.256037231176786e-15
2020-03-29 12:00:00,-21.357231,-24.812042,0.81008554,83.37136,60.12178,163.82019,218.60114,35.985477,-2.4142494,2.0398636,4.256037231176786e-15
2020-03-30 12:00:00,-25.842258,-29.747402,0.8125666,91.55535,65.65367,132.76352,202.29073,38.258694,-0.356144,-5.7229767,4.256037231176786e-15
2020-03-31 12:00:00,-25.135431,-29.910242,0.8094533,91.61186,65.243866,148.58195,202.57256,26.190329,0.7296884,-0.70258737,4.256037231176786e-15
2020-04-01 12:00:00,-21.792595,-22.700453,0.8094559,63.167553,45.958504,195.65509,223.80591,24.081036,-6.0223246,7.1169424,4.252476908555367e-15
2020-04-02 12:00:00,-20.215462,-21.243395,0.8094705,69.15036,50.188255,201.15117,229.4725,21.077812,-4.0187526,7.6998296,4.2552235263619596e-15
2020-04-03 12:00:00,-20.232786,-24.015236,0.8098481,85.48655,61.57852,176.64415,220.68297,20.830078,0.8386548,1.5379422,4.2548336002246186e-15
2020-04-04 12:00:00,-18.817072,-23.030197,0.8098296,89.17322,64.064064,179.77234,225.20404,26.971859,-0.7994847,5.8498263,4.255680320474104e-15
2020-04-05 12:00:00,-14.203724,-15.395674,0.8094923,67.23073,48.760937,234.09953,251.5032,30.589743,-19.538086,12.117777,4.256037230194273e-15
2020-04-06 12:00:00,-17.665554,-20.993097,0.809527,120.654816,85.310486,172.45776,232.72424,32.482296,-6.7890596,0.7710867,4.256037230194273e-15
2020-04-07 12:00:00,-17.557095,-23.982595,0.81254464,129.157,91.77711,162.62341,223.65236,27.563274,-1.5464232,2.3677957,4.256037230285701e-15
2020-04-08 12:00:00,-14.352651,-17.595045,0.8101761,102.73052,73.04158,187.76843,244.13051,52.851276,-15.683621,10.494521,4.256037231176786e-15
2020-04-09 12:00:00,-14.964003,-17.190525,0.81026965,124.227264,87.25685,166.43521,244.4923,62.59384,-16.04537,5.4618015,4.256037231176786e-15
2020-04-10 12:00:00,-21.182995,-24.66865,0.81497467,143.41823,100.66245,150.31155,220.56375,20.906107,0.533073,-6.057242,4.256037231176786e-15
2020-04-11 12:00:00,-20.89715,-25.164375,0.8130396,137.82442,95.98042,155.92737,220.99112,24.356657,-1.3700049,-0.23310494,4.252476908555367e-15
2020-04-12 12:00:00,-18.98851,-23.979513,0.8095449,141.86812,98.485306,162.09036,225.84258,23.373087,-2.022844,0.9808428,4.2552235263619596e-15
2020-04-13 12:00:00,-15.317671,-16.820793,0.8095496,75.73953,54.1799,239.24783,249.15506,-1.1074415,-1.2771255,9.267838,4.2548336002246186e-15
2020-04-14 12:00:00,-13.213389,-13.761443,0.80959135,87.50562,64.56266,250.005,259.41974,-2.512179,-2.4475586,8.568492,4.255680320474104e-15
2020-04-15 12:00:00,-16.371002,-18.407291,0.8104102,149.75691,108.01204,189.9192,242.49594,11.453963,-2.0030255,-1.3809257,4.256037230194273e-15
2020-04-16 12:00:00,-19.137985,-22.438063,0.81261605,142.45412,101.70371,171.53745,229.56581,20.643513,-2.45042,0.9151311,4.256037230194273e-15
2020-04-17 12:00:00,-16.040539,-19.611662,0.80998117,173.0682,123.816666,175.38832,240.38548,18.399546,-1.3472812,1.3066437,4.256037230285701e-15
2020-04-18 12:00:00,-16.422482,-19.445791,0.8121926,134.94121,96.267075,190.23367,240.23766,23.047415,-6.045088,5.6724777,4.256037231176786e-15
2020-04-19 12:00:00,-14.265016,-15.383303,0.80961084,139.76562,97.84386,211.17029,252.36888,21.129602,-16.084734,5.7680435,4.256037231176786e-15
2020-04-20 12:00:00,-17.542559,-18.621294,0.80989206,173.7366,122.51968,181.15039,239.26268,19.650015,-14.291364,-1.5367117,4.256037231176786e-15
2020-04-21 12:00:00,-15.340184,-17.259415,0.8115719,121.55617,85.25172,209.50406,246.77554,17.074615,-7.8335423,8.27404,4.252476908555367e-15
2020-04-22 12:00:00,-12.850891,-16.224325,0.8112658,195.96783,137.69255,184.75162,253.1145,16.73138,-2.2567441,4.3870354,4.2552235263619596e-15
2020-04-23 12:00:00,-9.448603,-12.593854,0.8101696,145.21815,103.7235,216.46269,266.9843,25.188278,-4.849862,11.311446,-3.327080650093628e-08
2020-04-24 12:00:00,-11.688711,-14.5987,0.81184965,208.31895,145.99236,179.00722,257.9113,21.806381,-2.0277092,3.201203,4.255680320474104e-15
2020-04-25 12:00:00,-7.7489285,-12.08492,0.8102368,207.22258,144.4357,205.9524,272.51636,22.866735,-4.4119253,14.677726,-3.301817167930544e-06
2020-04-26 12:00:00,-5.022654,-8.072717,0.8096455,149.83023,105.0812,242.87314,286.4181,22.173828,-11.715843,11.662064,-1.6155466717095685e-07
2020-04-27 12:00:00,-7.276162,-8.939859,0.8099945,165.84329,115.16594,235.00993,280.41754,12.137529,-10.758927,6.648347,-1.6439704915671103e-07
2020-04-28 12:00:00,-13.524652,-14.415624,0.809139,169.29622,118.94863,219.69746,258.03098,-8.614851,-9.067828,-5.668603,4.256037231176786e-15
2020-04-29 12:00:00,-18.654964,-18.806799,0.80717885,153.01982,108.50315,212.65823,238.68936,-12.591779,-10.83646,-4.9426966,4.256037231176786e-15
2020-04-30 12:00:00,-15.006488,-15.248814,0.8053738,145.33821,102.342224,231.38152,252.91861,-8.773692,-8.070146,4.615055,4.256037231176786e-15
2020-05-01 12:00:00,-15.337038,-16.550827,0.8051313,219.78812,152.98434,197.8868,250.30774,-8.680268,-4.4441175,1.2584419,4.252476908555367e-15
2020-05-02 12:00:00,-16.266836,-18.614334,0.8057401,247.11664,169.3403,174.63814,243.73012,-5.999506,-3.0423567,-0.35750604,4.2552235263619596e-15
2020-05-03 12:00:00,-16.553774,-19.555899,0.80762494,253.47726,173.39545,169.02727,241.59155,-5.3151894,-2.4997656,-0.29742265,4.2548336002246186e-15
2020-05-04 12:00:00,-14.770739,-15.733475,0.8054138,182.43654,126.27836,220.4536,254.37578,-14.515127,-3.6003401,4.120533,4.255680320474104e-15
2020-05-05 12:00:00,-15.826568,-17.123077,0.8044422,250.26721,173.73097,183.66335,248.1215,-5.262479,-6.4133162,0.40228415,4.256037230194273e-15
2020-05-06 12:00:00,-16.863516,-17.475288,0.80515116,198.87338,140.96051,207.87901,245.9263,-13.092596,-6.7514424,0.02154684,4.256037230194273e-15
2020-05-07 12:00:00,-17.342665,-17.452908,0.80520004,194.12448,138.75508,211.06206,245.13297,-13.432095,-7.449197,0.41720104,4.256037230285701e-15
2020-05-08 12:00:00,-17.873228,-18.321583,0.8066833,256.23676,178.59012,185.52487,242.43974,-13.78157,-7.140647,-0.19045162,4.256037231176786e-15
2020-05-09 12:00:00,-19.848063,-21.881565,0.806267,284.68384,197.44176,155.87479,231.25995,-8.623412,-5.929318,-2.6958117,4.256037231176786e-15
2020-05-10 12:00:00,-18.030092,-19.416136,0.80577433,280.27026,192.77951,174.19077,240.57455,-13.365774,-6.668305,1.072885,4.256037231176786e-15
2020-05-11 12:00:00,-18.741337,-21.760117,0.8071168,313.83145,215.12312,142.85371,235.01227,0.824258,-6.3433747,1.0306573,4.252476908555367e-15
2020-05-12 12:00:00,-11.723999,-15.568854,0.8094561,305.2526,209.32849,175.88663,259.78564,2.4480245,-3.7523482,10.720762,-3.535753546026648e-12
2020-05-13 12:00:00,-8.830444,-13.043075,0.80646557,305.77457,208.6284,190.57552,270.54144,-3.4071069,-2.9896019,10.783528,-2.266370177517994e-10
2020-05-14 12:00:00,-5.6295404,-9.325523,0.80940735,238.88586,165.02014,233.53377,286.40363,-1.3536645,-5.195896,14.446304,-8.967656457626323e-06
2020-05-15 12:00:00,-4.0058203,-6.2117596,0.8083552,271.19705,190.24141,234.62746,296.63586,-6.399156,-1.142931,11.405148,-2.943490376319098e-06
2020-05-16 12:00:00,-7.368151,-10.549476,0.8077672,317.02652,217.13177,194.15268,281.33188,-6.9417953,0.34619242,6.1199427,-6.197336974072225e-07
2020-05-17 12:00:00,-7.3788295,-11.121916,0.8109534,325.44687,222.95514,191.24976,278.20023,-6.2960925,-2.6733108,6.571856,-2.59471767853305e-08
2020-05-18 12:00:00,-5.5710125,-9.469205,0.8107688,322.468,219.89815,199.24123,287.40863,-0.69726074,-3.232449,10.472725,-6.987730912797178e-08
2020-05-19 12:00:00,-5.986839,-9.541858,0.809436,309.02252,208.56345,207.57153,287.73676,-8.680339,-2.4070973,9.206417,-1.0476786389040847e-07
2020-05-20 12:00:00,-4.909509,-7.644712,0.8085097,292.49625,199.36967,222.73404,293.80984,-8.914078,-4.165027,8.971661,-2.590795377534313e-06
2020-05-21 12:00:00,-6.0315576,-9.184935,0.8082012,332.4262,225.10263,202.17984,287.33826,-13.041232,-2.7067826,6.4171467,-1.0492261724472973e-07
2020-05-22 12:00:00,-5.8147116,-9.526368,0.80717444,342.2352,231.15164,197.47482,287.6348,-6.256433,-7.4710474,7.196103,-2.5699816061509547e-12
2020-05-23 12:00:00,-6.3972006,-9.725476,0.80664134,338.78568,229.09035,198.77768,286.70078,-13.474499,-2.9827898,5.3149433,0.0028581182184883704
2020-05-24 12:00:00,-7.290008,-10.248646,0.8059206,346.63385,234.75171,195.47087,282.15765,-19.498196,-1.9490975,3.748065,0.007128957559747927
2020-05-25 12:00:00,-7.381652,-10.652883,0.8042679,357.90833,241.78188,190.82938,283.07172,-15.3428335,-2.487789,6.053487,0.015054901570701357
2020-05-26 12:00:00,-6.5770655,-10.109416,0.8051389,360.17203,243.6418,191.93184,285.06363,-15.070847,-2.6202612,5.7073298,0.015707541083661146
2020-05-27 12:00:00,-7.3386602,-10.346635,0.8037123,363.3464,245.3399,190.06581,282.14078,-19.31392,-2.1281416,4.4894733,0.015690831478493754
2020-05-28 12:00:00,-6.6078067,-8.105135,0.8075542,329.317,227.37157,218.06322,288.6969,-24.23373,-0.9103539,6.167653,0.02161450789721719
2020-05-29 12:00:00,-7.2549214,-9.888664,0.80482125,362.07657,244.88396,195.4948,284.6313,-21.735554,-0.9371462,5.383422,0.02446722944881178
2020-05-30 12:00:00,-6.5084667,-9.594864,0.80443645,366.15216,247.8136,196.6006,288.09583,-18.336184,-1.8274479,6.6797066,0.031118491502831934
2020-05-31 12:00:00,-6.6297545,-9.597609,0.8078305,365.88083,248.97159,197.65651,287.21207,-18.440573,-2.7767475,6.136363,0.025635286621245826
2020-06-01 12:00:00,-7.1854362,-8.963722,0.80701905,333.9924,234.23094,210.22557,287.47955,-16.919888,-2.6893098,2.8982794,0.018255437208898075
2020-06-02 12:00:00,-8.818553,-10.262237,0.8129502,351.8031,240.42708,200.3739,279.43115,-24.862087,-6.8458285,0.6108556,0.0035173737710457796
2020-06-03 12:00:00,-8.5937,-9.104535,0.81258494,262.46957,182.36227,238.44362,282.72525,-24.672474,-8.081553,3.071641,4.612774929498198e-06
2020-06-04 12:00:00,-8.010237,-9.137887,0.81169975,322.65427,223.02734,212.56972,282.35605,-20.468994,-5.3726335,3.9989638,-7.513643493234536e-08
2020-06-05 12:00:00,-8.617983,-9.966996,0.8089273,343.98636,235.35568,206.9392,279.7652,-26.073507,-7.161988,2.5691772,-4.5575991901312247e-07
2020-06-06 12:00:00,-9.050377,-12.240151,0.80374485,395.49994,266.8841,175.18156,276.1339,-18.735819,-4.518241,4.409438,0.006683313240936681
2020-06-07 12:00:00,-7.8752117,-11.181598,0.8018943,394.62924,266.11447,181.20483,278.49637,-17.996084,-9.583465,3.6436872,0.009014374920237819
2020-06-08 12:00:00,-6.617487,-9.527672,0.80049145,386.9736,261.13376,191.16605,283.12836,-20.607199,-7.6070247,5.6633096,0.018718435079552648
2020-06-09 12:00:00,-5.5947046,-7.8917103,0.7974495,370.91776,250.42418,204.72525,289.8152,-21.033005,-7.906256,6.46438,0.02960504508886521
2020-06-10 12:00:00,-4.456654,-7.8771453,0.79992646,397.2317,268.05103,194.3387,295.45856,-13.066339,-4.14318,10.851288,0.04701040287171842
2020-06-11 12:00:00,-0.78480697,-3.5132015,0.7752568,281.77515,186.21185,256.56674,312.65176,-12.128799,-3.3639414,23.98553,0.004716790259241481
2020-06-12 12:00:00,-0.6861559,-1.7418469,0.78335583,317.40942,217.92317,262.47495,317.92972,-27.78512,-9.532034,6.714325,0.14160752984207337
2020-06-13 12:00:00,-1.5212504,-4.367085,0.78218657,362.8666,248.84967,226.0238,306.70218,-17.972754,-6.536294,8.8295145,0.20146172015834138
2020-06-14 12:00:00,-0.12683955,-3.7513387,0.7617264,380.18958,253.49352,224.24811,312.4758,-17.314934,-5.516103,15.637332,0.33671224057058907
2020-06-15 12:00:00,-0.11669634,-3.7707858,0.7532372,384.87625,254.655,222.60886,313.12833,-20.163177,-5.8615713,13.677033,0.5015607159371698
2020-06-16 12:00:00,-0.32981217,-4.155944,0.7488326,394.89667,260.7995,214.57468,310.16483,-20.714987,-6.0524263,11.739606,0.67757374950742
2020-06-17 12:00:00,-1.2085086,-4.361852,0.74486876,388.09613,254.27025,217.43784,309.81448,-22.290024,-6.428817,12.730393,0.6871257748094158
2020-06-18 12:00:00,-0.85812694,-3.5145957,0.7394939,365.01648,237.6796,226.92987,311.6393,-16.027355,-13.934459,12.6656275,0.5694687065775672
2020-06-19 12:00:00,-0.2477725,-2.9716482,0.73534244,328.77356,210.74475,243.30705,312.56158,-7.4600325,-32.00754,9.306702,0.5317250246468297
2020-06-20 12:00:00,0.6090928,-2.4353802,0.7243988,331.97818,210.11302,238.25629,315.34814,7.05649,-38.244667,13.585121,0.7752681232917249
2020-06-21 12:00:00,2.2334425,-1.5244967,0.70901835,311.36917,188.75958,258.91263,325.67453,-1.313218,-30.185081,24.349388,1.7383627633193606
2020-06-22 12:00:00,1.351125,-1.3820168,0.70099914,218.25658,142.10689,276.86288,322.20004,1.555259,-21.539665,10.828125,1.6130379159122679
2020-06-23 12:00:00,-0.24684125,-1.3733798,0.7210867,303.6979,201.86594,264.96664,318.51657,-24.434858,-8.807671,15.039515,2.4426459012247226
2020-06-24 12:00:00,2.3863423,-1.7669249,0.704272,387.9323,231.74985,230.65161,326.79037,-22.218792,-4.9110775,32.913834,2.5896561416445993
2020-06-25 12:00:00,2.8080432,-1.3786582,0.69754267,374.33594,220.79659,237.31902,329.7473,-28.628366,-5.706665,26.776024,3.261080902971058
2020-06-26 12:00:00,3.546201,-0.40626764,0.6727187,350.88516,198.54057,252.38982,333.60107,-32.641354,-3.3407314,35.151245,4.608745826015207
2020-06-27 12:00:00,4.642013,-0.56058323,0.66196084,385.34198,217.45714,238.35455,340.00192,-19.649317,-5.208627,41.37953,5.82078789384196
2020-06-28 12:00:00,4.8287373,-0.84247494,0.6564144,391.43402,220.02176,231.61346,340.22745,-18.183474,-7.577359,37.03745,6.3346272200056974
2020-06-29 12:00:00,4.7056136,-0.57865804,0.6534629,356.4661,200.66956,241.57687,337.2061,-11.018193,-11.410763,37.738373,7.801328585277913
2020-06-30 12:00:00,3.6744478,-0.5472106,0.6507491,308.9393,172.64845,252.62534,334.89233,-19.281273,-4.071601,30.670975,7.155947283479895
2020-07-01 12:00:00,3.622125,-0.020869812,0.6304084,293.0908,156.62358,282.9672,337.43207,-31.568779,-2.4495132,47.984043,8.571824397724871
2020-07-02 12:00:00,3.550101,-0.52702564,0.6532379,341.29916,190.94867,249.05388,334.20822,-31.118753,-4.318715,29.758686,7.516205732318063
2020-07-03 12:00:00,3.063796,-0.5933284,0.6546828,324.35068,183.57503,250.18544,331.864,-31.33654,-5.420742,22.339794,6.604886109835105
2020-07-04 12:00:00,1.9510388,-0.8728895,0.6526055,365.07864,206.0175,233.66635,328.905,-36.846592,-4.163812,22.81209,6.46343236713386
2020-07-05 12:00:00,2.1461568,-0.48306403,0.6482929,312.4581,172.4088,258.72592,331.3315,-31.107548,-5.0123396,31.323822,7.005005610371719
2020-07-06 12:00:00,3.0936766,-0.9550371,0.6442559,374.96313,206.71361,230.7745,332.88412,-29.301481,-3.3758762,33.462547,7.352145020730144
2020-07-07 12:00:00,3.8120232,-0.766337,0.6383644,370.5084,201.61664,234.44888,336.03122,-27.089231,-3.2345994,36.985584,8.1220505189386
2020-07-08 12:00:00,4.340963,-0.6970294,0.63101554,375.15057,201.57039,230.99359,338.31656,-22.999819,-4.967735,38.289665,9.032093421105145
2020-07-09 12:00:00,3.9751558,-1.0290692,0.63343424,369.98953,200.39365,227.91164,335.9441,-19.568716,-10.35358,31.641132,8.41481789059319
2020-07-10 12:00:00,3.6148458,-0.7740524,0.63117564,340.16336,184.40315,237.67438,332.92242,-18.346617,-11.033085,31.132458,9.702102090268536
2020-07-11 12:00:00,2.8334444,-0.4236607,0.6316206,270.11243,149.03247,267.19284,331.47308,-19.021166,-10.483037,27.295513,9.323085154295638
2020-07-12 12:00:00,3.5919018,-0.8006069,0.62692183,355.51562,190.25139,236.07964,335.04044,-20.370962,-5.0816145,40.850857,8.775240066303533
2020-07-13 12:00:00,4.190531,-0.5757442,0.62131286,356.65247,188.87172,238.62329,336.9229,-23.526264,-7.6832757,38.271584,10.782178016876882
2020-07-14 12:00:00,1.9885778,-0.7575135,0.6376655,325.99716,178.97029,245.04544,327.5045,-32.15849,-10.656217,21.75312,10.28202123093675
2020-07-15 12:00:00,1.4216195,-0.43352285,0.65362376,166.48808,101.92877,300.77386,325.46555,-9.0916395,-11.523626,19.252363,6.930424776675835
2020-07-16 12:00:00,2.1508307,-0.18853454,0.68345195,240.59195,149.60681,287.15494,328.62823,-12.470353,-8.592257,28.449232,7.900035533947549
2020-07-17 12:00:00,2.8960319,-0.90296143,0.66292924,265.74945,153.16191,266.01675,329.9446,-6.10852,-7.875524,34.67564,7.751146090772996
2020-07-18 12:00:00,4.962281,-0.00700893,0.61198974,231.85484,120.23102,295.73166,337.18585,0.5201396,-8.488299,62.201473,15.876096449693444
2020-07-19 12:00:00,3.9475024,-0.00375976,0.60972905,129.16058,69.158745,312.236,331.9513,3.6804738,-6.2143435,37.752666,12.218150715149937
2020-07-20 12:00:00,3.4126847,-0.096835494,0.6127291,276.02213,142.82806,272.14633,334.53143,-22.970236,-2.5731058,45.265617,11.172583699169722
2020-07-21 12:00:00,3.8584998,-0.2099797,0.61218154,303.99908,157.83104,256.44638,336.01468,-21.106289,-3.0835843,42.409874,10.310031658437289
2020-07-22 12:00:00,4.3290315,-0.7276375,0.61154723,332.6911,172.96603,237.23592,337.01166,-12.576755,-5.4046426,41.967926,11.366046253442233
2020-07-23 12:00:00,4.5922375,-0.7632771,0.60943806,332.8176,172.48953,234.39734,337.99704,-10.216414,-6.279221,40.232727,11.430465769997948
2020-07-24 12:00:00,4.5018773,-0.91654074,0.60828537,327.95282,169.19629,234.18109,334.71957,-18.38251,-4.9032917,34.93225,10.305613182486855
2020-07-25 12:00:00,4.441948,-0.886208,0.60991323,324.63565,168.42029,232.64989,333.91187,-18.397701,-4.254685,32.301,9.707465400576362
2020-07-26 12:00:00,3.4962633,-0.9805593,0.6093202,318.38098,164.92825,232.72357,332.60327,-13.236811,-7.0301366,33.306084,10.036954716993984
2020-07-27 12:00:00,3.1580799,-1.1880978,0.60792917,315.55185,162.99109,231.54987,331.61685,-14.784097,-6.635253,31.074425,9.518170865252193
2020-07-28 12:00:00,3.1467683,-1.0942172,0.61373305,304.69122,159.13556,232.31703,328.61523,-11.431191,-13.933845,23.892426,9.646408136029452
2020-07-29 12:00:00,3.1612163,-0.83615446,0.6085305,265.11438,135.16914,246.66333,329.89453,-10.184128,-7.8426733,28.687233,8.801816984098046
2020-07-30 12:00:00,2.1248562,-1.0912651,0.6104266,278.8164,146.57007,241.69774,327.94,-20.34978,-3.6483252,22.00597,7.647494050110639
2020-07-31 12:00:00,1.2023098,-1.4884337,0.61763835,282.27817,149.4159,233.65584,323.9397,-20.733686,-6.2734504,15.571278,7.0044962349711835
2020-08-01 12:00:00,1.2049011,-1.6995219,0.61555165,271.64716,143.38791,234.88565,321.05624,-14.266864,-13.563178,14.258611,6.330626081080631
2020-08-02 12:00:00,0.4573544,-1.3495095,0.63277155,159.70888,98.1505,283.47745,317.21094,-3.079666,-19.389519,5.3557053,4.150487751364353
2020-08-03 12:00:00,-2.7234416,-2.7479858,0.8134319,169.6074,120.05148,277.29932,307.1126,-13.215205,-13.672296,-7.1448708,0.971412303126282
2020-08-04 12:00:00,-5.925127,-8.241638,0.850105,270.8516,185.09511,205.74979,290.06888,-6.089975,-7.183385,-11.835966,0.0019008769912824163
2020-08-05 12:00:00,-6.3769555,-9.665393,0.8491905,279.28955,187.92216,199.8087,286.0895,-12.106461,-3.7848773,-10.80476,-2.9840450480276402e-05
2020-08-06 12:00:00,-4.3746,-8.752858,0.845888,280.1048,185.41716,204.00766,294.82877,-1.2270911,-3.2782366,-0.6387963,-6.318022587622015e-07
2020-08-07 12:00:00,-1.9701481,-7.2440157,0.84537435,271.6771,179.3476,217.15938,304.31577,-0.5779419,-1.3434013,3.2517676,-2.3471974369361672e-06
2020-08-08 12:00:00,-1.3611035,-6.7200017,0.8408661,262.48828,172.69005,225.53122,306.26727,-7.5561047,-1.045545,0.46052992,-8.143934714100769e-07
2020-08-09 12:00:00,-1.4420896,-6.5978613,0.8400853,236.0357,153.66747,231.91403,305.9424,-6.087701,-2.041193,0.21096516,-8.828878557694977e-08
2020-08-10 12:00:00,0.006620443,-5.1348495,0.83869696,208.9174,138.5651,248.47095,311.94058,5.147912,-7.085328,4.945259,-1.9825709511631417e-08
2020-08-11 12:00:00,-1.2684343,-5.9414496,0.8387307,236.77396,155.59792,222.06563,304.76602,4.471313,-6.128696,-3.181736,-4.627188192664866e-07
2020-08-12 12:00:00,-4.080042,-8.340159,0.838078,210.46477,136.17148,224.95499,296.49268,-4.179031,-3.563156,-4.9865866,-4.3147454044691194e-07
2020-08-13 12:00:00,-2.1622975,-3.9543998,0.8272104,157.37769,109.33366,270.26382,305.896,-1.6918657,-8.927208,1.7927837,-0.0003906944933713248
2020-08-14 12:00:00,-2.8201928,-6.2555404,0.82791495,224.02351,146.32709,218.65755,299.2797,3.308376,-2.0150394,-1.6323836,-1.08291001149587e-05
2020-08-15 12:00:00,-3.3174157,-7.5645537,0.82755685,218.82451,143.38834,214.90237,296.16943,7.115716,-4.1212516,-2.8364224,-3.1832142610213687e-07
2020-08-16 12:00:00,-3.0300026,-7.299194,0.8225102,222.25853,144.31615,214.2073,296.70648,11.303243,-7.8249345,-1.078485,-3.6864197755473275e-07
2020-08-17 12:00:00,-2.934488,-7.6156707,0.8192251,200.06181,129.67339,221.04875,297.26514,14.493288,-7.8977914,0.7675395,-1.7315203678428553e-07
2020-08-18 12:00:00,1.8948439,-2.088979,0.75817215,113.35466,70.99957,290.43976,318.90158,20.704268,-8.260283,26.33725,1.5992432399904586
2020-08-19 12:00:00,3.5223117,-0.14089347,0.6344334,97.123436,54.49478,305.2324,326.2807,18.71445,4.5490746,44.843872,7.083326905302465
2020-08-20 12:00:00,4.005399,-0.036021173,0.60402596,90.19928,48.515167,310.6129,326.89624,39.119503,15.936677,80.45697,13.491275670420002
2020-08-21 12:00:00,1.2321894,-0.792544,0.65435076,151.70877,86.5691,274.06873,319.7663,0.7058796,-9.930443,10.217537,7.78352833927209
2020-08-22 12:00:00,-0.8311889,-2.2356572,0.66541374,103.464355,64.26462,277.4416,311.43396,-1.3826462,-5.6938224,-1.8691015,1.086617550128287
2020-08-23 12:00:00,-1.3713247,-1.8703375,0.8131298,90.75094,66.785805,294.80942,311.4024,-5.110149,-4.9545474,-2.6925497,0.18431153095584127
2020-08-24 12:00:00,-3.1164272,-4.2310853,0.8574336,133.49255,89.84158,260.26114,299.88834,-1.4805126,-12.915257,-10.371997,2.7520998543860452e-05
2020-08-25 12:00:00,-3.1862402,-3.792647,0.83622664,66.76723,47.998978,286.6879,300.30286,6.5115447,-14.281256,-2.6164207,-0.04061319229172165
2020-08-26 12:00:00,-1.7865704,-2.4341938,0.8067843,55.06053,40.34028,297.92773,306.14615,10.357985,-14.468335,2.391488,-0.08404927525639377
2020-08-27 12:00:00,-1.1261586,-2.1739078,0.7957393,97.953255,67.38745,289.59897,308.83838,6.7879286,-12.598973,5.5153494,0.02658264060498989
2020-08-28 12:00:00,-2.0530171,-4.3914027,0.7942683,149.47667,98.40746,242.64888,301.5875,10.562177,-3.9548101,-1.2620411,0.0378044096722516
2020-08-29 12:00:00,-6.65946,-9.598619,0.7988188,150.36652,101.55372,210.39258,278.76657,7.1959147,-1.4668831,-13.832163,0.002893378027523238
2020-08-30 12:00:00,-7.3037615,-10.77134,0.79965675,155.38425,100.88498,196.22346,273.86963,19.280478,-5.6446896,-9.511108,3.462575014549321e-06
2020-08-31 12:00:00,-7.9289265,-11.2971735,0.7944759,134.54047,86.52468,205.0703,273.22165,11.510104,-1.192071,-9.8175335,-1.2592230281510154e-07
2020-09-01 12:00:00,-9.61876,-12.9137,0.7964223,136.74731,91.44386,204.17242,266.4851,5.2179265,-0.49392226,-12.285228,1.745144367944453e-10
2020-09-02 12:00:00,-10.147749,-14.118452,0.801787,136.47095,89.26282,197.9953,262.0684,4.7683816,1.0911325,-11.005446,8.352296850524719e-12
2020-09-03 12:00:00,-11.747616,-14.772634,0.8025848,123.426094,83.333275,201.4012,258.2788,5.035586,-0.25639242,-12.005597,4.828623093163918e-13
2020-09-04 12:00:00,-13.456771,-16.52781,0.80806315,127.33585,83.8658,188.76047,251.67795,5.699085,-0.37612072,-14.124461,3.1976759333263765e-14
2020-09-05 12:00:00,-13.661238,-17.299341,0.8137659,129.34102,84.148155,180.34644,249.49153,9.902201,0.4573462,-13.592686,4.2562840730118984e-15
2020-09-06 12:00:00,-12.74178,-16.501118,0.8125343,101.45622,67.01024,196.78561,253.07617,12.496681,0.6059089,-8.741983,4.2562840730118984e-15
2020-09-07 12:00:00,-13.758695,-17.332943,0.8090564,116.72491,75.63479,187.01294,249.25302,11.993273,-0.7241611,-9.880852,4.2557656884779955e-15
2020-09-08 12:00:00,-9.100002,-10.526612,0.80323,71.10994,47.466705,243.91663,272.15286,19.657106,-9.77242,5.291684,-1.988530302648811e-12
2020-09-09 12:00:00,-10.140757,-12.936774,0.79366827,108.640076,70.45005,201.1683,265.10336,21.502884,-1.5939977,-5.8361473,-7.20222254922627e-13
2020-09-10 12:00:00,-11.028888,-13.423183,0.79321474,62.063915,42.035465,230.90474,261.96402,10.431157,-1.9428595,-2.542533,-5.2945347540590585e-14
2020-09-11 12:00:00,-7.3020425,-8.962951,0.7934094,62.772247,41.918255,249.65149,279.05728,14.997228,-3.2969592,3.1484687,-1.2369792914291745e-08
2020-09-12 12:00:00,-7.9769626,-10.072133,0.7919329,68.01207,44.496655,242.2846,276.08997,12.317254,-3.5189054,-1.491595,-3.611329759923345e-11
2020-09-13 12:00:00,-10.7917185,-13.280946,0.79143655,68.768555,44.5364,225.19684,263.91226,7.45568,-0.31117404,-7.3387628,4.254833600464077e-15
2020-09-14 12:00:00,-11.373789,-14.674505,0.7913637,82.945625,53.044647,198.84592,258.10022,19.862778,0.36329818,-9.127249,-2.147836576185333e-14
2020-09-15 12:00:00,-14.758257,-18.90219,0.79392344,89.66957,57.77118,175.17807,242.62173,20.08309,-0.93740886,-16.399591,4.256037230197025e-15
2020-09-16 12:00:00,-16.953165,-21.63992,0.79774404,88.47172,57.253952,160.25453,232.72218,24.654095,-2.0251408,-18.620932,4.256037230197044e-15
2020-09-17 12:00:00,-15.711934,-19.99213,0.79234254,69.06794,43.450275,176.43086,238.55556,28.377653,0.79960054,-7.329777,4.256037230288483e-15
2020-09-18 12:00:00,-14.969761,-19.10362,0.7902396,75.11416,47.792084,176.59952,242.16734,25.110937,1.2163348,-11.918478,4.25603723117949e-15
2020-09-19 12:00:00,-18.037802,-22.078548,0.79018587,62.475216,39.671875,170.2898,230.39803,22.525644,0.8901231,-13.889122,4.25603723117949e-15
2020-09-20 12:00:00,-13.67735,-16.645384,0.7899714,44.98168,29.71009,219.42317,250.73517,14.060702,1.3692306,-0.6104723,4.25603723117949e-15
2020-09-21 12:00:00,-18.488596,-22.22161,0.7914971,62.85661,40.28642,172.97955,229.95143,15.113604,1.2387875,-18.049297,4.252476908555367e-15
2020-09-22 12:00:00,-19.729837,-23.417923,0.79644644,60.773262,39.03372,163.38672,225.163,26.021107,0.73944205,-13.276183,4.2552235263619596e-15
2020-09-23 12:00:00,-18.142864,-21.406708,0.7921298,48.239407,31.370247,177.162,231.01047,30.275427,-0.14390884,-6.8477874,4.2548336002246186e-15
2020-09-24 12:00:00,-16.087347,-19.307081,0.79150605,49.075592,31.833492,186.43823,238.81506,29.42381,0.24149369,-5.4694285,4.255680320474104e-15
2020-09-25 12:00:00,-18.89833,-23.01104,0.7987783,53.03007,34.597397,164.84044,225.55301,26.928146,0.28212848,-15.069621,4.256037230194273e-15
2020-09-26 12:00:00,-18.347092,-22.328577,0.7940386,34.841953,22.426315,183.22096,227.83263,23.743431,-1.1134777,-9.566072,4.256037230194273e-15
2020-09-27 12:00:00,-18.751842,-22.7593,0.79495794,41.332367,27.07332,175.39758,226.20471,23.833187,1.0085102,-11.706383,4.256037230285701e-15
2020-09-28 12:00:00,-18.02977,-21.871927,0.79489577,40.810642,26.660454,183.60526,229.38397,23.718613,0.94902706,-6.960889,4.256037231176786e-15
2020-09-29 12:00:00,-17.106026,-21.246748,0.7952679,38.49166,25.106575,187.46223,232.23979,23.367044,0.8209867,-7.20444,4.256037231176786e-15
2020-09-30 12:00:00,-18.389065,-22.993288,0.8000226,36.50806,23.949615,170.0302,225.23773,29.695847,1.2829111,-11.670332,4.256037231176786e-15
2020-10-01 12:00:00,-19.426554,-23.976507,0.8002168,35.175583,23.021074,163.95029,221.62854,32.480354,-0.27939427,-13.3227825,4.252476908555367e-15
2020-10-02 12:00:00,-15.219555,-20.04558,0.7991399,31.533438,20.62365,168.39246,236.05714,55.717934,2.7146573,1.6776929,4.2552235263619596e-15
2020-10-03 12:00:00,-11.900508,-15.962914,0.79138803,20.843266,13.316402,219.28069,252.16594,28.131458,3.635287,6.4083548,4.2548336002246186e-15
2020-10-04 12:00:00,-15.042077,-19.089424,0.79691386,26.054941,17.139185,196.88962,240.4119,22.269085,2.9213216,-9.416115,4.255680320474104e-15
2020-10-05 12:00:00,-16.389286,-20.317062,0.79479104,20.468706,13.31153,179.15842,234.42342,42.5253,0.552176,-5.0303473,4.256037230194273e-15
2020-10-06 12:00:00,-19.22904,-22.687252,0.7973813,21.96529,14.5095625,174.07726,225.6874,28.070349,2.4155693,-13.668493,4.256037230194273e-15
2020-10-07 12:00:00,-20.907492,-25.041492,0.79963756,20.559418,13.610955,163.74754,216.9606,29.234623,1.655474,-15.374498,4.256037230285701e-15
2020-10-08 12:00:00,-19.09282,-23.255825,0.7947749,12.237721,8.000972,186.0817,223.5863,26.885511,0.6380251,-5.7443237,4.256037231176786e-15
2020-10-09 12:00:00,-15.256403,-19.41556,0.7930304,13.641369,8.905777,192.27586,237.48125,38.33369,2.2877958,0.15169501,4.256037231176786e-15
2020-10-10 12:00:00,-13.060342,-17.626444,0.7928899,10.847958,7.199515,205.33072,244.68277,38.451527,0.41060627,3.1585236,4.256037231176786e-15
2020-10-11 12:00:00,-10.008586,-14.850997,0.7956943,10.399871,6.7982097,200.38895,255.78513,59.6511,-0.47732976,7.379253,4.252476908555367e-15
2020-10-12 12:00:00,-7.3777795,-10.626526,0.79196215,6.791355,4.609403,250.0293,273.00354,35.44918,-1.1068434,13.550046,-3.5671470041457225e-07
2020-10-13 12:00:00,-14.578316,-18.347176,0.79846853,8.746611,5.8867044,192.818,241.33475,29.939573,3.1702824,-12.546993,4.2548336002246186e-15
2020-10-14 12:00:00,-12.041408,-16.524435,0.7956383,6.075844,3.915238,201.12839,248.42604,45.353912,0.6801951,0.89706063,-1.4706915940667728e-09
2020-10-15 12:00:00,-11.225294,-15.306831,0.79511446,5.740643,3.847301,209.6137,253.68707,38.008274,4.0460434,-0.12572098,4.256037230194273e-15
2020-10-16 12:00:00,-11.289901,-15.263359,0.7971243,3.8171785,2.5947404,214.57149,253.41174,43.094643,-1.8058869,3.670939,-7.236083267799104e-11
2020-10-17 12:00:00,-5.640678,-9.000628,0.792333,2.770088,1.9027059,257.60754,279.5722,31.978802,4.337711,15.219234,-0.00011615320163691307
2020-10-18 12:00:00,-6.1645083,-9.665714,0.79312664,2.531484,1.7371887,242.30112,276.3162,34.33262,3.1349537,4.246793,-6.600481007224748e-05
2020-10-19 12:00:00,-10.688441,-14.985617,0.7998735,2.4014292,1.663635,193.10841,253.88538,49.765865,3.0992732,-7.174031,3.2162583938049454e-15
2020-10-20 12:00:00,-12.106922,-15.825253,0.7972524,1.6016014,1.1235793,195.20535,250.77878,41.49065,3.4201152,-10.184636,4.256037231176786e-15
2020-10-21 12:00:00,-17.871624,-22.128965,0.7975575,0.96182805,0.6692675,174.31209,226.25703,28.411911,3.9083457,-19.332129,4.252476908555367e-15
2020-10-22 12:00:00,-16.765987,-20.438776,0.7964734,0.50347906,0.35827753,176.60638,231.8618,41.668118,5.5713577,-7.870739,4.2552235263619596e-15
2020-10-23 12:00:00,-15.016502,-17.740534,0.7915586,0.1870598,0.14068866,215.94841,242.74042,23.824726,1.9806223,-0.9402876,4.2548336002246186e-15
2020-10-24 12:00:00,-15.874668,-17.940992,0.79198414,0.038474154,0.030513631,224.54982,242.28575,16.40869,0.111249544,-1.208031,4.255680320474104e-15
2020-10-25 12:00:00,-16.982246,-19.304434,0.7926448,0.0006309557,0.00051112927,198.88945,236.79356,28.108284,-1.2533922,-11.049104,4.256037230194273e-15
2020-10-26 12:00:00,-23.80362,-27.902855,0.7969825,0.0,0.0,148.94675,205.8624,29.54281,0.44800115,-26.924837,4.256037230194273e-15
2020-10-27 12:00:00,-23.667524,-26.958754,0.79405135,0.0,0.0,166.33655,208.8967,30.153399,-0.07157423,-12.478326,4.256037230285701e-15
2020-10-28 12:00:00,-21.853062,-24.477953,0.792734,0.0,0.0,180.03146,217.57211,28.59984,-0.65360016,-9.594409,4.256037231176786e-15
2020-10-29 12:00:00,-25.536077,-28.72915,0.7988992,0.0,0.0,150.64558,202.74304,29.450455,0.94550735,-21.701496,4.256037231176786e-15
2020-10-30 12:00:00,-21.028765,-24.471905,0.79267687,0.0,0.0,172.95856,217.19373,37.940903,2.546244,-3.7480218,4.256037231176786e-15
2020-10-31 12:00:00,-20.097502,-23.307919,0.7943494,0.0,0.0,182.02693,221.76717,30.111025,2.2539926,-7.375217,4.256037231176786e-15
2020-11-01 12:00:00,-24.3328,-27.936087,0.7951909,0.0,0.0,159.77675,205.41496,26.413542,2.1264908,-17.09818,4.252476908555367e-15
2020-11-02 12:00:00,-25.417767,-28.939657,0.7952311,0.0,0.0,150.62561,201.8352,31.574873,1.2695001,-18.365221,4.2552235263619596e-15
2020-11-03 12:00:00,-25.839235,-29.492155,0.7963918,0.0,0.0,148.05994,200.08386,35.387447,0.078312516,-16.558167,4.2548336002246186e-15
2020-11-04 12:00:00,-24.759932,-28.25303,0.79355615,0.0,0.0,160.02008,203.87802,31.443316,1.9300706,-10.484554,4.255680320474104e-15
2020-11-05 12:00:00,-25.979681,-28.30262,0.7934813,0.0,0.0,160.51692,203.90982,34.67094,0.19263932,-8.529319,4.256037230194273e-15
2020-11-06 12:00:00,-29.466354,-32.216503,0.79335487,0.0,0.0,138.8079,191.23334,32.88726,0.77031505,-18.767855,4.256037230194273e-15
2020-11-07 12:00:00,-32.7486,-35.73267,0.79471576,0.0,0.0,125.95157,180.05666,26.393347,0.7041251,-27.007616,4.256037230285701e-15
2020-11-08 12:00:00,-32.049263,-35.50259,0.7997959,0.0,0.0,122.32999,181.14088,42.72956,0.18097305,-15.900364,4.256037231176786e-15
2020-11-09 12:00:00,-32.515408,-36.260403,0.80226773,0.0,0.0,120.62895,178.4738,38.475235,-0.19809665,-19.56771,4.256037231176786e-15
2020-11-10 12:00:00,-30.566565,-35.0354,0.7992346,0.0,0.0,124.95729,182.12172,42.537907,0.5078031,-14.118719,4.256037231176786e-15
2020-11-11 12:00:00,-23.845602,-28.541714,0.7943687,0.0,0.0,144.16675,203.76228,59.733192,2.3900638,2.527721,4.252476908555367e-15
2020-11-12 12:00:00,-23.780449,-27.374746,0.7941585,0.0,0.0,156.65622,208.02986,50.007782,2.0408494,0.67498946,4.2552235263619596e-15
2020-11-13 12:00:00,-20.796106,-23.667034,0.79364246,0.0,0.0,170.47757,220.81808,56.3791,-0.14850664,5.890079,4.2548336002246186e-15
2020-11-14 12:00:00,-24.27178,-26.987417,0.7936957,0.0,0.0,145.55928,208.50107,55.57978,0.8387849,-6.5232224,4.255680320474104e-15
2020-11-15 12:00:00,-17.603334,-19.386116,0.7922864,0.0,0.0,209.82532,236.27101,41.958267,-1.6781976,13.834375,4.256037230194273e-15
2020-11-16 12:00:00,-23.132761,-24.585058,0.79322237,0.0,0.0,168.74852,216.52107,41.207237,-2.2336926,-8.799007,4.256037230194273e-15
2020-11-17 12:00:00,-19.262842,-21.480816,0.7938755,0.0,0.0,205.36649,228.69928,28.361704,1.6491483,6.678058,4.256037230285701e-15
2020-11-18 12:00:00,-11.137278,-12.711199,0.7933675,0.0,0.0,247.34438,262.1198,38.387833,-1.054908,22.557487,4.256037231176786e-15
2020-11-19 12:00:00,-9.751209,-11.268564,0.7919747,0.0,0.0,241.50269,267.88138,45.446804,-5.8604727,13.207639,4.256037231176786e-15
2020-11-20 12:00:00,-13.3340025,-15.894374,0.7909892,0.0,0.0,211.83852,250.03494,32.44866,1.2105078,-4.5372567,4.256037231176786e-15
2020-11-21 12:00:00,-15.233827,-17.431086,0.79402375,0.0,0.0,225.6091,243.97797,17.926367,2.1477494,1.7052503,4.252476908555367e-15
2020-11-22 12:00:00,-21.14958,-23.794447,0.8008585,0.0,0.0,179.02148,220.62581,22.215677,2.116585,-17.272062,4.2552235263619596e-15
2020-11-23 12:00:00,-20.574028,-23.14874,0.79998964,0.0,0.0,191.24562,222.38625,27.799505,0.8187378,-2.522382,4.2548336002246186e-15
2020-11-24 12:00:00,-18.354311,-19.281641,0.79965717,0.0,0.0,222.71146,236.13506,21.87087,-6.05125,2.3960214,4.255680320474104e-15
2020-11-25 12:00:00,-24.624382,-27.192093,0.80322856,0.0,0.0,163.05948,208.50684,21.34555,0.26953617,-23.83227,4.256037230194273e-15
2020-11-26 12:00:00,-31.185404,-34.169662,0.8008891,0.0,0.0,135.00545,184.55582,24.522585,0.32570493,-24.70208,4.256037230194273e-15
2020-11-27 12:00:00,-26.625523,-29.228334,0.7997269,0.0,0.0,157.0854,200.72932,37.794895,0.0076680994,-5.8413577,4.256037230285701e-15
2020-11-28 12:00:00,-27.577917,-30.061117,0.79916716,0.0,0.0,149.00261,198.11151,35.038887,1.3198004,-12.750215,4.256037231176786e-15
2020-11-29 12:00:00,-28.704157,-30.214193,0.79908013,0.0,0.0,160.87245,197.65208,25.627031,-0.17326519,-11.325867,4.256037231176786e-15
2020-11-30 12:00:00,-29.623508,-32.268715,0.8021357,0.0,0.0,134.29231,191.18758,46.268238,-1.1140894,-11.741115,4.256037231176786e-15
2020-12-01 12:00:00,-25.76931,-27.5168,0.7989148,0.0,0.0,188.6709,206.6805,17.310074,0.3775397,-0.32198423,4.252476908555367e-15
2020-12-02 12:00:00,-23.025944,-24.881989,0.7989272,0.0,0.0,195.13681,216.0781,21.381525,0.6536348,1.0938756,4.2552235263619596e-15
2020-12-03 12:00:00,-25.10411,-27.026133,0.7990389,0.0,0.0,183.74773,208.96614,12.787687,0.6382739,-11.792453,4.2548336002246186e-15
2020-12-04 12:00:00,-33.417164,-36.523914,0.80479765,0.0,0.0,122.400444,177.68404,28.117344,1.1354688,-26.030779,4.255680320474104e-15
2020-12-05 12:00:00,-32.80326,-37.410442,0.8079995,0.0,0.0,120.15613,175.56036,38.257874,0.6290425,-16.51732,4.256037230194273e-15
2020-12-06 12:00:00,-30.88077,-34.040554,0.8004339,0.0,0.0,145.18855,185.6526,33.08704,0.021469854,-7.3555403,4.256037230194273e-15
2020-12-07 12:00:00,-24.3749,-26.97035,0.7990138,0.0,0.0,183.94922,208.85246,27.533688,0.5020013,3.1324449,4.256037230285701e-15
2020-12-08 12:00:00,-25.819672,-28.95401,0.7993979,0.0,0.0,159.00224,202.19476,36.279583,1.6933557,-5.2195816,4.256037231176786e-15
2020-12-09 12:00:00,-23.417421,-25.588278,0.7993529,0.0,0.0,196.0671,213.77504,20.161888,1.208245,3.6621864,4.256037231176786e-15
2020-12-10 12:00:00,-19.475622,-21.405348,0.8013781,0.0,0.0,222.27592,228.80945,12.854497,1.3574327,7.6784062,4.256037231176786e-15
2020-12-11 12:00:00,-15.789438,-18.488272,0.8016229,0.0,0.0,222.85814,239.9075,23.398106,0.8651241,7.2138677,4.252476908555367e-15
2020-12-12 12:00:00,-18.534603,-22.082453,0.8016281,0.0,0.0,181.15588,226.7329,43.914837,-1.3425957,-3.0047698,4.2552235263619596e-15
2020-12-13 12:00:00,-15.880727,-19.126633,0.8016324,0.0,0.0,214.40578,237.54918,32.333607,-0.2754347,8.91477,4.2548336002246186e-15
2020-12-14 12:00:00,-14.0507145,-16.607304,0.8016507,0.0,0.0,219.19783,247.40047,30.212347,1.9321891,3.9418993,4.255680320474104e-15
2020-12-15 12:00:00,-26.214632,-30.022936,0.8091438,0.0,0.0,142.28265,198.86281,30.27085,1.7869167,-24.522388,4.256037230194273e-15
2020-12-16 12:00:00,-26.142433,-30.227997,0.81009185,0.0,0.0,144.16707,197.48357,35.67489,2.5110164,-15.130592,4.256037230194273e-15
2020-12-17 12:00:00,-25.508955,-29.789537,0.80779546,0.0,0.0,154.50613,198.80472,33.77854,2.3694813,-8.150561,4.256037230285701e-15
2020-12-18 12:00:00,-20.238052,-22.708027,0.80236256,0.0,0.0,204.62515,223.42877,20.085745,1.8809619,3.1630874,4.256037231176786e-15
2020-12-19 12:00:00,-24.75392,-28.06361,0.8029952,0.0,0.0,165.74513,205.03651,28.765368,2.1153753,-8.410639,4.256037231176786e-15
2020-12-20 12:00:00,-25.906248,-29.52885,0.80403906,0.0,0.0,158.92912,200.26308,28.92539,1.9985461,-10.410017,4.256037231176786e-15
2020-12-21 12:00:00,-26.351828,-30.146605,0.80584604,0.0,0.0,155.29817,198.24405,32.783314,1.7782121,-8.384352,4.252476908555367e-15
2020-12-22 12:00:00,-25.312344,-28.650417,0.80436605,0.0,0.0,153.92471,203.30115,42.348328,1.601648,-5.426459,4.2552235263619596e-15
2020-12-23 12:00:00,-23.178522,-26.80875,0.8081534,0.0,0.0,155.86566,209.70706,47.845573,1.4421988,-4.553628,4.2548336002246186e-15
2020-12-24 12:00:00,-29.921604,-33.64143,0.8114955,0.0,0.0,127.74974,187.32516,42.23739,0.7415715,-16.596464,4.255680320474104e-15
2020-12-25 12:00:00,-30.563473,-34.541233,0.8105544,0.0,0.0,130.27019,184.43341,41.98186,0.52822673,-11.653135,4.256037230194273e-15
2020-12-26 12:00:00,-30.458464,-33.78128,0.8110025,0.0,0.0,133.59995,186.41531,40.276337,0.72857314,-11.810459,4.256037230194273e-15
2020-12-27 12:00:00,-28.274387,-32.316315,0.80841124,0.0,0.0,136.35759,191.06017,46.70985,0.12721178,-7.865514,4.256037230285701e-15
2020-12-28 12:00:00,-21.238852,-24.788588,0.8047645,0.0,0.0,199.92053,216.9059,31.435133,-1.5231054,12.926661,4.256037231176786e-15
2020-12-29 12:00:00,-13.874373,-16.238213,0.80254084,0.0,0.0,247.43964,248.98668,16.500423,1.5572734,16.510654,4.256037231176786e-15
2020-12-30 12:00:00,-18.542599,-21.744898,0.80621225,0.0,0.0,182.27892,228.01845,47.74062,-1.8325174,0.1685698,4.256037231176786e-15
2020-12-31 12:00:00,-17.14803,-20.319382,0.8065072,0.0,0.0,184.63417,233.05315,56.992462,-4.215358,4.3581285,4.256037231176786e-15
