t2m,ts,al2,swd,date,dailyQ,runoff
2.7062864,-0.1556921,0.6087936,294.8134,2008-06-08,402498.0,11.734635568513118
3.1433601,-0.2447194,0.5957949,363.03473,2008-06-09,1229355.0,35.84125364431487
2.5273046,-0.29545856,0.53956985,347.40027,2008-06-10,1283779.8,37.42798250728863
2.4990752,-0.19869827,0.5161041,337.79312,2008-06-11,1252474.2,36.515282798833816
3.534085,-0.4345277,0.5213006,285.55402,2008-06-12,1264480.2,36.86531195335277
5.0383935,0.0,0.48698676,85.00153,2008-06-13,1507062.5999999999,43.93768513119533
1.5161319,-0.053413287,0.44785303,309.1895,2008-06-14,1443331.8,42.0796443148688
1.3419365,-0.8302453,0.4463802,369.92053,2008-06-15,1143685.8,33.34360932944606
2.9025512,-0.5212804,0.45094427,340.2456,2008-06-16,1051255.8,30.648857142857146
3.7254534,-0.0010149213,0.45103616,190.14351,2008-06-17,1257136.2,36.651201166180755
3.9832568,0.0,0.45160568,151.6781,2008-06-18,1403274.6,40.911795918367346
0.5463096,-0.15993108,0.47064203,317.33575,2008-06-19,1174501.8,34.24203498542274
0.86377823,-1.0936404,0.49492937,367.32532,2008-06-20,1010329.2,29.455661807580174
1.1192132,-1.2525543,0.5108769,367.97394,2008-06-21,1047763.8,30.547049562682215
1.3218088,-1.1122789,0.51009846,369.73422,2008-06-22,1131912.0,33.0003498542274
1.5135448,-0.90550363,0.50910604,372.32062,2008-06-23,1217158.2,35.48566180758017
1.700232,-0.99000645,0.5082997,375.52515,2008-06-24,1179759.6,34.39532361516035
2.0134902,-0.5529747,0.48675764,359.8115,2008-06-25,1083546.0,31.590262390670553
1.5711769,-0.7333586,0.44628268,366.61334,2008-06-26,1131969.6,33.00202915451896
1.6750773,-0.9849988,0.44641972,360.72424,2008-06-27,1031376.6,30.06928862973761
2.233058,-0.35035262,0.445555,358.03064,2008-06-28,1294801.2,37.74930612244898
2.191581,-0.139168,0.48676467,316.99033,2008-06-29,1191715.2,34.7438833819242
1.4141539,-0.8060484,0.51675504,358.08566,2008-06-30,1103526.0,32.172769679300295
1.2793792,-1.0689251,0.5217217,349.53558,2008-07-01,1024050.6,29.855702623906705
1.5328779,-0.88115764,0.514297,358.3064,2008-07-02,1000173.6,29.15958017492711
1.7605708,-0.9339416,0.5157101,364.7616,2008-07-03,1030491.0,30.043469387755103
4.8401604,0.0,0.514316,360.8697,2008-07-04,1314153.0,38.313498542274054
3.9138346,-0.019575331,0.45129392,355.92615,2008-07-05,1469475.0,42.84183673469388
3.3064723,0.0,0.45070308,309.0583,2008-07-06,1485082.8,43.296874635568514
2.4525335,-0.24851015,0.44787776,347.40576,2008-07-07,1346239.8,39.24897376093295
3.549419,-0.08633338,0.4480176,337.08804,2008-07-08,1291883.4,37.66423906705539
3.5576038,-0.049375217,0.4515086,264.22186,2008-07-09,1421802.0,41.45195335276968
3.4054258,-0.015649477,0.45453215,307.2142,2008-07-10,1299072.6,37.87383673469388
2.8077817,-0.07725294,0.4464702,331.79904,2008-07-11,1196346.6,34.87890962099126
1.9451667,-0.066240735,0.4517513,133.87671,2008-07-12,1061485.2,30.947090379008745
1.7227069,-0.020568954,0.44578397,309.18445,2008-07-13,1021053.6,29.768326530612242
2.1199872,-0.3639181,0.44604743,338.46573,2008-07-14,1055028.6,30.758851311953357
2.0068212,-0.48715538,0.44737315,341.43134,2008-07-15,1202803.2,35.06714868804665
2.1480668,-0.6835293,0.44748372,342.37015,2008-07-16,1108668.6,32.32269970845481
2.0787046,-0.6838058,0.44852158,320.9894,2008-07-17,1086859.8,31.68687463556851
2.7028508,-0.38014773,0.44781023,334.2159,2008-07-18,1279270.8,37.296524781341105
2.6215277,-0.4403514,0.44686365,337.72723,2008-07-19,1221282.0,35.60588921282799
2.1441526,-0.6730839,0.4509092,323.9091,2008-07-20,1106884.8,32.27069387755102
2.3193734,-0.13821486,0.45238015,117.36393,2008-07-21,1123983.0,32.769183673469385
-0.7270505,-0.6066631,0.5135682,237.39267,2008-07-22,814554.0,23.74793002915452
-2.0196002,-3.4431987,0.7464763,326.84473,2008-07-23,645204.6,18.81062973760933
2.312239,-0.75769997,0.63128054,200.8287,2008-07-24,731557.8,21.328215743440236
2.4352021,-0.46611288,0.57859254,309.89792,2008-07-25,971526.6,28.324390670553935
2.462448,-0.070048966,0.5351094,286.14905,2008-07-26,1174050.0,34.22886297376093
3.658752,-0.4326547,0.5166718,310.79898,2008-07-27,1168578.0,34.06932944606414
3.523707,-0.17910756,0.4788989,312.40332,2008-07-28,1352215.8,39.42320116618076
4.5736475,-0.023220487,0.4488899,304.74017,2008-07-29,1384743.6,40.3715335276968
3.518663,-0.006220394,0.44944704,298.4557,2008-07-30,1466022.6,42.74118367346939
2.7847142,-0.3467172,0.44981787,298.98813,2008-07-31,1336055.4,38.95205247813411
2.897232,-0.26735294,0.45216683,282.69867,2008-08-01,1173985.2,34.22697376093294
2.6623108,-0.21521865,0.45027786,278.4003,2008-08-02,1111447.8,32.40372594752187
2.7157173,-0.5107204,0.44951692,289.63745,2008-08-03,1109802.6,32.355760932944605
3.2457418,-0.071391106,0.4502186,251.64606,2008-08-04,1147440.6,33.45307871720117
2.7040458,-0.011531406,0.44925168,227.22124,2008-08-05,924613.2,26.956653061224486
2.0141993,-0.65073544,0.4504575,269.40295,2008-08-06,996654.6,29.056985422740524
1.9961176,-0.6234883,0.45005983,271.98242,2008-08-07,977605.2,28.50160932944606
1.4536275,-1.0677139,0.45024616,277.37885,2008-08-08,932117.4,27.175434402332364
1.142363,-1.2406161,0.45031673,275.0194,2008-08-09,850618.8,24.79938192419825
1.2725266,-1.033673,0.45193198,247.47546,2008-08-10,862560.0,25.147521865889214
1.143256,-1.3552806,0.44996688,261.5974,2008-08-11,814370.4,23.74257725947522
1.4902308,-1.1272172,0.45291126,212.48523,2008-08-12,718563.6,20.94937609329446
1.8471534,-0.79979825,0.4511647,159.96655,2008-08-13,973333.8,28.377078717201165
1.8212975,0.0,0.47593296,118.187454,2008-08-14,1325505.6,38.64447813411079
0.68473685,-0.52118504,0.5183158,191.79056,2008-08-15,946575.0,27.596938775510203
-0.6089381,-2.12413,0.5517146,253.686,2008-08-16,723110.4,21.08193586005831
0.29487917,-1.868569,0.525396,167.77927,2008-08-17,721861.2,21.045516034985422
3.7947726,0.0,0.47427493,70.16208,2008-08-18,985663.8,28.736553935860062
2.6830075,-8.720822e-05,0.4531886,132.54579,2008-08-19,1175992.2,34.285486880466465
2.3312576,-0.036536533,0.448691,230.76453,2008-08-20,1046977.2,30.524116618075798
2.1906276,-0.05299546,0.51534903,51.881695,2008-08-21,1111437.0,32.4034110787172
-0.5577204,-1.4369535,0.5934695,164.9182,2008-08-22,586321.2,17.093912536443145
-1.2102847,-1.1169603,0.8440747,142.89352,2008-08-23,78471.0,2.2877842565597666
-1.8423345,-1.5796025,0.8420033,161.07059,2008-08-24,0.0,0.0
-5.0851107,-5.891432,0.83087564,213.36847,2008-08-25,0.0,0.0
-6.0760784,-7.8338833,0.8334911,219.99721,2008-08-26,0.0,0.0
-0.434421,-2.3131108,0.8076919,152.51265,2008-08-27,0.0,0.0
-0.7798409,-1.3330088,0.7929416,157.91615,2008-08-28,0.0,0.0
-3.1922505,-3.915681,0.8265558,175.50566,2008-08-29,0.0,0.0
-0.8058426,-3.731744,0.7968825,208.93645,2008-08-30,0.0,0.0
-0.049859703,-2.8684278,0.7932485,204.61462,2008-08-31,0.0,0.0
1.4489945,-1.0095971,0.71161115,140.34326,2008-09-01,33330.6,0.971737609329446
3.2533553,0.0,0.6178129,101.98578,2008-09-02,665123.4,19.3913527696793
1.521438,0.0,0.5709639,119.914825,2008-09-03,693894.6,20.230163265306125
0.5712611,-1.0755937,0.58635485,177.31035,2008-09-04,512064.0,14.928979591836734
2.4841065,-0.072963186,0.55341583,59.59934,2008-09-05,567005.4,16.530769679300295
0.4851533,-0.01741653,0.5998802,55.69964,2008-09-06,703744.2,20.517323615160347
-0.48063502,-0.554086,0.83862233,91.07474,2008-09-07,340061.4,9.914326530612247
-2.2669609,-3.3502607,0.8604955,151.22345,2008-09-08,81016.2,2.3619883381924196
-6.7405686,-8.594803,0.8594227,156.80081,2008-09-09,0.0,0.0
-2.3429446,-4.7351694,0.85658616,146.0199,2008-09-10,0.0,0.0
-3.5109894,-6.084633,0.85542923,166.93172,2008-09-11,0.0,0.0
-4.4895387,-7.4843626,0.8534328,162.37057,2008-09-12,0.0,0.0
-6.233771,-8.5873575,0.8487272,154.20401,2008-09-13,0.0,0.0
-2.5045037,-5.4765577,0.8469535,148.52574,2008-09-14,0.0,0.0
-1.1304035,-2.5017047,0.8411739,86.64537,2008-09-15,0.0,0.0
-9.52191,-11.512545,0.85307884,152.92374,2008-09-16,0.0,0.0
-6.8074384,-8.862001,0.84880066,125.30908,2008-09-17,0.0,0.0
-5.6183844,-7.506256,0.8478739,99.36102,2008-09-18,0.0,0.0
-5.4189577,-5.6494937,0.8463661,89.17231,2008-09-19,0.0,0.0
-6.1496954,-7.0172195,0.83226967,95.80211,2008-09-20,0.0,0.0
-5.7220445,-7.5581136,0.83427984,90.065605,2008-09-21,0.0,0.0
-4.0757003,-6.1824512,0.8485955,113.709305,2008-09-22,0.0,0.0
-7.4656696,-9.438538,0.8480864,119.72279,2008-09-23,0.0,0.0
-14.994592,-16.620857,0.85013914,124.20497,2008-09-24,0.0,0.0
-13.004198,-14.996172,0.8451818,117.98891,2008-09-25,0.0,0.0
-4.2297077,-5.8248415,0.84237576,62.338104,2008-09-26,0.0,0.0
-0.12165165,-1.0531813,0.81366014,30.218803,2008-09-27,0.0,0.0
-2.3618588,-2.4149616,0.83933103,49.10997,2008-09-28,0.0,0.0
-7.495962,-9.195061,0.8467629,86.25497,2008-09-29,0.0,0.0
-7.984659,-9.507863,0.83636737,82.98163,2008-09-30,0.0,0.0
-5.404648,-5.9244823,0.82913864,46.615425,2008-10-01,0.0,0.0
-12.153062,-14.555805,0.8320253,98.62072,2008-10-02,0.0,0.0
-14.8696375,-17.737886,0.8307885,91.07218,2008-10-03,0.0,0.0
-9.33016,-12.278019,0.8266369,78.57857,2008-10-04,0.0,0.0
-10.808483,-12.862549,0.8258996,67.91643,2008-10-05,0.0,0.0
-19.595451,-21.513147,0.8314817,85.04068,2008-10-06,0.0,0.0
-6.3482676,-9.577415,0.8263154,62.099743,2008-10-07,0.0,0.0
-5.7156043,-8.790116,0.83152294,76.70384,2008-10-08,0.0,0.0
-8.664349,-11.256565,0.83127546,75.701385,2008-10-09,0.0,0.0
-8.140872,-10.359432,0.8275018,56.836517,2008-10-10,0.0,0.0
-7.1843004,-7.7569547,0.8169162,44.360382,2008-10-11,0.0,0.0
-13.1748,-14.309908,0.8124392,52.68523,2008-10-12,0.0,0.0
-16.765347,-19.17279,0.81609917,55.913086,2008-10-13,0.0,0.0
-8.858417,-9.970848,0.8120949,34.132828,2008-10-14,0.0,0.0
-5.8152723,-6.879572,0.8114012,33.947853,2008-10-15,0.0,0.0
-8.666641,-9.89183,0.810961,36.386192,2008-10-16,0.0,0.0
-9.871374,-10.350812,0.81058574,31.734715,2008-10-17,0.0,0.0
-12.27191,-14.537258,0.81244105,48.169456,2008-10-18,0.0,0.0
-8.607901,-9.360663,0.81034684,32.765133,2008-10-19,0.0,0.0
-5.779546,-6.090089,0.818418,16.95798,2008-10-20,0.0,0.0
-17.386497,-19.13583,0.81835103,34.33973,2008-10-21,0.0,0.0
-18.23429,-19.413803,0.816887,39.47148,2008-10-22,0.0,0.0
-23.629963,-25.436409,0.8200052,42.362244,2008-10-23,0.0,0.0
-21.15999,-22.480812,0.8164815,33.66371,2008-10-24,0.0,0.0
-23.032364,-25.362946,0.82299256,38.438484,2008-10-25,0.0,0.0
-13.705124,-16.402477,0.8183584,27.117558,2008-10-26,0.0,0.0
-1.34422,-2.6114252,0.81422555,7.938521,2008-10-27,0.0,0.0
-1.4943097,-2.0632355,0.8244231,7.8474655,2008-10-28,37443.6,1.0916501457725947
-1.6258497,-3.0130444,0.8361264,25.766197,2008-10-29,39978.0,1.165539358600583
3.111539,-0.10295254,0.72913593,6.4445333,2008-10-30,169347.6,4.937247813411078
-6.3968344,-6.4988174,0.81379235,18.753792,2008-10-31,356880.6,10.404682215743438
-13.488569,-15.046957,0.82577133,23.555801,2008-11-01,258490.8,7.536174927113702
-8.48385,-9.573175,0.8194514,15.60408,2008-11-02,425928.6,12.417743440233236
-10.368204,-10.92366,0.81226814,12.959131,2008-11-03,506500.2,14.766769679300292
-14.482336,-16.18896,0.8157195,19.777079,2008-11-04,697181.4,20.32598833819242
-17.974602,-19.758728,0.814905,11.592182,2008-11-05,855883.8,24.952880466472305
-18.287474,-20.995316,0.81495357,17.38986,2008-11-06,800431.2,23.336186588921283
-17.41156,-18.66975,0.81223273,9.2395735,2008-11-07,728677.8,21.244250728862976
-12.335941,-15.0385,0.81188524,10.490093,2008-11-08,712270.8,20.76591253644315
-14.493426,-17.516108,0.8170421,13.553544,2008-11-09,661683.6,19.291067055393583
-16.404364,-19.252579,0.8209648,13.798346,2008-11-10,595924.2,17.3738833819242
-12.249966,-15.684067,0.8204968,12.684971,2008-11-11,580332.6,16.91931778425656
-12.848322,-15.837585,0.8151809,8.69949,2008-11-12,583632.0,17.015510204081632
-9.14022,-10.221352,0.81167555,5.928073,2008-11-13,621041.4,18.106163265306122
-9.535635,-10.335723,0.81078583,5.1141047,2008-11-14,788464.8,22.987311953352773
-5.9517107,-6.673947,0.8102379,4.188645,2008-11-15,780165.0,22.74533527696793
-4.7511425,-5.3301973,0.8158184,2.681427,2008-11-16,605584.8,17.655533527696793
-8.314314,-10.129433,0.820423,2.7035627,2008-11-17,413839.8,12.065300291545189
-2.8115559,-3.2289412,0.8017804,1.7870088,2008-11-18,401740.2,11.712542274052478
-10.008572,-10.542322,0.81599545,3.493011,2008-11-19,428628.60000000003,12.496460641399418
-15.881311,-17.98597,0.81923854,5.0868244,2008-11-20,429442.2,12.520180758017492
-3.8477135,-5.0477123,0.792483,0.76544577,2008-11-21,410491.8,11.967690962099125
-4.7088656,-5.845554,0.817155,2.3160043,2008-11-22,505060.2,14.724787172011661
-11.679279,-13.745623,0.8163156,2.7475266,2008-11-23,519649.2,15.150122448979591
-7.6522007,-8.193708,0.81277275,2.1375728,2008-11-24,503517.6,14.679813411078715
-14.894318,-16.572563,0.8119031,2.2019887,2008-11-25,483685.2,14.101609329446065
-19.096817,-21.130314,0.8113953,1.6665654,2008-11-26,428653.8,12.497195335276967
-16.809464,-18.855858,0.8147141,1.4045565,2008-11-27,278406.0,8.116793002915452
-16.17334,-18.650337,0.8185802,1.3999549,2008-11-28,111511.8,3.251072886297376
-6.783801,-8.7260475,0.82257354,0.8168683,2008-11-29,0.0,0.0
-4.620074,-7.112854,0.8314534,0.817783,2008-11-30,0.0,0.0
-1.3635305,-4.016677,0.7986477,0.32320374,2008-12-01,0.0,0.0
-7.870101,-10.513411,0.8106615,0.48614556,2008-12-02,0.0,0.0
-10.239827,-12.505577,0.8092081,0.29052734,2008-12-03,0.0,0.0
-11.064922,-12.841789,0.8090303,0.1788224,2008-12-04,0.0,0.0
-9.594541,-11.836353,0.8088397,0.18989566,2008-12-05,0.0,0.0
-13.196355,-14.899439,0.8107594,0.10217134,2008-12-06,0.0,0.0
-17.083414,-18.996601,0.8090172,0.059638087,2008-12-07,0.0,0.0
-12.778257,-14.646787,0.82476604,0.0,2008-12-08,0.0,0.0
-5.4299073,-7.287182,0.8108394,0.0,2008-12-09,0.0,0.0
-11.853565,-13.040296,0.8105376,0.0,2008-12-10,0.0,0.0
-21.40148,-22.785463,0.809813,0.0,2008-12-11,0.0,0.0
-20.688808,-22.133263,0.80987275,0.0,2008-12-12,0.0,0.0
-19.638226,-20.934532,0.80976033,0.0,2008-12-13,0.0,0.0
-13.035645,-15.007158,0.8097404,0.0,2008-12-14,0.0,0.0
-19.344433,-20.458042,0.8097385,0.0,2008-12-15,0.0,0.0
-27.423302,-29.001373,0.81087804,0.0,2008-12-16,0.0,0.0
-25.33215,-25.855328,0.80961967,0.0,2008-12-17,0.0,0.0
-25.555906,-26.589935,0.80960834,0.0,2008-12-18,0.0,0.0
-26.941797,-29.398163,0.8096183,0.0,2008-12-19,0.0,0.0
-18.715904,-22.293596,0.80961734,0.0,2008-12-20,0.0,0.0
-20.189,-22.446182,0.8096168,0.0,2008-12-21,0.0,0.0
-18.024424,-20.856943,0.8095916,0.0,2008-12-22,0.0,0.0
-23.190052,-24.914316,0.81308025,0.0,2008-12-23,0.0,0.0
-24.898655,-26.450283,0.8096197,0.0,2008-12-24,0.0,0.0
-19.508062,-21.1364,0.8101914,0.0,2008-12-25,0.0,0.0
-9.826569,-12.592321,0.8103808,0.0,2008-12-26,0.0,0.0
-10.913071,-12.932199,0.8097651,0.0,2008-12-27,0.0,0.0
-20.549168,-22.138424,0.80984294,0.0,2008-12-28,0.0,0.0
-23.464672,-25.73584,0.816257,0.0,2008-12-29,0.0,0.0
-8.39859,-11.292103,0.8096142,0.0,2008-12-30,0.0,0.0
-6.589941,-9.760425,0.8139981,0.0,2008-12-31,0.0,0.0
-7.2389984,-10.854703,0.81941485,0.0,2009-01-01,0.0,0.0
-6.0070953,-9.681965,0.8142258,0.0,2009-01-02,0.0,0.0
-8.430211,-12.157964,0.8195975,0.0,2009-01-03,0.0,0.0
-12.219109,-15.421274,0.81735504,0.0,2009-01-04,0.0,0.0
-8.540125,-11.684051,0.8105053,0.0,2009-01-05,0.0,0.0
-3.044784,-6.373767,0.81178975,0.0,2009-01-06,0.0,0.0
-7.0477467,-10.384287,0.81045306,0.0,2009-01-07,0.0,0.0
-6.627791,-9.331414,0.81063616,0.17774734,2009-01-08,0.0,0.0
-11.631048,-12.943626,0.8107697,0.2876423,2009-01-09,0.0,0.0
-17.092636,-18.006252,0.8106326,0.32050943,2009-01-10,0.0,0.0
-22.640987,-25.176075,0.81609464,0.47552878,2009-01-11,0.0,0.0
-16.761261,-18.596676,0.81052625,0.52137303,2009-01-12,0.0,0.0
-16.371178,-18.6209,0.81046665,0.6347662,2009-01-13,0.0,0.0
-22.777348,-24.825733,0.81232035,0.8782811,2009-01-14,0.0,0.0
-29.192526,-31.17722,0.8178544,1.4520552,2009-01-15,0.0,0.0
-27.99184,-30.72389,0.81045365,1.5129888,2009-01-16,0.0,0.0
-25.07885,-27.194294,0.8104499,1.6522585,2009-01-17,0.0,0.0
-26.001398,-27.42408,0.8103142,2.0153408,2009-01-18,0.0,0.0
-26.826855,-29.288342,0.811479,2.6491413,2009-01-19,0.0,0.0
-22.390762,-25.067429,0.81029665,2.7927947,2009-01-20,0.0,0.0
-6.982599,-14.091963,0.81035596,3.414792,2009-01-21,0.0,0.0
-9.596859,-15.09864,0.81028056,3.5400043,2009-01-22,0.0,0.0
-11.615093,-14.566101,0.8102852,3.474709,2009-01-23,0.0,0.0
-15.860369,-18.344086,0.8119556,5.081418,2009-01-24,0.0,0.0
-10.500823,-13.432839,0.81028455,3.8764505,2009-01-25,0.0,0.0
-9.072548,-11.824698,0.81037676,4.979804,2009-01-26,0.0,0.0
-8.941642,-11.748634,0.81041837,5.083821,2009-01-27,0.0,0.0
-12.889593,-15.98638,0.8182297,8.457717,2009-01-28,0.0,0.0
-14.230455,-17.172089,0.8165899,8.960564,2009-01-29,0.0,0.0
-15.05762,-16.996471,0.81052214,7.524149,2009-01-30,0.0,0.0
-17.355377,-19.170918,0.8127295,7.770952,2009-01-31,0.0,0.0
-19.391426,-21.949839,0.81360877,10.443323,2009-02-01,0.0,0.0
-15.080397,-18.319302,0.81689227,12.412941,2009-02-02,0.0,0.0
-4.814505,-8.273667,0.81112677,9.628992,2009-02-03,0.0,0.0
-3.3813334,-6.072255,0.8111483,7.473179,2009-02-04,0.0,0.0
-4.308583,-7.143755,0.81206506,13.468919,2009-02-05,0.0,0.0
-6.9624267,-9.738195,0.81317544,15.1223345,2009-02-06,0.0,0.0
-7.126109,-10.03956,0.8118957,15.079408,2009-02-07,0.0,0.0
-4.6470585,-7.4796705,0.8111603,11.989944,2009-02-08,0.0,0.0
-7.8698034,-11.520721,0.8168664,22.34985,2009-02-09,0.0,0.0
-11.262978,-14.240982,0.8207295,22.98161,2009-02-10,0.0,0.0
-9.388029,-12.578833,0.8225173,24.707705,2009-02-11,0.0,0.0
-7.1055145,-10.262524,0.8164898,20.25386,2009-02-12,0.0,0.0
-9.4694195,-12.341764,0.8194977,27.992748,2009-02-13,0.0,0.0
-14.187223,-16.950361,0.81724334,26.156975,2009-02-14,0.0,0.0
-15.1121235,-18.2642,0.8208706,32.106346,2009-02-15,0.0,0.0
-20.971552,-23.337498,0.81910855,31.359867,2009-02-16,0.0,0.0
-21.206688,-22.603878,0.8133377,26.534382,2009-02-17,0.0,0.0
-23.361958,-24.851147,0.81321,27.73785,2009-02-18,0.0,0.0
-22.90542,-25.093735,0.8169358,39.77871,2009-02-19,0.0,0.0
-28.535189,-30.420296,0.81757784,33.16251,2009-02-20,0.0,0.0
-31.621181,-33.167923,0.81856716,46.799248,2009-02-21,0.0,0.0
-26.314896,-29.167795,0.822008,49.84922,2009-02-22,0.0,0.0
-22.174896,-25.406414,0.82186735,50.667065,2009-02-23,0.0,0.0
-18.65841,-21.594944,0.8164225,48.78035,2009-02-24,0.0,0.0
-13.700734,-15.998919,0.81392324,42.26499,2009-02-25,0.0,0.0
-12.436691,-14.42104,0.8131406,44.36139,2009-02-26,0.0,0.0
-11.466489,-13.169544,0.8131913,37.26045,2009-02-27,0.0,0.0
-17.620636,-19.414825,0.8142463,59.68595,2009-02-28,0.0,0.0
-22.539997,-23.81797,0.8126396,49.642155,2009-03-01,0.0,0.0
-24.029024,-25.174221,0.8123836,45.316162,2009-03-02,0.0,0.0
-24.686874,-25.4971,0.8123609,51.52024,2009-03-03,0.0,0.0
-27.349619,-27.867006,0.8120891,61.447693,2009-03-04,0.0,0.0
-27.261757,-28.027517,0.8133116,43.724243,2009-03-05,0.0,0.0
-14.871606,-17.828354,0.8145691,76.25217,2009-03-06,0.0,0.0
-19.141907,-21.90337,0.8195344,82.5391,2009-03-07,0.0,0.0
-19.606972,-21.84964,0.81451905,84.89705,2009-03-08,0.0,0.0
-20.235271,-22.840336,0.8187945,91.68091,2009-03-09,0.0,0.0
-21.721558,-23.53267,0.81202155,70.70683,2009-03-10,0.0,0.0
-21.70065,-23.467377,0.81169546,73.77017,2009-03-11,0.0,0.0
-17.848642,-20.460949,0.8177228,98.04905,2009-03-12,0.0,0.0
-15.530742,-18.359152,0.8187952,102.365776,2009-03-13,0.0,0.0
-13.199251,-16.363647,0.8186814,104.74151,2009-03-14,0.0,0.0
-15.254431,-17.927288,0.81710017,104.618774,2009-03-15,0.0,0.0
-18.556747,-20.703178,0.81691384,110.53201,2009-03-16,0.0,0.0
-14.207513,-17.229488,0.8176106,116.1357,2009-03-17,0.0,0.0
-7.957368,-10.163308,0.8140136,88.89217,2009-03-18,0.0,0.0
-13.544434,-16.360712,0.8189869,123.31135,2009-03-19,0.0,0.0
-8.304074,-10.951603,0.81487465,75.205734,2009-03-20,0.0,0.0
-10.544071,-11.919205,0.8125409,80.73085,2009-03-21,0.0,0.0
-18.445131,-20.554403,0.8125855,118.123886,2009-03-22,0.0,0.0
-18.325382,-20.34853,0.8150862,135.79498,2009-03-23,0.0,0.0
-20.023548,-21.035378,0.81237245,112.962296,2009-03-24,0.0,0.0
-17.990734,-19.040337,0.81219363,107.485535,2009-03-25,0.0,0.0
-14.253216,-14.670301,0.81190425,97.33635,2009-03-26,0.0,0.0
-12.98872,-12.8900795,0.810964,68.80138,2009-03-27,0.0,0.0
-26.629131,-27.68395,0.8114598,151.26776,2009-03-28,0.0,0.0
-28.260517,-29.500502,0.8142247,159.9089,2009-03-29,0.0,0.0
-26.620941,-28.466465,0.8152803,166.94376,2009-03-30,0.0,0.0
-17.137018,-19.480213,0.8151182,170.01166,2009-03-31,0.0,0.0
-16.690638,-18.781355,0.8149896,171.93808,2009-04-01,0.0,0.0
-10.474276,-13.282711,0.8147031,171.30927,2009-04-02,0.0,0.0
-9.534649,-12.187061,0.8135177,173.88603,2009-04-03,0.0,0.0
-12.782822,-15.152908,0.81175065,174.56879,2009-04-04,0.0,0.0
-17.562351,-19.588978,0.813993,182.89804,2009-04-05,0.0,0.0
-16.660524,-17.692642,0.81373596,155.6302,2009-04-06,0.0,0.0
-18.81426,-18.734488,0.81034803,168.26701,2009-04-07,0.0,0.0
-23.36961,-24.673477,0.8126881,198.50748,2009-04-08,0.0,0.0
-16.802364,-19.420427,0.81525886,201.11876,2009-04-09,0.0,0.0
-6.8343143,-8.583427,0.81045747,137.4621,2009-04-10,0.0,0.0
-9.227428,-9.426746,0.8105986,172.89815,2009-04-11,0.0,0.0
-15.153168,-17.129414,0.81012404,211.17313,2009-04-12,0.0,0.0
-11.574198,-13.941898,0.81222534,203.19785,2009-04-13,0.0,0.0
-10.323267,-11.447649,0.8104297,186.00479,2009-04-14,0.0,0.0
-17.77348,-17.686733,0.8109317,105.8137,2009-04-15,0.0,0.0
-18.4234,-17.685497,0.81011677,111.76857,2009-04-16,0.0,0.0
-15.849119,-15.894558,0.8103462,199.62955,2009-04-17,0.0,0.0
-10.376133,-12.013825,0.80855316,226.25418,2009-04-18,0.0,0.0
-5.6645184,-8.388678,0.809482,222.94202,2009-04-19,0.0,0.0
-7.505082,-8.125282,0.80993253,176.38867,2009-04-20,0.0,0.0
-11.656124,-12.23794,0.80992997,213.95297,2009-04-21,0.0,0.0
-13.657845,-14.596642,0.80726,240.67386,2009-04-22,0.0,0.0
-10.237015,-12.205744,0.8138745,230.22583,2009-04-23,0.0,0.0
-4.1141214,-5.617027,0.8098664,213.50198,2009-04-24,0.0,0.0
-1.2432727,-2.6089387,0.83474565,194.55725,2009-04-25,0.0,0.0
-7.7857294,-9.401776,0.82969385,245.74844,2009-04-26,0.0,0.0
-8.351164,-10.15975,0.8266639,190.64923,2009-04-27,0.0,0.0
-5.534526,-8.121305,0.80908704,270.98853,2009-04-28,336682.8,9.815825072886296
-11.462116,-12.672236,0.8155879,246.19237,2009-04-29,431236.8,12.572501457725947
-9.7331295,-11.257067,0.8117282,262.49628,2009-04-30,504466.2,14.707469387755102
-11.523166,-13.53247,0.81149983,281.14798,2009-05-01,472885.2,13.786740524781342
-9.072434,-11.250006,0.8153175,260.75726,2009-05-02,585748.8,17.07722448979592
-7.1630936,-8.543521,0.8127909,280.8991,2009-05-03,620231.4,18.08254810495627
-11.464869,-12.795643,0.8099892,290.69263,2009-05-04,525015.0,15.306559766763847
-13.193363,-14.755911,0.8122644,289.4394,2009-05-05,615340.8,17.93996501457726
-10.982918,-12.467466,0.8064928,296.05038,2009-05-06,588864.6,17.16806413994169
-12.850949,-13.947641,0.80706584,298.73965,2009-05-07,468001.8,13.644367346938775
-6.6693025,-8.168247,0.8146573,218.1104,2009-05-08,647024.4,18.863685131195336
-8.838697,-9.251109,0.8136967,255.83717,2009-05-09,635239.8,18.520110787172015
-16.102781,-16.85067,0.8096322,314.56317,2009-05-10,682695.0,19.903644314868806
-17.812767,-18.350283,0.8110682,316.37616,2009-05-11,830964.6,24.226373177842564
-17.454618,-18.44543,0.81090677,322.71136,2009-05-12,843568.2,24.593825072886297
-13.250759,-12.541172,0.8128314,247.81061,2009-05-13,820962.0,23.93475218658892
-10.472759,-10.564798,0.8104273,301.9984,2009-05-14,749662.2,21.85604081632653
-6.310666,-8.662437,0.8098713,325.7088,2009-05-15,621900.0,18.131195335276967
-2.2433693,-4.7935276,0.782864,327.47394,2009-05-16,565689.6,16.492408163265303
1.4408541,-1.4721673,0.7685555,315.07916,2009-05-17,530100.0,15.454810495626822
0.7289926,-1.8439137,0.7613963,300.3728,2009-05-18,527248.8,15.371685131195337
1.5193948,-0.11070728,0.7132824,239.72397,2009-05-19,651052.8,18.981131195335276
-1.3593122,-2.8879776,0.7549341,328.9182,2009-05-20,699460.2,20.392425655976673
-0.9615773,-3.0360773,0.76709414,315.39923,2009-05-21,803811.6,23.43474052478134
2.0850954,-1.5674047,0.7416017,293.13095,2009-05-22,890931.6,25.97468221574344
2.342644,-1.1926715,0.6963917,340.64807,2009-05-23,874731.6,25.502379008746356
2.0160174,-1.0048821,0.6044065,308.13794,2009-05-24,790383.6,23.04325364431487
0.49074137,-1.9097648,0.60146946,339.2422,2009-05-25,550038.6,16.03611078717201
-0.7918978,-2.4087276,0.6058358,346.521,2009-05-26,22901.4,0.6676793002915452
-1.5139533,-2.8510294,0.6041989,349.22052,2009-05-27,382098.6,11.139900874635568
-1.878244,-3.1490488,0.60972816,352.40845,2009-05-28,1034973.0,30.17413994169096
-2.064368,-3.1482122,0.60888386,350.50726,2009-05-29,282344.4,8.231615160349854
-0.40093985,-2.4873762,0.6016149,353.11987,2009-05-30,322495.2,9.402192419825072
1.4377555,-1.132838,0.59565854,341.7782,2009-05-31,430671.6,12.556023323615161
2.716789,-0.44491744,0.59504974,267.57785,2009-06-01,601545.6,17.537772594752184
3.864432,0.0,0.57022774,333.7152,2009-06-02,879012.0,25.627172011661806
2.804494,-0.41551718,0.5836606,353.74655,2009-06-03,993724.2,28.971551020408164
3.336053,-0.07018396,0.57610035,352.66034,2009-06-04,1053945.0,30.72725947521866
3.919138,-0.12724474,0.58079636,349.32526,2009-06-05,1289709.0,37.60084548104956
3.178189,-0.13183965,0.5782785,339.88312,2009-06-06,1309077.0,38.165510204081635
1.8004352,-0.15942383,0.6064205,269.24005,2009-06-07,1130925.6,32.971591836734696
0.9041927,-1.1981685,0.648235,318.8364,2009-06-08,920788.2,26.845137026239065
0.96550065,-0.0017435286,0.6364864,142.44188,2009-06-09,856650.6,24.9752361516035
-0.44457307,-1.7066636,0.6774332,358.57208,2009-06-10,708399.0,20.65303206997085
-0.6776083,-2.450187,0.67155504,368.18414,2009-06-11,624358.8,18.2028804664723
0.28382212,-1.6006814,0.66736686,361.20728,2009-06-12,630160.2,18.372017492711368
-0.21107513,-1.9603586,0.66372275,367.76587,2009-06-13,648414.0,18.90419825072886
-0.019206047,-2.0118456,0.6436779,372.5047,2009-06-14,625590.0,18.238775510204082
1.48374,-1.2829962,0.5692011,372.63498,2009-06-15,619822.8,18.07063556851312
1.762995,-1.0007603,0.57095647,370.33496,2009-06-16,755398.8,22.02328862973761
1.6973357,-0.8659506,0.5638558,366.45117,2009-06-17,928004.4,27.055521865889215
1.5451157,-0.46666825,0.5129567,295.88147,2009-06-18,905790.6,26.40788921282799
1.4543277,-1.1328217,0.51528,310.6195,2009-06-19,817745.4,23.840973760932947
0.44063228,-0.41116005,0.5188074,219.39682,2009-06-20,823210.2,24.000297376093293
-0.58978796,-0.53311443,0.7637223,269.20407,2009-06-21,461741.4,13.461848396501459
0.39394504,-0.90027577,0.7689096,363.00922,2009-06-22,448749.0,13.083061224489796
0.49972567,-1.785912,0.680105,360.89624,2009-06-23,684691.2,19.961842565597667
1.2132964,-0.7603741,0.5704392,323.208,2009-06-24,708955.2,20.669247813411076
0.92988634,-0.6709445,0.5922358,183.38036,2009-06-25,749156.4,21.8412944606414
1.0507119,0.0,0.6393487,134.95001,2009-06-26,823321.8,24.003551020408167
0.6507576,-0.17518234,0.69170076,332.86188,2009-06-27,714425.4,20.82872886297376
0.88789463,-1.4512002,0.6101373,364.42804,2009-06-28,819036.0,23.87860058309038
2.687423,-0.20190471,0.5744895,190.785,2009-06-29,943534.8,27.508303206997088
1.8159878,-0.004852507,0.5356581,127.20491,2009-06-30,1076171.4,31.37525947521866
-0.64277804,-0.5824255,0.77096605,282.4496,2009-07-01,644459.4,18.788903790087463
0.23955896,-1.1100297,0.67565644,285.93,2009-07-02,476812.8,13.901247813411079
1.1790373,-0.39555866,0.59349525,190.22604,2009-07-03,571546.8,16.663172011661807
0.6081343,-0.03445742,0.66552085,296.59576,2009-07-04,620980.2,18.104379008746356
-0.2624659,-1.4786611,0.5452591,361.42722,2009-07-05,647222.4,18.869457725947523
2.9601858,-0.6262681,0.5146267,314.4073,2009-07-06,677910.6,19.764157434402332
4.6673245,0.0,0.4999605,349.48145,2009-07-07,1073196.0,31.288513119533526
3.8735714,-0.022783067,0.4518832,342.7511,2009-07-08,1228314.6,35.81092128279884
2.5905075,-0.32959163,0.4485101,345.02966,2009-07-09,1152487.8,33.60022740524782
2.8998332,-0.12707826,0.4530484,319.15485,2009-07-10,1169834.4,34.10595918367346
2.88733,-0.34016377,0.4466406,342.23145,2009-07-11,1224010.8,35.685446064139946
4.2562914,0.0,0.45131758,297.24188,2009-07-12,1350594.0,39.37591836734694
4.3649936,0.0,0.45144728,191.86952,2009-07-13,1391207.4,40.55998250728863
5.0117784,0.0,0.4452793,331.85938,2009-07-14,1335375.0,38.93221574344023
3.9875183,0.0,0.44668335,333.55304,2009-07-15,1426546.8,41.59028571428572
4.0898747,0.0,0.44800544,330.26437,2009-07-16,1328554.8,38.73337609329446
4.6410646,-0.0001637141,0.44756997,337.91724,2009-07-17,1258347.6,36.68651895043732
4.169165,-0.02002536,0.44934005,333.41388,2009-07-18,1236839.4,36.05945772594752
3.415411,-0.12289238,0.45175856,318.58725,2009-07-19,1165179.6,33.97025072886298
3.1542041,-0.041491296,0.44870466,324.21246,2009-07-20,1102372.2,32.139131195335274
2.2230952,-0.5216862,0.4476351,317.74255,2009-07-21,967737.6,28.21392419825073
2.518832,-0.478266,0.44892234,299.97266,2009-07-22,910278.0,26.538717201166182
2.3381526,-0.74204767,0.45075715,276.56152,2009-07-23,868820.4,25.330040816326534
2.41869,-0.36856735,0.45233133,247.38312,2009-07-24,839725.2,24.481784256559767
2.4790332,-0.06760364,0.48186547,295.8098,2009-07-25,823442.4,24.007067055393584
1.9007391,-0.90898377,0.51121235,311.51733,2009-07-26,745826.4,21.744209912536444
2.3191571,-0.070323944,0.5102024,259.08588,2009-07-27,778235.4,22.689078717201166
1.0154883,-1.2406676,0.5071484,321.58643,2009-07-28,686745.0,20.021720116618077
0.717438,-1.6620153,0.50817674,317.929,2009-07-29,611137.8,17.817428571428575
1.4440405,-1.1148164,0.50807834,310.20398,2009-07-30,667387.8,19.457370262390672
1.4001937,-1.0250795,0.47126377,306.23608,2009-07-31,712305.0,20.766909620991257
1.7560434,-0.9858476,0.45180428,293.94135,2009-08-01,712904.4,20.784384839650148
1.6220711,-0.9226545,0.44834813,286.1255,2009-08-02,799095.6,23.29724781341108
2.2575252,-0.06529744,0.48599002,232.08064,2009-08-03,876047.4,25.54074052478134
1.6345377,-1.0203394,0.5181492,296.60275,2009-08-04,854800.2,24.92128862973761
2.21736,-0.80662906,0.518204,289.74545,2009-08-05,870451.2,25.377586005830903
1.8559116,-0.918547,0.5177674,287.98303,2009-08-06,879472.8,25.64060641399417
2.8339498,-0.41297,0.5186253,255.39029,2009-08-07,843249.6,24.58453644314869
2.655294,-0.26676452,0.5182977,225.82962,2009-08-08,896182.2,26.127760932944604
2.833825,0.0,0.5176215,185.90828,2009-08-09,934023.6,27.231008746355684
2.6312768,-0.1361601,0.5001076,202.03738,2009-08-10,842752.8,24.570052478134112
2.531078,-0.01805041,0.44968235,200.90408,2009-08-11,931766.4,27.16520116618076
2.610411,-0.6255155,0.45204216,258.18872,2009-08-12,919620.0,26.811078717201166
2.8106356,-0.21307373,0.45068607,250.2558,2009-08-13,1028331.0,29.980495626822155
3.5501516,-0.11626932,0.45083213,251.07903,2009-08-14,979500.6,28.556868804664724
2.61674,-0.21899468,0.45181382,236.77396,2009-08-15,953683.2,27.804174927113703
1.778599,-0.63403296,0.45135787,204.469,2009-08-16,811362.6,23.65488629737609
1.1539493,-1.023574,0.44839084,240.31976,2009-08-17,688329.0,20.06790087463557
0.94504344,-1.2473776,0.45025516,229.57718,2009-08-18,515658.6,15.033778425655976
0.11833668,-1.5260199,0.45631146,140.99564,2009-08-19,370873.8,10.8126472303207
1.0507777,0.0,0.52470255,66.27821,2009-08-20,770266.8,22.456758017492714
0.8105755,-0.027491707,0.57595444,122.64373,2009-08-21,429174.0,12.512361516034986
-1.0967556,-1.9682723,0.7347988,234.2196,2009-08-22,352290.6,10.270862973760932
-1.1404712,-3.895543,0.70185935,234.63596,2009-08-23,311115.6,9.070425655976676
-0.18841076,-2.9261827,0.6628684,228.27115,2009-08-24,364878.0,10.637842565597667
-0.46460497,-2.5654788,0.6161237,217.86691,2009-08-25,286140.6,8.342291545189504
-0.3647622,-2.443386,0.5660099,208.71707,2009-08-26,241216.2,7.032542274052479
2.2317052,-0.95338523,0.51231426,192.85776,2009-08-27,325962.0,9.503265306122449
0.99012655,-1.3341627,0.50250584,206.82028,2009-08-28,444142.8,12.948769679300291
1.3138964,-1.571446,0.50647813,205.78989,2009-08-29,360093.6,10.498355685131195
0.8670701,-1.3971325,0.5253855,169.68515,2009-08-30,321004.8,9.358740524781341
0.19454205,-0.933776,0.5243329,151.20352,2009-08-31,237978.0,6.938134110787172
-0.75639755,-1.5795147,0.5419258,162.20389,2009-09-01,168523.2,4.913212827988339
-2.4460962,-3.5461946,0.5366718,194.36423,2009-09-02,113079.59999999999,3.2967813411078715
-1.2462676,-3.1172595,0.51234835,140.00337,2009-09-03,22629.6,0.6597551020408162
-0.041953802,-1.6654003,0.49559203,165.63327,2009-09-04,0.0,0.0
-0.73350406,-1.6065285,0.49416217,132.43904,2009-09-05,0.0,0.0
-2.1274765,-3.0389647,0.71381533,176.51562,2009-09-06,0.0,0.0
-0.059611857,-1.8866875,0.58487856,108.91716,2009-09-07,0.0,0.0
0.14561516,-2.0283701,0.52959913,155.50626,2009-09-08,0.0,0.0
-3.233611,-4.5541368,0.53876364,165.73276,2009-09-09,0.0,0.0
0.29757583,-2.1621306,0.53744996,88.167694,2009-09-10,5916.6,0.17249562682215744
0.16104588,-0.26743165,0.6766889,32.206974,2009-09-11,505843.2,14.747615160349856
-1.1124692,-0.8182859,0.8447988,100.59018,2009-09-12,412592.4,12.028932944606415
-5.7009797,-5.9713078,0.8571047,126.66524,2009-09-13,0.0,0.0
-4.9022985,-5.285227,0.84595925,113.6398,2009-09-14,0.0,0.0
-9.492605,-11.408768,0.8448399,154.3254,2009-09-15,0.0,0.0
-5.7788563,-7.093895,0.8423744,117.2113,2009-09-16,0.0,0.0
-4.037184,-3.8627539,0.8430016,82.14667,2009-09-17,0.0,0.0
-6.0516586,-6.7784824,0.8530792,122.92729,2009-09-18,0.0,0.0
-12.904718,-14.595024,0.8487932,137.5863,2009-09-19,0.0,0.0
-13.905216,-15.976317,0.8482621,133.75226,2009-09-20,0.0,0.0
-7.8893194,-9.731979,0.84349,82.19644,2009-09-21,0.0,0.0
-5.247957,-5.8945875,0.8340242,100.175705,2009-09-22,0.0,0.0
-7.0601525,-7.3683434,0.8270951,104.106735,2009-09-23,0.0,0.0
-9.38048,-10.03247,0.8159664,89.53306,2009-09-24,0.0,0.0
-7.3784585,-7.46031,0.81739193,59.02732,2009-09-25,0.0,0.0
-7.916271,-9.382097,0.82778156,96.08357,2009-09-26,0.0,0.0
-2.7168884,-3.800136,0.83249617,52.256733,2009-09-27,0.0,0.0
-1.5592473,-2.1849675,0.833814,61.074776,2009-09-28,0.0,0.0
-5.1557226,-7.170175,0.8349697,92.54677,2009-09-29,0.0,0.0
-10.372744,-12.386691,0.8335025,101.426956,2009-09-30,0.0,0.0
-14.579733,-16.560223,0.8313993,98.982254,2009-10-01,0.0,0.0
-10.062107,-11.4294195,0.8283534,59.00821,2009-10-02,0.0,0.0
-8.444156,-9.201719,0.82531166,60.247665,2009-10-03,0.0,0.0
-8.921379,-9.153595,0.8186564,51.87143,2009-10-04,0.0,0.0
-10.55414,-12.129353,0.81238604,60.433727,2009-10-05,0.0,0.0
-14.590706,-16.148804,0.811137,64.48679,2009-10-06,0.0,0.0
-16.783987,-18.705486,0.81518996,81.20633,2009-10-07,0.0,0.0
-21.990128,-24.246876,0.818696,80.93544,2009-10-08,0.0,0.0
-20.923069,-23.500687,0.8187158,79.08851,2009-10-09,0.0,0.0
-11.60425,-14.55056,0.8140105,62.042576,2009-10-10,0.0,0.0
-5.256878,-8.287771,0.8111325,63.146828,2009-10-11,0.0,0.0
-1.8746345,-4.8728046,0.8113974,47.179962,2009-10-12,0.0,0.0
-2.001134,-4.696835,0.8126073,53.2949,2009-10-13,0.0,0.0
-6.7009273,-9.032731,0.8148613,56.27539,2009-10-14,0.0,0.0
-4.975448,-7.2526765,0.814642,59.114067,2009-10-15,0.0,0.0
-0.9348932,-3.1560814,0.8184483,46.340523,2009-10-16,0.0,0.0
-5.5024776,-5.831741,0.84283435,31.893555,2009-10-17,0.0,0.0
-6.800453,-8.202152,0.8323877,46.019127,2009-10-18,0.0,0.0
-6.0801888,-6.9005976,0.82958186,16.124268,2009-10-19,0.0,0.0
-5.187766,-5.5758166,0.82558763,19.094425,2009-10-20,0.0,0.0
-9.481499,-11.233872,0.82542884,43.51825,2009-10-21,0.0,0.0
-11.691465,-14.456522,0.82475793,40.06684,2009-10-22,0.0,0.0
-5.85849,-7.981569,0.82068324,28.89881,2009-10-23,0.0,0.0
-6.8623114,-8.23782,0.81971663,21.8265,2009-10-24,0.0,0.0
-10.391441,-12.012184,0.81526697,28.450485,2009-10-25,0.0,0.0
-4.9115458,-6.673742,0.81460077,19.201511,2009-10-26,0.0,0.0
-4.6165733,-7.775958,0.8175771,29.331156,2009-10-27,0.0,0.0
-6.8000393,-8.89189,0.8167274,15.80098,2009-10-28,0.0,0.0
-16.59468,-18.316666,0.81940764,28.885548,2009-10-29,0.0,0.0
-15.677662,-16.308445,0.81326973,13.027564,2009-10-30,0.0,0.0
-13.861643,-14.689081,0.81109476,17.84959,2009-10-31,0.0,0.0
-9.727686,-12.2705145,0.8126779,14.352178,2009-11-01,0.0,0.0
-10.40321,-10.876469,0.81031835,10.275774,2009-11-02,0.0,0.0
-14.228071,-15.219009,0.8100311,13.1486,2009-11-03,0.0,0.0
-15.187174,-17.136517,0.8154571,21.290531,2009-11-04,0.0,0.0
-10.336628,-13.3402815,0.8107164,12.166564,2009-11-05,0.0,0.0
-11.336643,-13.149683,0.80994415,11.498533,2009-11-06,0.0,0.0
-12.060035,-14.06942,0.8121207,9.271437,2009-11-07,0.0,0.0
-13.548686,-16.566666,0.8172325,15.277037,2009-11-08,0.0,0.0
-11.181139,-14.408308,0.8148737,14.1223545,2009-11-09,0.0,0.0
-21.870365,-24.320992,0.8173635,13.588848,2009-11-10,0.0,0.0
-27.85126,-30.304321,0.81851304,12.784003,2009-11-11,0.0,0.0
-24.911135,-27.519945,0.81186646,8.328431,2009-11-12,0.0,0.0
-23.196901,-26.31098,0.8172585,10.283529,2009-11-13,0.0,0.0
-16.767673,-20.017181,0.81461585,8.386924,2009-11-14,0.0,0.0
-6.565651,-8.62333,0.8098887,5.407717,2009-11-15,0.0,0.0
-10.968282,-13.81937,0.8098881,6.0646877,2009-11-16,0.0,0.0
-10.476311,-12.325146,0.80988246,4.461359,2009-11-17,0.0,0.0
-13.723776,-15.113379,0.81030554,4.534505,2009-11-18,0.0,0.0
-19.829552,-21.605877,0.81132126,4.592062,2009-11-19,0.0,0.0
-25.942875,-28.094782,0.8176929,5.0451584,2009-11-20,0.0,0.0
-22.629774,-25.546906,0.8103095,3.3988826,2009-11-21,0.0,0.0
-7.936855,-11.988777,0.809847,2.0884194,2009-11-22,0.0,0.0
-9.30831,-12.058106,0.8105031,2.7524104,2009-11-23,0.0,0.0
-15.7296,-19.05737,0.817842,2.8119226,2009-11-24,0.0,0.0
-17.155563,-20.059582,0.81531775,2.2210665,2009-11-25,0.0,0.0
-19.257572,-21.662071,0.8100332,1.7348112,2009-11-26,0.0,0.0
-23.203794,-25.651768,0.8137947,1.7275987,2009-11-27,0.0,0.0
-23.689926,-26.077276,0.81761676,1.3076427,2009-11-28,0.0,0.0
-22.699581,-25.31158,0.8188964,1.1637812,2009-11-29,0.0,0.0
-21.435026,-24.701038,0.8189595,0.51853853,2009-11-30,0.0,0.0
-21.34372,-24.561373,0.81890106,0.70182157,2009-12-01,0.0,0.0
-21.589104,-24.283897,0.8176584,0.5230762,2009-12-02,0.0,0.0
-22.274612,-24.907362,0.81777877,0.15084858,2009-12-03,0.0,0.0
-23.658106,-26.084019,0.81420016,0.23259783,2009-12-04,0.0,0.0
-21.740238,-24.425774,0.81456137,0.16695759,2009-12-05,0.0,0.0
-11.657102,-15.030281,0.8136232,0.10825217,2009-12-06,0.0,0.0
-6.7272463,-10.456095,0.8101357,0.06271629,2009-12-07,0.0,0.0
-15.026804,-17.885288,0.8111267,0.0,2009-12-08,0.0,0.0
-20.24962,-23.01406,0.81164634,0.0,2009-12-09,0.0,0.0
-14.3558235,-17.558947,0.81062394,0.0,2009-12-10,0.0,0.0
-4.139859,-7.3748684,0.81457007,0.0,2009-12-11,0.0,0.0
-2.068221,-5.304738,0.81361425,0.0,2009-12-12,0.0,0.0
-1.2902286,-4.4033556,0.8132852,0.0,2009-12-13,0.0,0.0
0.18659338,-2.968068,0.81569517,0.0,2009-12-14,0.0,0.0
-5.071788,-8.303397,0.8170619,0.0,2009-12-15,0.0,0.0
-13.419952,-16.03999,0.81952226,0.0,2009-12-16,0.0,0.0
-4.8962646,-7.4880185,0.81313074,0.0,2009-12-17,0.0,0.0
-5.4804707,-8.577241,0.8131749,0.0,2009-12-18,0.0,0.0
-6.792103,-9.98403,0.81379294,0.0,2009-12-19,0.0,0.0
-7.5715837,-10.586142,0.8150041,0.0,2009-12-20,0.0,0.0
-10.227787,-13.2217865,0.81508654,0.0,2009-12-21,0.0,0.0
-10.688799,-12.859969,0.81522965,0.0,2009-12-22,0.0,0.0
-20.06659,-21.296589,0.8145654,0.0,2009-12-23,0.0,0.0
-19.083858,-21.515446,0.8221003,0.0,2009-12-24,0.0,0.0
-14.817445,-17.78902,0.81992596,0.0,2009-12-25,0.0,0.0
-14.118906,-15.630619,0.81295764,0.0,2009-12-26,0.0,0.0
-14.06711,-16.307474,0.81319296,0.0,2009-12-27,0.0,0.0
-8.876534,-10.560345,0.8130659,0.0,2009-12-28,0.0,0.0
-4.745613,-6.2925463,0.81294966,0.0,2009-12-29,0.0,0.0
-3.1113968,-5.8829317,0.81298095,0.0,2009-12-30,0.0,0.0
-0.5882304,-2.904824,0.8181315,0.0,2009-12-31,0.0,0.0
-2.0715156,-3.519131,0.82828724,0.0,2010-01-01,0.0,0.0
-6.618313,-10.202268,0.825209,0.0,2010-01-02,0.0,0.0
-7.48613,-10.982294,0.8251666,0.0,2010-01-03,0.0,0.0
-6.6278715,-10.286355,0.8248532,0.008233249,2010-01-04,0.0,0.0
-9.587289,-12.378994,0.8261722,0.051302228,2010-01-05,0.0,0.0
-10.377937,-13.478863,0.8187612,0.09887175,2010-01-06,0.0,0.0
-8.370086,-10.349251,0.8176298,0.13155252,2010-01-07,0.0,0.0
-12.3301935,-14.217621,0.81761646,0.046790607,2010-01-08,0.0,0.0
-13.697229,-13.907944,0.8155563,0.18351403,2010-01-09,0.0,0.0
-16.22823,-18.844604,0.8131738,0.34665924,2010-01-10,0.0,0.0
-1.500673,-4.3150263,0.8132662,0.37558967,2010-01-11,0.0,0.0
-7.700156,-11.091152,0.81627166,0.5676339,2010-01-12,0.0,0.0
-14.30561,-16.129934,0.81250083,0.674683,2010-01-13,0.0,0.0
-19.407017,-19.652159,0.8113754,0.8192302,2010-01-14,0.0,0.0
-21.250546,-22.916391,0.81142515,1.1785758,2010-01-15,0.0,0.0
-18.487,-21.438507,0.81137806,1.4598428,2010-01-16,0.0,0.0
-20.529297,-23.820463,0.8179288,1.9825463,2010-01-17,0.0,0.0
-22.07201,-24.97491,0.815108,2.175269,2010-01-18,0.0,0.0
-27.53218,-29.458935,0.8148133,2.9793587,2010-01-19,0.0,0.0
-27.916416,-30.231403,0.81218433,2.5781026,2010-01-20,0.0,0.0
-17.715345,-21.984516,0.81235564,2.9858496,2010-01-21,0.0,0.0
-9.066296,-11.313198,0.8109624,2.3996677,2010-01-22,0.0,0.0
-6.58541,-9.742703,0.8123702,2.6745214,2010-01-23,0.0,0.0
-7.965089,-10.218658,0.8107482,3.62014,2010-01-24,0.0,0.0
-14.774744,-16.461994,0.81146073,4.4146576,2010-01-25,0.0,0.0
-12.886075,-14.890945,0.8141016,4.244751,2010-01-26,0.0,0.0
-2.785472,-4.2329445,0.81072384,2.7595084,2010-01-27,0.0,0.0
-3.9386926,-6.087933,0.81074846,3.6572595,2010-01-28,0.0,0.0
-5.7813816,-8.280975,0.81475174,8.149765,2010-01-29,0.0,0.0
-0.038792938,-1.9630988,0.81343794,5.0482225,2010-01-30,0.0,0.0
0.736912,-2.2486272,0.8154143,7.031005,2010-01-31,0.0,0.0
-3.8002224,-6.6139364,0.81646013,6.049588,2010-02-01,0.0,0.0
-3.4588132,-6.587239,0.81389487,6.254945,2010-02-02,0.0,0.0
-2.4385018,-5.224433,0.8130366,8.242131,2010-02-03,0.0,0.0
-6.226986,-9.6112175,0.8188484,14.729424,2010-02-04,0.0,0.0
-9.001748,-12.210154,0.8207393,15.659008,2010-02-05,0.0,0.0
-10.2721405,-13.136402,0.8179161,11.399923,2010-02-06,0.0,0.0
-9.756399,-13.63862,0.82070184,18.378017,2010-02-07,0.0,0.0
-5.76153,-9.606207,0.8166566,19.238895,2010-02-08,0.0,0.0
-8.367717,-10.9322,0.8119898,16.742577,2010-02-09,0.0,0.0
-18.044918,-20.400173,0.8148997,19.397873,2010-02-10,0.0,0.0
-13.012622,-15.053644,0.8139876,18.24401,2010-02-11,0.0,0.0
-16.42405,-19.04073,0.81540215,18.028316,2010-02-12,0.0,0.0
-20.051476,-22.570335,0.8198306,28.728243,2010-02-13,0.0,0.0
-18.479279,-21.197094,0.82096404,30.865725,2010-02-14,0.0,0.0
-9.551266,-12.392054,0.81471956,23.283016,2010-02-15,0.0,0.0
-5.272135,-6.4037514,0.81224036,15.913765,2010-02-16,0.0,0.0
-5.6563673,-6.385327,0.8161179,15.629532,2010-02-17,0.0,0.0
-10.205109,-12.013062,0.8161658,35.63434,2010-02-18,0.0,0.0
-7.368763,-9.735973,0.816684,36.690998,2010-02-19,0.0,0.0
-7.082291,-9.090937,0.81336486,26.92146,2010-02-20,0.0,0.0
-5.712909,-6.7052956,0.81328845,29.441437,2010-02-21,0.0,0.0
-11.0294895,-12.14924,0.8130317,41.25914,2010-02-22,0.0,0.0
-16.852972,-19.272083,0.8199895,49.374756,2010-02-23,0.0,0.0
-12.8386345,-15.459875,0.81605923,50.726593,2010-02-24,0.0,0.0
-13.557522,-15.920397,0.8162549,48.016018,2010-02-25,0.0,0.0
-12.632066,-12.942942,0.8108163,33.677223,2010-02-26,0.0,0.0
-18.361998,-19.934422,0.81189203,38.925453,2010-02-27,0.0,0.0
-12.902027,-14.176464,0.8111319,36.8472,2010-02-28,0.0,0.0
-21.371367,-22.922678,0.81248856,61.730865,2010-03-01,0.0,0.0
-22.561823,-24.397125,0.8116356,51.753242,2010-03-02,0.0,0.0
-21.754108,-24.227016,0.8172965,70.85332,2010-03-03,0.0,0.0
-21.240261,-23.591835,0.81559825,72.47449,2010-03-04,0.0,0.0
-26.436592,-28.089935,0.8129715,57.061424,2010-03-05,0.0,0.0
-23.782528,-25.429712,0.812755,68.82909,2010-03-06,0.0,0.0
-19.029247,-21.76873,0.81599236,73.514206,2010-03-07,0.0,0.0
-12.821222,-15.919882,0.8115897,66.96043,2010-03-08,0.0,0.0
-7.931285,-11.074206,0.81037766,69.24908,2010-03-09,0.0,0.0
-4.115623,-5.5972567,0.8258625,61.11876,2010-03-10,0.0,0.0
-6.07646,-8.696496,0.8337841,78.558014,2010-03-11,0.0,0.0
-10.551992,-13.3968315,0.8267338,97.06386,2010-03-12,0.0,0.0
-7.6930885,-9.667319,0.8227145,73.073746,2010-03-13,0.0,0.0
-7.5075912,-7.823227,0.8259076,68.528046,2010-03-14,0.0,0.0
-13.677656,-14.748039,0.81999004,103.231064,2010-03-15,0.0,0.0
-12.109226,-14.873333,0.8180543,100.59601,2010-03-16,0.0,0.0
-9.93239,-12.773896,0.8176644,104.83856,2010-03-17,0.0,0.0
-7.172249,-10.202648,0.8185065,109.8012,2010-03-18,0.0,0.0
-7.9209204,-10.731748,0.8180332,107.93565,2010-03-19,0.0,0.0
-9.300631,-11.85051,0.8177339,111.883,2010-03-20,0.0,0.0
-12.891233,-15.485798,0.8204567,122.78677,2010-03-21,0.0,0.0
-11.191526,-13.855777,0.8191017,123.95784,2010-03-22,0.0,0.0
-10.520916,-13.1721,0.81488454,119.52031,2010-03-23,0.0,0.0
-12.762921,-14.323725,0.813143,99.358025,2010-03-24,0.0,0.0
-16.621304,-18.724388,0.8143405,134.02748,2010-03-25,0.0,0.0
-7.176135,-9.908401,0.8129171,128.51288,2010-03-26,0.0,0.0
-5.872101,-8.631903,0.8126748,140.64241,2010-03-27,0.0,0.0
-7.243147,-9.841486,0.8124927,126.76688,2010-03-28,0.0,0.0
-9.436915,-11.864719,0.8147863,148.89212,2010-03-29,0.0,0.0
-12.709614,-14.651558,0.81181127,150.68956,2010-03-30,0.0,0.0
-14.530638,-16.513962,0.8113673,163.31311,2010-03-31,0.0,0.0
-10.467606,-11.3015175,0.8115463,111.11398,2010-04-01,0.0,0.0
-9.563633,-11.533758,0.8150257,140.63202,2010-04-02,0.0,0.0
-5.4736204,-6.8356557,0.8111812,126.99704,2010-04-03,0.0,0.0
-8.340726,-8.539614,0.8110894,118.372635,2010-04-04,0.0,0.0
-9.09934,-11.023109,0.81185293,178.52042,2010-04-05,0.0,0.0
-12.667935,-14.650677,0.8126455,185.49045,2010-04-06,0.0,0.0
-13.337835,-15.024094,0.81199104,163.138,2010-04-07,0.0,0.0
-11.494844,-12.94355,0.8101406,183.92827,2010-04-08,0.0,0.0
-17.10807,-18.78991,0.8138871,198.89407,2010-04-09,0.0,0.0
-18.395456,-20.203184,0.81371605,204.14279,2010-04-10,0.0,0.0
-14.417042,-16.753632,0.8126179,208.52596,2010-04-11,0.0,0.0
-3.020049,-4.769083,0.81079185,139.00092,2010-04-12,0.0,0.0
-2.2216685,-3.8127956,0.81200284,139.7305,2010-04-13,0.0,0.0
-7.3919964,-7.2539735,0.8273705,152.20001,2010-04-14,0.0,0.0
-14.9792595,-16.42896,0.8215642,220.85583,2010-04-15,0.0,0.0
-12.26763,-13.998581,0.82169044,201.66943,2010-04-16,0.0,0.0
-7.342531,-9.548114,0.81791955,211.18062,2010-04-17,0.0,0.0
-5.1571445,-5.8184323,0.8253264,110.53584,2010-04-18,0.0,0.0
-2.9273202,-2.8330598,0.86154085,159.17583,2010-04-19,0.0,0.0
-4.2200904,-5.409026,0.8593613,197.59375,2010-04-20,0.0,0.0
-6.861035,-8.939253,0.85627925,234.76768,2010-04-21,0.0,0.0
-9.076232,-10.915825,0.85533255,242.92557,2010-04-22,0.0,0.0
-12.8521,-13.155893,0.8545905,195.42805,2010-04-23,43340.4,1.2635685131195336
-9.30572,-10.895081,0.8472028,233.70717,2010-04-24,0.0,0.0
-7.8132973,-10.304547,0.8458948,258.27557,2010-04-25,0.0,0.0
-5.7690134,-8.45297,0.8448607,261.49475,2010-04-26,0.0,0.0
-4.5841355,-7.2250857,0.8430437,265.86905,2010-04-27,0.0,0.0
-5.7310095,-8.1117735,0.840302,265.46765,2010-04-28,3808.8,0.11104373177842566
-5.5787287,-7.9677544,0.8381157,268.08203,2010-04-29,0.0,0.0
-1.5470895,-3.83785,0.7959423,215.0968,2010-04-30,0.0,0.0
2.0441499,-0.071273066,0.729491,141.26172,2010-05-01,2478.6,0.07226239067055394
2.3532307,-0.041780047,0.7200811,211.78342,2010-05-02,11453.4,0.3339183673469388
1.312407,-0.4982744,0.74360675,130.47522,2010-05-03,2698.2,0.07866472303206998
1.4799302,-0.021485223,0.7251775,104.56771,2010-05-04,0.0,0.0
-5.4509993,-5.4175997,0.86395526,292.5791,2010-05-05,0.0,0.0
-6.2216797,-7.5923157,0.86388934,276.84534,2010-05-06,0.0,0.0
1.2204461,-2.0498643,0.78312,272.523,2010-05-07,0.0,0.0
3.1759186,-0.31303704,0.7219766,269.20532,2010-05-08,127260.0,3.710204081632653
3.6248496,-0.006107542,0.6470425,274.47476,2010-05-09,662052.6,19.301825072886295
4.0058317,-0.005924755,0.61926436,203.42984,2010-05-10,1065994.2,31.078548104956266
0.63350123,-0.40787828,0.6143024,112.568954,2010-05-11,995176.8,29.01390087463557
-2.1526976,-1.4920154,0.67287195,220.99718,2010-05-12,402166.8,11.724979591836734
-4.7172594,-3.698329,0.8305269,258.7198,2010-05-13,77806.8,2.2684198250728866
-8.587363,-9.923838,0.83713794,326.75116,2010-05-14,71724.6,2.091096209912537
-6.985525,-9.388901,0.83595216,326.73785,2010-05-15,96924.6,2.8257900874635573
-6.1366963,-8.296119,0.83477926,331.15918,2010-05-16,23992.2,0.6994810495626822
-3.2938247,-5.7143774,0.8349509,284.6563,2010-05-17,2905.2,0.0846997084548105
-3.4227273,-5.7476764,0.82794535,328.60556,2010-05-18,10220.4,0.2979708454810495
-1.406492,-3.9070058,0.765123,312.51895,2010-05-19,71116.2,2.07335860058309
0.025482178,-2.1077151,0.66160727,270.70642,2010-05-20,142981.2,4.168548104956269
3.4051988,0.0,0.5845323,189.45346,2010-05-21,266191.2,7.760676384839651
4.829991,0.0,0.5727605,300.37677,2010-05-22,996958.8,29.06585422740525
4.2674713,-0.39297113,0.58265156,339.89734,2010-05-23,1076522.4,31.38549271137026
4.597606,-0.117463745,0.5794481,335.75333,2010-05-24,1206923.4,35.18727113702624
4.0852556,-0.35415936,0.5807097,341.79333,2010-05-25,1374571.8,40.07497959183674
3.9564774,-0.27747652,0.5502678,342.19733,2010-05-26,1302953.4,37.98697959183673
2.7936385,-0.47300327,0.51058495,339.58185,2010-05-27,1236297.6,36.04366180758018
1.9468123,-0.9521867,0.5145168,285.9342,2010-05-28,1058482.8,30.859556851311954
2.22959,-0.4812157,0.5056825,338.9665,2010-05-29,952371.0,27.765918367346938
1.7628601,-0.8022227,0.5081549,345.43326,2010-05-30,835313.4,24.353160349854228
2.083719,-0.91402996,0.51543224,337.0653,2010-05-31,758372.4,22.10998250728863
2.666688,-0.36033157,0.48462218,332.0149,2010-06-01,828734.4,24.1613527696793
2.3655214,-0.15730476,0.44948664,334.8473,2010-06-02,929408.4,27.09645481049563
1.6824046,-0.75538826,0.4469437,341.73633,2010-06-03,863218.8,25.166728862973763
2.4406629,-0.7903361,0.4495677,330.07172,2010-06-04,785998.8,22.915416909620994
4.7903967,0.0,0.4460315,335.2586,2010-06-05,1148751.0,33.49128279883382
3.8051267,-0.002653228,0.44949162,331.90607,2010-06-06,1306647.0,38.094664723032075
2.7593272,-0.1467637,0.45286396,289.0287,2010-06-07,1201345.2,35.024641399416915
1.9046285,-0.0026994282,0.4911785,103.6215,2010-06-08,1082826.0,31.56927113702624
1.6653507,-0.8260566,0.5389679,337.6546,2010-06-09,957807.0,27.924402332361517
3.1174817,-0.032146454,0.51571244,333.08453,2010-06-10,1030901.4,30.05543440233236
3.7549615,-0.016337322,0.48826462,283.49023,2010-06-11,1156134.6,33.70654810495627
2.658258,-0.10966958,0.45140165,260.5618,2010-06-12,827938.8,24.138157434402334
1.8579092,-0.008396149,0.46202794,264.9141,2010-06-13,1029414.6,30.01208746355685
0.52731717,-0.6761929,0.6986723,303.32043,2010-06-14,788383.8,22.984950437317785
0.9279436,-0.063137904,0.63065565,175.69547,2010-06-15,713388.6,20.798501457725948
1.0970615,-0.99813986,0.6594331,350.88248,2010-06-16,670883.4,19.55928279883382
3.4680042,-0.59346825,0.5575038,302.70612,2010-06-17,939331.8,27.385766763848398
4.4773293,0.0,0.45375693,321.52075,2010-06-18,1312628.4,38.26904956268221
2.5574603,-0.0015739865,0.4513775,176.733,2010-06-19,1388154.6,40.47097959183674
2.2827911,-0.5584829,0.44631225,371.41418,2010-06-20,1088002.8,31.720198250728867
3.4758186,-0.14344534,0.45207813,297.6765,2010-06-21,1189857.6,34.68972594752187
2.4954565,-0.0037314098,0.45542824,154.56717,2010-06-22,1192177.8,34.75737026239067
1.5027182,0.0,0.53929776,180.66168,2010-06-23,979912.8,28.568886297376093
2.1473112,-0.41423863,0.6459148,350.66815,2010-06-24,865621.8,25.236787172011663
3.9119692,0.0,0.521893,274.02716,2010-06-25,1227493.8,35.78699125364432
4.705965,-0.0011520386,0.50108296,361.14987,2010-06-26,1256990.4,36.646950437317784
3.9284601,0.0,0.44919658,317.70795,2010-06-27,1300730.4,37.922169096209906
3.5683637,0.0,0.44894183,332.26038,2010-06-28,1261701.0,36.784285714285716
2.770936,-0.00077671476,0.4512152,253.37073,2010-06-29,1213527.6,35.37981341107872
2.4298186,-0.0434227,0.48789048,286.35,2010-06-30,1045800.0,30.48979591836735
1.6354744,-0.7285725,0.51498204,309.9478,2010-07-01,869947.2,25.36289212827988
1.8917724,-0.50139385,0.50733554,351.71136,2010-07-02,850483.8,24.79544606413994
2.0069954,-0.36419752,0.5101791,319.836,2010-07-03,1000758.6,29.176635568513117
2.5052161,-0.13742034,0.49129027,307.07715,2010-07-04,1012336.2,29.514174927113704
2.2035127,-0.5744164,0.4461366,354.08163,2010-07-05,996627.6,29.056198250728862
2.3145835,-0.518233,0.44875574,351.86133,2010-07-06,1075010.4,31.3414110787172
2.142051,-0.44601408,0.44703925,334.1624,2010-07-07,1174923.0,34.25431486880467
2.7060966,-0.17066807,0.44867402,301.1155,2010-07-08,1154784.6,33.667189504373184
2.520253,-0.23866166,0.45036292,320.84686,2010-07-09,1230004.8,35.860198250728864
2.9479516,-0.07112079,0.44574577,322.05652,2010-07-10,1183888.8,34.51570845481049
2.7651687,-0.23471144,0.4469142,330.46152,2010-07-11,1190086.2,34.69639067055393
2.5636058,-0.48681387,0.45209682,328.63898,2010-07-12,1152430.2,33.598548104956265
4.319564,-0.050493028,0.45399922,148.67242,2010-07-13,1127898.0,32.88332361516035
4.845016,0.0,0.45143682,200.75864,2010-07-14,1296840.6,37.8087638483965
3.5036302,-0.0018573337,0.45150346,231.74973,2010-07-15,1178985.6,34.372758017492714
3.604845,-0.022482025,0.4515981,244.50014,2010-07-16,898725.6,26.201912536443146
4.1314163,0.0,0.45137656,300.01294,2010-07-17,1127608.2,32.87487463556851
2.9987736,-0.10660299,0.44541597,334.693,2010-07-18,1105927.2,32.24277551020408
2.8455591,-0.4690734,0.44780552,301.5985,2010-07-19,1055401.2,30.769714285714286
4.1851177,-0.0056673684,0.44785553,327.2309,2010-07-20,1184902.2,34.54525364431487
3.8559902,-0.06769241,0.45311433,293.81097,2010-07-21,1140055.2,33.2377609329446
3.1725965,-0.160207,0.45402545,311.58777,2010-07-22,1133589.6,33.04925947521866
4.008055,-0.016053729,0.44598374,314.80753,2010-07-23,1256547.6,36.63404081632653
3.3786733,-0.044811353,0.45374155,285.03284,2010-07-24,1258263.0,36.68405247813411
2.652464,-0.010314835,0.45046255,259.74008,2010-07-25,962719.2000000001,28.067615160349856
2.3114374,0.0,0.4513761,117.24366,2010-07-26,909792.0,26.524548104956267
2.3869882,0.0,0.47548202,206.30777,2010-07-27,800735.4,23.34505539358601
3.2817035,-0.0806356,0.4588675,285.39728,2010-07-28,928605.6,27.073049562682215
4.0664625,0.0,0.44650638,283.10574,2010-07-29,1276268.4,37.208991253644314
4.4623413,0.0,0.4513759,167.5847,2010-07-30,1354003.2,39.47531195335277
3.0837357,0.0,0.4486403,272.0041,2010-07-31,1354289.4,39.48365597667639
2.8033483,-0.19869037,0.4479863,263.79895,2010-08-01,1064682.0,31.040291545189504
2.5468493,0.0,0.4517969,95.4259,2010-08-02,1084867.2,31.628781341107874
1.9607916,0.0,0.45845383,112.47788,2010-08-03,1122804.0,32.73481049562682
1.9006565,-0.32010704,0.49004203,285.38843,2010-08-04,825305.4,24.06138192419825
2.1382196,-0.7193915,0.51984817,287.6862,2010-08-05,831619.8,24.245475218658893
4.2671676,-0.0019891527,0.51107365,270.7972,2010-08-06,1063420.2,31.00350437317784
4.0634646,0.0,0.45116377,276.16132,2010-08-07,1029672.0,30.019591836734694
4.126161,-0.06162336,0.45029205,265.7859,2010-08-08,1056839.4,30.8116443148688
3.3778503,0.0,0.4513756,73.685234,2010-08-09,1247661.0,36.374956268221574
2.8047123,-0.0074739456,0.45217425,217.43668,2010-08-10,980159.4,28.57607580174927
2.9142752,-0.0061106714,0.44885135,243.55264,2010-08-11,1054654.2,30.747935860058305
2.8097363,-0.014448166,0.44739842,252.23734,2010-08-12,846664.2,24.68408746355685
2.7381139,-0.30466336,0.45098248,260.56995,2010-08-13,956910.6,27.89826822157434
3.4987464,-0.14408684,0.45114657,245.02124,2010-08-14,889102.8,25.921364431486882
3.5618136,-0.0027192433,0.44781697,247.39478,2010-08-15,795259.8,23.185416909620994
2.808029,-0.23922157,0.45094085,242.57285,2010-08-16,873813.6,25.475615160349854
3.550948,-0.20665666,0.45295435,220.21333,2010-08-17,971485.2,28.323183673469387
4.8414545,0.0,0.45174092,228.7943,2010-08-18,1135704.6,33.110921282798834
3.392809,-0.006474071,0.4527674,233.77261,2010-08-19,1034532.0,30.16128279883382
3.024791,-0.0711298,0.45465133,163.29674,2010-08-20,947010.6,27.609638483965014
2.9408264,-0.02962699,0.44876814,217.32556,2010-08-21,1006668.0,29.348921282798834
2.2337341,-0.5225833,0.45242995,220.30267,2010-08-22,942764.4,27.485842565597668
3.1472197,-0.0675016,0.45234877,132.5882,2010-08-23,921043.8,26.852588921282802
2.49647,0.0,0.45206612,65.142456,2010-08-24,925680.6,26.987772594752187
2.3707192,-0.017735798,0.5019599,180.73761,2010-08-25,654908.4,19.093539358600584
3.018097,-0.0014052921,0.5113522,105.6214,2010-08-26,828199.7999999999,24.145766763848393
2.4080653,0.0,0.4513745,84.45914,2010-08-27,1181554.2,34.4476443148688
3.5838752,0.0,0.45166582,128.6285,2010-08-28,1213353.0,35.374723032069966
3.488143,0.0,0.4513745,85.51131,2010-08-29,1177824.6,34.33890962099126
3.516993,-0.009369426,0.4513746,147.59424,2010-08-30,950459.4,27.710186588921285
3.0091214,-0.59104073,0.45080546,194.83481,2010-08-31,726836.4,21.19056559766764
4.9574757,-0.023673538,0.4532592,157.81473,2010-09-01,869504.4,25.34998250728863
6.2609596,0.0,0.45172828,148.53604,2010-09-02,1208626.2,35.236915451895044
3.2935896,-0.008194711,0.45221335,103.60826,2010-09-03,934504.2,27.245020408163267
2.606308,-0.010228263,0.45152035,98.769745,2010-09-04,614199.6,17.90669387755102
0.9490941,-0.009300338,0.48061913,98.100555,2010-09-05,537060.6,15.657743440233236
-0.1589509,-1.4659643,0.51562816,178.69495,2010-09-06,85969.8,2.506408163265306
-1.5418262,-3.0666244,0.5185629,175.40668,2010-09-07,0.0,0.0
-0.94480324,-3.1306784,0.5186989,171.96553,2010-09-08,0.0,0.0
-1.2271665,-2.1484125,0.5610993,134.18997,2010-09-09,0.0,0.0
-2.7655883,-3.609169,0.65644467,93.555046,2010-09-10,0.0,0.0
-3.8668513,-4.2200403,0.8544612,114.38872,2010-09-11,0.0,0.0
-3.0827613,-2.9996772,0.85356057,80.541176,2010-09-12,0.0,0.0
-3.90552,-4.767944,0.85429007,146.13174,2010-09-13,0.0,0.0
-2.6487591,-5.51842,0.85436416,143.88396,2010-09-14,0.0,0.0
1.7510148,-1.4625314,0.7902904,109.658676,2010-09-15,0.0,0.0
2.2454023,-0.05187914,0.7322446,85.66497,2010-09-16,0.0,0.0
0.8356656,-0.60231113,0.74939895,98.11148,2010-09-17,0.0,0.0
-2.1114602,-3.7872229,0.7560247,109.56184,2010-09-18,0.0,0.0
0.13595498,-0.9884213,0.75038326,96.23064,2010-09-19,0.0,0.0
0.3439698,-2.0232306,0.73178995,79.24034,2010-09-20,0.0,0.0
1.9430968,-0.6113808,0.68729055,91.48576,2010-09-21,0.0,0.0
2.7926168,-0.3718656,0.644688,53.80076,2010-09-22,141672.6,4.130396501457726
3.4625602,-0.18865722,0.6278162,45.23329,2010-09-23,656782.2,19.148169096209912
2.3936121,-1.0969872,0.6341233,118.217255,2010-09-24,570477.6,16.632
2.3099334,-1.3353219,0.62655336,86.99111,2010-09-25,383257.8,11.173696793002915
0.20516598,-2.4154587,0.632802,111.66304,2010-09-26,395440.2,11.528868804664723
-3.0941615,-4.3226748,0.65230674,104.689804,2010-09-27,24213.6,0.705935860058309
-3.7802277,-6.3478985,0.6426896,108.03024,2010-09-28,0.0,0.0
-4.3748326,-6.1644936,0.6343312,61.597054,2010-09-29,0.0,0.0
-6.674634,-7.523212,0.6331156,70.00682,2010-09-30,0.0,0.0
-7.396738,-9.112391,0.6338181,93.23567,2010-10-01,0.0,0.0
-6.6380434,-8.76888,0.637395,92.612656,2010-10-02,0.0,0.0
-8.019791,-9.020329,0.641631,65.43922,2010-10-03,0.0,0.0
-11.116257,-12.735928,0.7008824,89.97977,2010-10-04,0.0,0.0
-5.9502845,-8.092021,0.6878965,46.77234,2010-10-05,0.0,0.0
-4.2904487,-4.932776,0.80660844,55.797337,2010-10-06,0.0,0.0
-8.536579,-9.963049,0.8331933,79.47611,2010-10-07,0.0,0.0
-1.6522363,-4.396861,0.82994187,35.21927,2010-10-08,0.0,0.0
1.9571353,-1.5587631,0.8207818,62.093777,2010-10-09,0.0,0.0
5.350757,-0.4033823,0.6921096,32.622242,2010-10-10,0.0,0.0
4.4501553,-0.04729572,0.51581883,43.001125,2010-10-11,0.0,0.0
2.28763,-0.77508587,0.51489043,43.270096,2010-10-12,0.0,0.0
-2.3560662,-4.9720907,0.4766968,62.42064,2010-10-13,0.0,0.0
-2.99224,-5.1079683,0.45362824,48.181496,2010-10-14,0.0,0.0
-5.7149343,-7.9092464,0.45964164,56.492176,2010-10-15,0.0,0.0
-6.8996277,-8.511295,0.45321882,38.959213,2010-10-16,0.0,0.0
-4.8389087,-6.0721292,0.46696165,45.913895,2010-10-17,0.0,0.0
-5.28513,-7.876548,0.5702567,52.079338,2010-10-18,0.0,0.0
-0.22588575,-3.2376497,0.5760716,36.046894,2010-10-19,0.0,0.0
0.7362882,-2.221075,0.5750144,30.445183,2010-10-20,0.0,0.0
-2.499207,-5.1663485,0.5697261,30.761293,2010-10-21,0.0,0.0
-5.946167,-7.9219537,0.56718576,39.924416,2010-10-22,0.0,0.0
-6.788273,-9.040594,0.55962276,33.655525,2010-10-23,0.0,0.0
-6.306592,-9.05605,0.5547018,35.626015,2010-10-24,0.0,0.0
-4.944482,-8.276028,0.5506253,35.869072,2010-10-25,0.0,0.0
-7.9880304,-10.444679,0.54517925,34.05463,2010-10-26,0.0,0.0
-12.122604,-13.739265,0.5380017,29.784298,2010-10-27,0.0,0.0
-15.575541,-16.44493,0.57344925,28.992435,2010-10-28,0.0,0.0
-19.569298,-21.015987,0.59638476,30.877373,2010-10-29,0.0,0.0
-18.815105,-21.144836,0.595382,28.663765,2010-10-30,0.0,0.0
-16.566643,-19.300104,0.59224486,25.69468,2010-10-31,0.0,0.0
-18.666046,-21.010136,0.59253514,24.442848,2010-11-01,0.0,0.0
-16.411154,-19.024712,0.5902589,22.622488,2010-11-02,0.0,0.0
-15.980093,-18.481537,0.586864,21.750525,2010-11-03,0.0,0.0
-11.186972,-13.883423,0.5781985,12.400303,2010-11-04,0.0,0.0
-4.688379,-6.5721335,0.5870874,6.259896,2010-11-05,0.0,0.0
-6.2052784,-7.776918,0.7171805,11.489227,2010-11-06,0.0,0.0
-9.4411545,-10.881561,0.7677416,10.267364,2010-11-07,0.0,0.0
-6.225525,-7.081376,0.79576087,5.9861984,2010-11-08,0.0,0.0
-6.29228,-7.0293255,0.80564106,6.6170797,2010-11-09,0.0,0.0
-8.996407,-9.785166,0.80842674,7.6944456,2010-11-10,0.0,0.0
-10.917738,-11.731222,0.8092359,7.7227774,2010-11-11,0.0,0.0
-13.9780445,-15.977499,0.81107765,8.112764,2010-11-12,0.0,0.0
-6.037324,-7.909482,0.80943537,6.1320477,2010-11-13,0.0,0.0
-5.127641,-6.3078427,0.8094599,5.654153,2010-11-14,0.0,0.0
-9.720582,-10.596663,0.81019276,4.7902927,2010-11-15,0.0,0.0
-16.04639,-17.713335,0.81504047,7.541935,2010-11-16,0.0,0.0
-19.151697,-21.21857,0.81682503,6.320079,2010-11-17,0.0,0.0
-11.212791,-14.143593,0.8141767,5.435169,2010-11-18,0.0,0.0
-9.734894,-12.949106,0.8102022,4.799869,2010-11-19,0.0,0.0
-3.6668203,-7.031785,0.81299496,3.9976022,2010-11-20,0.0,0.0
-0.4414555,-3.4202082,0.8099383,3.4686117,2010-11-21,0.0,0.0
-0.38687962,-3.709536,0.80985045,3.2443817,2010-11-22,0.0,0.0
-4.666441,-7.483317,0.8108559,2.7671149,2010-11-23,0.0,0.0
-6.7596474,-9.961491,0.8161727,2.7216883,2010-11-24,0.0,0.0
-4.6565228,-8.182289,0.8168843,2.3147004,2010-11-25,0.0,0.0
-4.1273017,-7.746319,0.78275055,1.9594381,2010-11-26,0.0,0.0
3.2319217,-0.5719013,0.6956409,0.75591266,2010-11-27,0.0,0.0
2.9507039,-0.022025637,0.6011224,0.50526625,2010-11-28,0.0,0.0
2.455439,-0.02075831,0.55244446,0.3542865,2010-11-29,0.0,0.0
-3.3730168,-4.6737566,0.61512697,0.75037146,2010-11-30,0.0,0.0
-5.793828,-6.758087,0.6127386,0.59019405,2010-12-01,0.0,0.0
-5.041545,-5.868608,0.7043756,0.13569632,2010-12-02,0.0,0.0
-1.636462,-2.3236635,0.83685726,0.16120726,2010-12-03,0.0,0.0
-1.6522162,-2.742492,0.83324444,0.15994984,2010-12-04,0.0,0.0
-3.6752982,-4.3548136,0.8330647,0.13258049,2010-12-05,0.0,0.0
-3.0475683,-3.7531252,0.84450924,0.06158278,2010-12-06,0.0,0.0
-3.276874,-4.737393,0.8401764,0.050472487,2010-12-07,0.0,0.0
-0.57825404,-2.7184505,0.83761847,0.0,2010-12-08,0.0,0.0
-2.0941672,-3.9073553,0.83625025,0.0,2010-12-09,0.0,0.0
-4.3102427,-6.0789747,0.83533674,0.0,2010-12-10,0.0,0.0
-10.15596,-11.2680855,0.8299522,0.0,2010-12-11,0.0,0.0
-3.0210862,-4.756749,0.8248819,0.0,2010-12-12,0.0,0.0
-8.183751,-9.109901,0.8183881,0.0,2010-12-13,0.0,0.0
-10.519186,-11.181732,0.81179273,0.0,2010-12-14,0.0,0.0
-5.7541256,-8.015047,0.81051594,0.0,2010-12-15,0.0,0.0
-1.2607028,-4.498906,0.8104973,0.0,2010-12-16,0.0,0.0
-0.7729029,-2.6035566,0.81046355,0.0,2010-12-17,0.0,0.0
-6.5926657,-9.386898,0.81291246,0.0,2010-12-18,0.0,0.0
-7.9933076,-10.107254,0.8106644,0.0,2010-12-19,0.0,0.0
-15.797765,-18.135595,0.8159163,0.0,2010-12-20,0.0,0.0
-14.516495,-16.785484,0.814956,0.0,2010-12-21,0.0,0.0
-9.8866825,-11.671999,0.8103013,0.0,2010-12-22,0.0,0.0
-8.007927,-10.439334,0.8104341,0.0,2010-12-23,0.0,0.0
-6.391699,-8.517925,0.8104404,0.0,2010-12-24,0.0,0.0
-15.6683235,-18.083202,0.81326985,0.0,2010-12-25,0.0,0.0
-17.74518,-20.648857,0.81948835,0.0,2010-12-26,0.0,0.0
-15.371249,-17.53093,0.8121916,0.0,2010-12-27,0.0,0.0
-12.680359,-13.784854,0.8108485,0.0,2010-12-28,0.0,0.0
-12.22562,-15.173372,0.81320393,0.0,2010-12-29,0.0,0.0
-12.6299095,-15.523176,0.8133303,0.0,2010-12-30,0.0,0.0
-1.3587946,-4.4440336,0.8133602,0.0,2010-12-31,0.0,0.0
-3.897663,-6.814393,0.8147338,0.0,2011-01-01,0.0,0.0
-3.1567035,-4.7232685,0.82020456,0.0,2011-01-02,0.0,0.0
-4.4713426,-7.6656885,0.822616,0.0,2011-01-03,0.0,0.0
-5.834541,-9.278308,0.8196242,0.00789711,2011-01-04,0.0,0.0
-8.163028,-10.678177,0.81598085,0.04915145,2011-01-05,0.0,0.0
-9.811882,-12.102779,0.816097,0.0,2011-01-06,0.0,0.0
-15.233902,-16.77135,0.81894714,0.1510734,2011-01-07,0.0,0.0
-12.739584,-15.05978,0.8233807,0.2056121,2011-01-08,0.0,0.0
-17.110476,-19.24871,0.82091856,0.2897036,2011-01-09,0.0,0.0
-18.203896,-20.312752,0.8205036,0.3925814,2011-01-10,0.0,0.0
-17.850025,-20.1939,0.81672215,0.45874184,2011-01-11,0.0,0.0
-14.537694,-16.094501,0.81549644,0.5064719,2011-01-12,0.0,0.0
-12.967607,-13.598135,0.8156735,0.62563133,2011-01-13,0.0,0.0
-16.210037,-17.011993,0.8149816,0.90117645,2011-01-14,0.0,0.0
-17.078033,-18.03223,0.8144091,1.0761003,2011-01-15,0.0,0.0
-16.914616,-18.078823,0.8143344,1.3558953,2011-01-16,0.0,0.0
-17.83421,-19.659204,0.8142582,1.7183099,2011-01-17,0.0,0.0
-18.267502,-21.165407,0.81802523,2.5149844,2011-01-18,0.0,0.0
-15.666174,-17.141817,0.8140211,1.9497397,2011-01-19,0.0,0.0
-18.378906,-19.60938,0.8135115,2.5030515,2011-01-20,0.0,0.0
-25.189585,-27.67462,0.821674,3.9514914,2011-01-21,0.0,0.0
-21.523243,-24.885103,0.822322,4.635602,2011-01-22,0.0,0.0
-8.649161,-11.933954,0.8145031,2.6584752,2011-01-23,0.0,0.0
-8.019485,-10.445113,0.8157816,4.903125,2011-01-24,0.0,0.0
-2.2061102,-4.3683815,0.7896651,4.2106266,2011-01-25,0.0,0.0
-8.143798,-10.183968,0.81333447,5.8271422,2011-01-26,0.0,0.0
-12.534328,-13.653951,0.81245786,4.1993666,2011-01-27,0.0,0.0
-14.720854,-15.996491,0.81293917,5.5352144,2011-01-28,0.0,0.0
-25.225866,-27.77612,0.8162948,8.700445,2011-01-29,0.0,0.0
-21.352755,-22.831165,0.81285334,7.4280214,2011-01-30,0.0,0.0
-25.00064,-27.39407,0.8210622,11.190626,2011-01-31,0.0,0.0
-21.913555,-24.19596,0.81299293,9.6388445,2011-02-01,0.0,0.0
-24.695408,-26.922579,0.8129796,9.296448,2011-02-02,0.0,0.0
-23.27206,-26.024548,0.8122082,11.206578,2011-02-03,0.0,0.0
-24.105549,-26.681421,0.81329215,14.263519,2011-02-04,0.0,0.0
-19.710575,-21.513916,0.8129019,9.959324,2011-02-05,0.0,0.0
-21.685295,-24.158348,0.8174077,17.695751,2011-02-06,0.0,0.0
-16.161541,-18.652287,0.8121673,13.09437,2011-02-07,0.0,0.0
-16.580807,-18.505095,0.81243074,10.92857,2011-02-08,0.0,0.0
-16.718174,-17.25848,0.81152457,7.936637,2011-02-09,0.0,0.0
-19.760445,-21.541924,0.81085885,20.779093,2011-02-10,0.0,0.0
-8.2130995,-11.3902645,0.81058824,18.186142,2011-02-11,0.0,0.0
-17.432888,-19.126068,0.81056803,18.180038,2011-02-12,0.0,0.0
-19.218822,-20.432878,0.81056225,17.507397,2011-02-13,0.0,0.0
-14.208286,-17.784733,0.81112695,23.835295,2011-02-14,0.0,0.0
-14.771065,-16.167503,0.8105339,20.808895,2011-02-15,0.0,0.0
-20.00307,-22.629097,0.8105004,28.642584,2011-02-16,0.0,0.0
-8.7042055,-12.210977,0.81049025,23.281582,2011-02-17,0.0,0.0
-8.220339,-10.971972,0.8104718,24.817734,2011-02-18,0.0,0.0
-15.644707,-18.572578,0.8112817,38.125706,2011-02-19,0.0,0.0
-23.415741,-25.582085,0.81574637,42.091045,2011-02-20,0.0,0.0
-20.786388,-23.76793,0.81113213,35.772194,2011-02-21,0.0,0.0
-19.649708,-22.37308,0.81045616,38.27067,2011-02-22,0.0,0.0
-24.564926,-25.84106,0.81044114,35.086903,2011-02-23,0.0,0.0
-28.838432,-30.29229,0.81418514,53.276173,2011-02-24,0.0,0.0
-28.061996,-30.124233,0.812931,48.69557,2011-02-25,0.0,0.0
-20.950119,-22.940153,0.81038135,41.392536,2011-02-26,0.0,0.0
-12.174154,-14.320801,0.81033045,31.535782,2011-02-27,0.0,0.0
-13.625626,-14.508884,0.8102064,32.47108,2011-02-28,0.0,0.0
-21.019634,-22.700441,0.81039715,56.73419,2011-03-01,0.0,0.0
-19.500637,-21.904728,0.81110334,52.048176,2011-03-02,0.0,0.0
-13.775959,-15.419689,0.8100666,41.516426,2011-03-03,0.0,0.0
-7.611334,-9.406418,0.81002927,39.90238,2011-03-04,0.0,0.0
-10.870613,-12.072216,0.80997694,39.989,2011-03-05,0.0,0.0
-19.080437,-19.89912,0.8098922,54.17583,2011-03-06,0.0,0.0
-22.594215,-23.521404,0.80987,61.378323,2011-03-07,0.0,0.0
-24.34555,-25.871021,0.81004226,79.8613,2011-03-08,0.0,0.0
-25.889511,-27.567692,0.81036866,84.36911,2011-03-09,0.0,0.0
-20.667572,-21.659061,0.80986583,70.750046,2011-03-10,0.0,0.0
-18.65533,-19.756025,0.8098657,63.013954,2011-03-11,0.0,0.0
-14.211095,-14.533033,0.80986047,42.858353,2011-03-12,0.0,0.0
-29.69217,-32.89303,0.81160545,102.04645,2011-03-13,0.0,0.0
-32.516678,-33.224106,0.80984235,89.42781,2011-03-14,0.0,0.0
-25.190418,-25.139101,0.809821,64.816574,2011-03-15,0.0,0.0
-23.102825,-23.585815,0.809808,81.76053,2011-03-16,0.0,0.0
-23.277988,-23.838562,0.80980754,81.61771,2011-03-17,0.0,0.0
-28.366474,-29.856667,0.81156456,118.15431,2011-03-18,0.0,0.0
-23.864346,-24.828396,0.8098073,83.016174,2011-03-19,0.0,0.0
-23.531326,-24.089584,0.80980396,91.92698,2011-03-20,0.0,0.0
-24.83714,-25.417114,0.80980223,101.26871,2011-03-21,0.0,0.0
-24.463375,-26.565956,0.81362605,134.68225,2011-03-22,0.0,0.0
-22.701584,-25.017956,0.8155732,140.0995,2011-03-23,0.0,0.0
-11.809085,-15.243816,0.81281245,134.55856,2011-03-24,0.0,0.0
-0.5439972,-3.0415168,0.7802577,96.22714,2011-03-25,0.0,0.0
-2.1573942,-4.8500175,0.7971575,115.98569,2011-03-26,0.0,0.0
-3.5862317,-5.8367195,0.7954712,104.852264,2011-03-27,0.0,0.0
-3.9280348,-5.035593,0.8089161,113.46715,2011-03-28,0.0,0.0
-10.434904,-12.55365,0.8149456,153.40988,2011-03-29,0.0,0.0
-18.237694,-19.54977,0.81117475,152.70015,2011-03-30,0.0,0.0
-20.433552,-21.203693,0.81796825,150.48468,2011-03-31,0.0,0.0
-21.96956,-23.557413,0.82048184,157.41858,2011-04-01,0.0,0.0
-19.91111,-21.072683,0.8203058,135.9657,2011-04-02,0.0,0.0
-19.510212,-19.94755,0.8151438,164.04938,2011-04-03,0.0,0.0
-26.069393,-27.196692,0.8153726,179.92226,2011-04-04,0.0,0.0
-26.587204,-27.114605,0.81241953,167.5329,2011-04-05,0.0,0.0
-25.205006,-26.857092,0.81511414,192.37085,2011-04-06,0.0,0.0
-25.216076,-27.092308,0.8151321,195.50726,2011-04-07,0.0,0.0
-25.883694,-27.423023,0.81500846,200.57074,2011-04-08,0.0,0.0
-25.456898,-25.110752,0.8124425,147.31253,2011-04-09,0.0,0.0
-23.174862,-23.124905,0.8124291,188.05927,2011-04-10,0.0,0.0
-24.991913,-26.936436,0.8148921,213.30127,2011-04-11,0.0,0.0
-19.748993,-22.15153,0.8148158,217.22528,2011-04-12,0.0,0.0
-18.286537,-19.783968,0.8155606,186.19443,2011-04-13,0.0,0.0
-19.680313,-19.187195,0.8104602,181.28261,2011-04-14,0.0,0.0
-22.558426,-23.53374,0.8077942,222.76077,2011-04-15,0.0,0.0
-22.047115,-21.995502,0.8104563,177.51651,2011-04-16,0.0,0.0
-21.551369,-21.612549,0.8099058,198.2914,2011-04-17,0.0,0.0
-22.08417,-23.406086,0.8105135,232.26036,2011-04-18,0.0,0.0
-25.981028,-27.089096,0.8115188,245.45082,2011-04-19,0.0,0.0
-26.726072,-27.72758,0.8112028,248.90726,2011-04-20,0.0,0.0
-23.77314,-25.376007,0.81116116,253.34807,2011-04-21,0.0,0.0
-23.758636,-24.945053,0.8129462,234.10522,2011-04-22,0.0,0.0
-20.163795,-21.579956,0.8090663,239.2783,2011-04-23,0.0,0.0
-17.863499,-19.834978,0.8076086,260.11145,2011-04-24,0.0,0.0
-17.083748,-19.076363,0.80987465,260.62567,2011-04-25,0.0,0.0
-15.547198,-17.319996,0.8098165,258.38715,2011-04-26,0.0,0.0
-12.497047,-14.105708,0.8105434,261.45996,2011-04-27,0.0,0.0
-11.855444,-13.114553,0.81141853,234.1625,2011-04-28,0.0,0.0
-13.485661,-13.960178,0.81028175,219.06985,2011-04-29,0.0,0.0
-9.5077,-11.384132,0.8112221,258.80286,2011-04-30,0.0,0.0
-7.7254953,-9.719551,0.8089603,258.7202,2011-05-01,0.0,0.0
-8.04958,-9.97229,0.805902,278.6952,2011-05-02,0.0,0.0
-3.441801,-5.933838,0.80912983,195.07074,2011-05-03,0.0,0.0
-2.9727771,-4.5775056,0.80577695,218.4512,2011-05-04,0.0,0.0
-12.15594,-13.239302,0.80191064,295.1004,2011-05-05,0.0,0.0
-13.469727,-14.744593,0.80481017,294.26013,2011-05-06,0.0,0.0
-5.392352,-7.774125,0.8056877,268.51062,2011-05-07,0.0,0.0
0.11511028,-2.3019614,0.7924392,271.07,2011-05-08,0.0,0.0
-0.6041606,-2.7286599,0.7890246,286.43823,2011-05-09,0.0,0.0
-4.7530203,-6.1171365,0.7954867,301.86395,2011-05-10,0.0,0.0
-6.3595786,-6.174966,0.80295134,238.05463,2011-05-11,0.0,0.0
-10.648151,-11.376071,0.80147076,312.33713,2011-05-12,0.0,0.0
-9.214236,-10.738433,0.8048812,311.51578,2011-05-13,0.0,0.0
-7.429683,-9.089311,0.80635566,286.38153,2011-05-14,0.0,0.0
-5.8029366,-5.3361626,0.7961968,231.38348,2011-05-15,0.0,0.0
-6.334244,-7.981785,0.80009407,326.32605,2011-05-16,0.0,0.0
-5.3990364,-6.408105,0.80562425,280.16623,2011-05-17,0.0,0.0
-7.7228622,-8.63039,0.8058684,308.6239,2011-05-18,0.0,0.0
-7.726539,-9.238668,0.80387664,329.83508,2011-05-19,0.0,0.0
-4.5327244,-6.5427656,0.79814893,311.77008,2011-05-20,0.0,0.0
-6.250404,-7.9387016,0.8009238,334.5492,2011-05-21,0.0,0.0
-6.1236715,-6.691266,0.82358813,244.54233,2011-05-22,0.0,0.0
-5.459364,-6.6044602,0.848865,318.5824,2011-05-23,0.0,0.0
-7.5333157,-9.670141,0.8424754,350.41638,2011-05-24,0.0,0.0
-6.7595263,-9.365416,0.84122396,357.14374,2011-05-25,0.0,0.0
-4.502488,-6.6416435,0.8434792,327.84125,2011-05-26,0.0,0.0
-5.0688176,-6.2890587,0.8337283,306.6737,2011-05-27,0.0,0.0
-9.388553,-10.828657,0.82659614,356.70563,2011-05-28,0.0,0.0
-9.07285,-10.45953,0.8338361,339.60254,2011-05-29,0.0,0.0
-7.4191656,-8.650972,0.82609797,353.38614,2011-05-30,0.0,0.0
-8.276728,-9.572295,0.831045,343.36298,2011-05-31,0.0,0.0
-7.098506,-8.955156,0.824046,359.85898,2011-06-01,0.0,0.0
-3.9119473,-5.226022,0.8124605,280.95526,2011-06-02,0.0,0.0
-2.8864295,-4.9596033,0.80030656,317.47095,2011-06-03,0.0,0.0
1.8277354,-0.99555063,0.74947584,284.94073,2011-06-04,0.0,0.0
1.9658115,-0.8382337,0.7289518,355.09454,2011-06-05,0.0,0.0
2.4209888,-0.025610395,0.6511758,206.21112,2011-06-06,231037.2,6.735778425655977
2.7226229,-0.27296236,0.65054125,325.82175,2011-06-07,512956.8,14.955008746355684
3.6196966,0.0,0.5857329,291.89868,2011-06-08,1101771.0,32.12160349854228
3.7232513,0.0,0.5469961,238.09033,2011-06-09,1209265.2,35.25554518950437
3.608471,-0.03857316,0.5085708,349.92438,2011-06-10,1138883.4,33.20359766763848
2.722128,-0.07071502,0.51562375,309.214,2011-06-11,1069718.4,31.187125364431484
1.4589627,-1.0137591,0.50802886,362.70596,2011-06-12,1236805.2,36.058460641399414
1.5097194,-1.1199456,0.5134076,336.1883,2011-06-13,1140863.4,33.26132361516035
2.9820924,-0.12873024,0.5086974,342.4359,2011-06-14,1055061.0,30.759795918367345
2.6831617,-0.21124999,0.5109266,280.78668,2011-06-15,1220133.6,35.57240816326531
2.130262,0.0,0.4612593,171.4833,2011-06-16,1211923.8,35.33305539358601
1.892865,-0.2609982,0.44748992,342.60953,2011-06-17,1108414.8,32.31530029154519
1.9018011,-0.5326625,0.45052028,328.8145,2011-06-18,1000213.2,29.16073469387755
1.9651225,-0.42744088,0.4480933,348.93546,2011-06-19,1037901.6,30.259521865889212
1.7748458,-0.57400143,0.45220888,335.9102,2011-06-20,943968.6,27.520950437317786
2.4179075,-0.053590443,0.4513775,197.74228,2011-06-21,870300.0,25.373177842565596
2.5451133,-0.012973362,0.5260458,323.38553,2011-06-22,1028719.8,29.99183090379009
2.173081,-0.53054523,0.57654655,359.78397,2011-06-23,1007618.4,29.376629737609328
2.5040214,-0.25084943,0.57907116,320.70837,2011-06-24,945133.2,27.55490379008746
2.5313184,-0.021169767,0.5568037,328.81363,2011-06-25,955488.6,27.85681049562682
2.8630795,-0.11532656,0.5198164,249.13754,2011-06-26,941932.8,27.461597667638486
2.1979773,-0.5550269,0.5158441,331.52618,2011-06-27,961423.2,28.029830903790085
2.8901198,-0.07447338,0.50901324,345.69318,2011-06-28,1030615.2,30.047090379008747
2.5130098,-0.39637426,0.517967,332.16034,2011-06-29,1072902.6,31.279959183673476
2.6762354,-0.34541818,0.509836,358.66507,2011-06-30,1069617.6,31.184186588921285
2.351717,-0.55056447,0.5104509,358.21893,2011-07-01,1021453.2,29.779976676384837
2.4457707,-0.36279246,0.51038754,354.15598,2011-07-02,1062932.4,30.989282798833816
1.680152,-0.76689315,0.5094552,358.44543,2011-07-03,971103.6,28.3120583090379
2.6244254,-0.50138146,0.49914008,355.1123,2011-07-04,974984.4,28.425201166180756
3.5461602,-0.0013054742,0.45160306,265.0284,2011-07-05,1058738.4,30.867008746355683
4.243267,0.0,0.4511055,256.01614,2011-07-06,1118620.8,32.61285131195336
3.648492,-0.0027794307,0.4445004,318.37448,2011-07-07,1241559.0,36.197055393586005
3.3171008,-0.18555239,0.45136493,271.17163,2011-07-08,1171472.4,34.15371428571428
3.0848322,-0.050926525,0.45240772,269.6479,2011-07-09,1143174.6,33.32870553935861
3.173047,-0.0075838305,0.45137686,267.1435,2011-07-10,1120480.2,32.66706122448979
3.136951,-0.19448642,0.4462462,338.99963,2011-07-11,1005805.8,29.32378425655977
4.659053,-0.05837716,0.44709,334.93378,2011-07-12,1204491.6,35.11637317784257
4.101387,0.0,0.44611967,305.36453,2011-07-13,1268787.6,36.99089212827988
3.2655292,-0.0017840067,0.4443301,330.54318,2011-07-14,1137303.0,33.15752186588921
3.6780274,-0.0041480595,0.4448375,299.76053,2011-07-15,1096866.0,31.978600583090376
2.6707592,0.0,0.45155373,136.04005,2011-07-16,1134446.4,33.074239067055395
2.6332512,-0.2515867,0.45098042,291.98993,2011-07-17,841035.6,24.51998833819242
3.7293026,0.0,0.4513765,214.16739,2011-07-18,1147613.4,33.4581166180758
3.6911156,-0.111756325,0.4474468,310.51804,2011-07-19,1024984.8,29.882938775510205
3.2934887,-0.006246673,0.4519722,230.50287,2011-07-20,1325439.0,38.64253644314869
2.9338083,-0.55459046,0.44972384,320.53528,2011-07-21,936711.0,27.30935860058309
4.5954714,-0.018091308,0.45381606,299.18887,2011-07-22,1113150.6,32.45337026239067
5.362364,0.0,0.45148697,142.67722,2011-07-23,1118946.6,32.62234985422741
4.9162273,-3.0093723e-05,0.45068723,288.1759,2011-07-24,919738.8,26.814542274052478
2.9898012,-0.06309128,0.45257127,180.0487,2011-07-25,851445.0,24.823469387755104
3.1554685,-0.03271548,0.4466767,304.1078,2011-07-26,851497.2,24.824991253644313
2.3838646,-0.020824961,0.47420767,208.08179,2011-07-27,817549.2,23.835253644314864
2.2431204,-0.024403466,0.50197244,257.35342,2011-07-28,697161.6,20.325411078717202
2.9890532,0.0,0.45137605,139.84395,2011-07-29,994080.6,28.981941690962095
4.7645965,0.0,0.44889894,296.8664,2011-07-30,996355.8,29.048274052478135
4.8235664,-0.007838885,0.44997555,299.2533,2011-07-31,1174415.4,34.23951603498542
3.9117384,-8.544922e-05,0.44910297,286.88403,2011-08-01,1163597.4,33.92412244897959
3.1409483,-0.044429354,0.4492616,261.3258,2011-08-02,949474.8,27.681481049562684
3.0889606,-0.19254251,0.4530455,271.02863,2011-08-03,854236.8,24.904862973760935
2.9468427,-0.13766617,0.45096654,273.45422,2011-08-04,910321.2,26.539976676384835
3.2556171,-0.14381249,0.4521791,255.4245,2011-08-05,854353.8,24.908274052478134
4.061595,0.0,0.4487042,233.11813,2011-08-06,998553.6,29.112349854227404
3.9330487,0.0,0.44899383,261.48444,2011-08-07,1018915.2,29.70598250728863
3.5329494,-0.0006241269,0.44849497,246.65309,2011-08-08,914698.8,26.667603498542274
1.9468683,-0.47524855,0.45066416,219.1511,2011-08-09,702052.2,20.467994169096208
2.2999005,0.0,0.4503938,176.7582,2011-08-10,824263.2,24.030997084548105
2.5084321,-0.1367518,0.4505362,195.25696,2011-08-11,661303.8,19.27999416909621
1.5341477,-0.5209165,0.4521045,210.1832,2011-08-12,589219.2,17.178402332361514
0.6919739,-1.4466145,0.4504561,259.69427,2011-08-13,486151.2,14.173504373177844
1.0294173,-1.2195972,0.45068216,255.76187,2011-08-14,489798.0,14.279825072886297
1.3626083,-1.0152053,0.45157927,232.81223,2011-08-15,549149.4,16.010186588921282
0.98863065,-1.3283457,0.45145014,248.99586,2011-08-16,504549.0,14.709883381924199
1.6022978,-1.1558738,0.45160797,251.75656,2011-08-17,540313.2,15.752571428571429
1.9938424,-1.2714517,0.45246923,248.0008,2011-08-18,614118.6,17.904332361516033
1.8940837,-0.8329077,0.4481898,230.1286,2011-08-19,563090.4,16.41662973760933
-0.44200134,-1.7455609,0.45137316,215.69691,2011-08-20,538311.6,15.694215743440234
-1.272834,-2.7632866,0.45217127,230.21375,2011-08-21,369336.6,10.767830903790086
-0.7839238,-2.5798752,0.45132643,228.08347,2011-08-22,301824.0,8.799533527696793
1.0884573,-1.5514466,0.4521845,228.6914,2011-08-23,328662.0,9.58198250728863
2.4156084,-0.5511198,0.45420706,91.40929,2011-08-24,482394.6,14.063982507288628
2.814203,0.0,0.51351106,95.97081,2011-08-25,727392.6,21.20678134110787
3.4249022,0.0,0.47895527,87.84161,2011-08-26,838710.0,24.452186588921283
3.3334627,0.0,0.45215297,138.83066,2011-08-27,1156716.0,33.72349854227405
4.666856,0.0,0.4513745,109.62778,2011-08-28,1155751.2,33.69537026239067
2.822989,0.0,0.4513745,77.1911,2011-08-29,1078365.6,31.439230320699707
1.2966835,-0.6460304,0.5008536,196.19934,2011-08-30,762229.8,22.22244314868805
0.336362,-0.5795815,0.5063557,87.40995,2011-08-31,427433.4,12.461615160349856
-1.1023375,-1.8553836,0.63686025,135.97665,2011-09-01,33721.2,0.9831253644314868
-2.6616,-3.5580597,0.8507101,191.35284,2011-09-02,0.0,0.0
-4.2893486,-6.4893045,0.8518311,176.16739,2011-09-03,0.0,0.0
1.3924713,-0.42719778,0.7713912,98.655655,2011-09-04,0.0,0.0
0.40842885,-0.09447988,0.76220524,105.29761,2011-09-05,269087.4,7.845113702623908
-1.0202335,-1.1913831,0.8176751,144.38913,2011-09-06,31852.8,0.9286530612244898
-4.093861,-5.944207,0.82910204,168.91516,2011-09-07,0.0,0.0
-0.93766797,-3.1906164,0.8010416,119.897514,2011-09-08,0.0,0.0
2.5518131,-0.0013747745,0.6246635,89.387085,2011-09-09,258348.6,7.53202915451895
2.35451,-0.34255856,0.598142,137.97325,2011-09-10,657734.4,19.17593002915452
0.53846645,-2.0328,0.6222576,119.808014,2011-09-11,300808.8,8.76993586005831
0.62055767,-2.1107798,0.6222106,123.63696,2011-09-12,19231.2,0.5606763848396501
-0.6837865,-3.0880523,0.6285778,147.02905,2011-09-13,0.0,0.0
-1.3386418,-3.2891173,0.6298919,128.96222,2011-09-14,0.0,0.0
-4.112385,-5.5970855,0.629413,149.50519,2011-09-15,0.0,0.0
-3.6808243,-5.616212,0.6324667,142.23041,2011-09-16,0.0,0.0
-2.5270147,-4.826278,0.6330993,75.78273,2011-09-17,0.0,0.0
-3.5157242,-3.7101493,0.738691,86.31517,2011-09-18,0.0,0.0
-10.082427,-11.360004,0.84676194,143.16995,2011-09-19,0.0,0.0
-13.172207,-14.754271,0.83842623,138.50339,2011-09-20,0.0,0.0
-13.574022,-15.245739,0.8271793,133.50044,2011-09-21,0.0,0.0
-13.537105,-15.213205,0.8148409,130.40988,2011-09-22,0.0,0.0
-11.139711,-13.318529,0.8004317,128.11197,2011-09-23,0.0,0.0
-5.9263935,-8.475403,0.7378632,96.47978,2011-09-24,0.0,0.0
-2.6693923,-4.8539796,0.7102165,84.87669,2011-09-25,0.0,0.0
-4.122081,-6.7394075,0.7118494,111.155426,2011-09-26,0.0,0.0
-5.156722,-7.755764,0.71389735,96.22095,2011-09-27,0.0,0.0
-4.988388,-7.705385,0.71399236,107.06181,2011-09-28,0.0,0.0
-4.6860723,-7.3409696,0.7145773,103.867165,2011-09-29,0.0,0.0
-4.0752645,-6.4534483,0.7097943,88.62053,2011-09-30,0.0,0.0
-5.1058793,-6.8472824,0.70856774,86.63919,2011-10-01,0.0,0.0
-5.8150845,-6.5557823,0.7379403,64.04487,2011-10-02,0.0,0.0
-6.041194,-7.1625686,0.8075149,66.11565,2011-10-03,0.0,0.0
-9.76584,-11.319195,0.7930342,71.09305,2011-10-04,0.0,0.0
-11.268908,-12.447215,0.7756685,74.36438,2011-10-05,0.0,0.0
-14.507702,-16.03812,0.7808993,83.623955,2011-10-06,0.0,0.0
-9.339636,-12.353194,0.7846925,82.633194,2011-10-07,0.0,0.0
-8.088491,-10.335001,0.7782086,63.83307,2011-10-08,0.0,0.0
-8.07128,-9.361954,0.7881408,48.9468,2011-10-09,0.0,0.0
-10.602875,-12.63713,0.79609275,51.508408,2011-10-10,0.0,0.0
-5.201611,-6.4199886,0.8062522,25.76641,2011-10-11,0.0,0.0
-9.830442,-10.950753,0.8241929,52.263123,2011-10-12,0.0,0.0
-16.106028,-17.613747,0.82381165,47.54572,2011-10-13,0.0,0.0
-16.363358,-17.957909,0.8175669,49.130455,2011-10-14,0.0,0.0
-17.963446,-19.51271,0.81925666,60.631737,2011-10-15,0.0,0.0
-20.6817,-22.657959,0.8228663,59.73294,2011-10-16,0.0,0.0
-7.1561675,-9.808048,0.8154658,32.888683,2011-10-17,0.0,0.0
-6.436766,-9.830183,0.8177842,42.68851,2011-10-18,0.0,0.0
-4.323635,-6.3285,0.81509125,24.449219,2011-10-19,0.0,0.0
-9.844465,-11.02969,0.8145454,36.950172,2011-10-20,0.0,0.0
-13.627882,-14.256804,0.81300676,30.688807,2011-10-21,0.0,0.0
-17.079046,-18.867142,0.8176198,42.577003,2011-10-22,0.0,0.0
-10.684261,-12.88056,0.8131261,21.846445,2011-10-23,0.0,0.0
-5.398839,-6.4868,0.8125999,21.330942,2011-10-24,0.0,0.0
-8.926602,-9.315691,0.8115225,19.397488,2011-10-25,0.0,0.0
-17.979618,-19.475794,0.8165753,35.82583,2011-10-26,0.0,0.0
-22.31322,-24.39056,0.8198297,35.076862,2011-10-27,0.0,0.0
-21.241005,-23.690834,0.8197988,32.55845,2011-10-28,0.0,0.0
-16.8889,-19.675606,0.8180554,28.44744,2011-10-29,0.0,0.0
-16.445114,-19.09232,0.81978965,26.962471,2011-10-30,0.0,0.0
-16.12623,-19.064804,0.8197752,25.433327,2011-10-31,0.0,0.0
-20.087696,-22.186562,0.8187591,23.4321,2011-11-01,0.0,0.0
-20.179846,-22.502064,0.8166769,22.045233,2011-11-02,0.0,0.0
-20.53585,-23.02684,0.8179837,21.250378,2011-11-03,0.0,0.0
-27.184029,-29.111757,0.8189914,21.192646,2011-11-04,0.0,0.0
-24.648296,-27.043423,0.81128824,14.687696,2011-11-05,0.0,0.0
-23.513592,-26.192417,0.81315005,15.490688,2011-11-06,0.0,0.0
-26.695675,-28.436691,0.81467605,17.203747,2011-11-07,0.0,0.0
-29.024866,-31.678436,0.81675994,15.442253,2011-11-08,0.0,0.0
-20.387554,-21.608025,0.81047314,9.489108,2011-11-09,0.0,0.0
-21.2972,-22.786518,0.81053233,7.9519215,2011-11-10,0.0,0.0
-18.45595,-19.972641,0.81101334,6.854765,2011-11-11,0.0,0.0
-8.05391,-10.883951,0.79240346,3.8995667,2011-11-12,0.0,0.0
0.39883065,-1.9108214,0.75303197,6.897751,2011-11-13,0.0,0.0
-8.019815,-10.836943,0.7969439,8.52747,2011-11-14,0.0,0.0
-10.766452,-13.953943,0.80231667,8.324799,2011-11-15,0.0,0.0
-6.381281,-10.149567,0.79744315,6.1348667,2011-11-16,0.0,0.0
-5.019931,-8.636043,0.7957089,4.583682,2011-11-17,0.0,0.0
-2.4854116,-6.0703135,0.79461783,5.059854,2011-11-18,0.0,0.0
-3.232887,-6.242673,0.7954577,3.1676393,2011-11-19,0.0,0.0
-5.105126,-7.6433372,0.79567206,3.696445,2011-11-20,0.0,0.0
-10.601307,-11.563451,0.80920434,3.2266026,2011-11-21,0.0,0.0
-16.763596,-17.976809,0.80770147,2.9652276,2011-11-22,0.0,0.0
-16.577171,-18.082935,0.80776465,2.612558,2011-11-23,0.0,0.0
-15.289906,-16.231953,0.8083945,1.9926729,2011-11-24,0.0,0.0
-15.1288185,-16.03703,0.809028,1.8547504,2011-11-25,0.0,0.0
-19.492067,-20.485487,0.80903995,1.7373979,2011-11-26,0.0,0.0
-21.775593,-22.602825,0.8092344,1.3869593,2011-11-27,0.0,0.0
-20.475525,-21.478458,0.8088955,1.1224773,2011-11-28,0.0,0.0
-21.376888,-22.831484,0.81001246,1.0439649,2011-11-29,0.0,0.0
-13.882198,-15.550763,0.8086822,0.6483165,2011-11-30,0.0,0.0
-11.750427,-13.668776,0.80942345,0.65771365,2011-12-01,0.0,0.0
-12.6088705,-13.723129,0.80858684,0.27242386,2011-12-02,0.0,0.0
-13.56041,-14.297087,0.8090049,0.272376,2011-12-03,0.0,0.0
-16.709148,-18.247665,0.8092962,0.24079481,2011-12-04,0.0,0.0
-19.408466,-22.129982,0.8132369,0.16549239,2011-12-05,0.0,0.0
-20.338856,-22.341732,0.8093073,0.105824575,2011-12-06,0.0,0.0
-15.5671425,-16.510708,0.8094616,0.05118963,2011-12-07,0.0,0.0
-14.235564,-15.837019,0.8095498,0.0172908,2011-12-08,0.0,0.0
-14.681753,-17.117046,0.80956507,0.0,2011-12-09,0.0,0.0
-12.006489,-14.018934,0.80956924,0.0,2011-12-10,0.0,0.0
-14.708687,-17.104828,0.8095698,0.0,2011-12-11,0.0,0.0
-11.466007,-14.680988,0.80957043,0.0,2011-12-12,0.0,0.0
-12.120914,-15.347894,0.8095839,0.0,2011-12-13,0.0,0.0
-18.65054,-20.628529,0.81075275,0.0,2011-12-14,0.0,0.0
-15.441357,-17.33764,0.80962384,0.0,2011-12-15,0.0,0.0
-11.3395,-12.88248,0.8094944,0.0,2011-12-16,0.0,0.0
-6.3138466,-8.50415,0.8095058,0.0,2011-12-17,0.0,0.0
-12.841108,-14.043144,0.809552,0.0,2011-12-18,0.0,0.0
-16.62946,-17.935017,0.80957013,0.0,2011-12-19,0.0,0.0
-18.81987,-20.337154,0.8120463,0.0,2011-12-20,0.0,0.0
-23.892727,-25.795862,0.8165777,0.0,2011-12-21,0.0,0.0
-22.028,-24.117193,0.81120133,0.0,2011-12-22,0.0,0.0
-15.683277,-17.672897,0.8100479,0.0,2011-12-23,0.0,0.0
-22.059734,-23.438868,0.80988204,0.0,2011-12-24,0.0,0.0
-23.488487,-24.963062,0.8100989,0.0,2011-12-25,0.0,0.0
-15.562942,-17.341644,0.80964196,0.0,2011-12-26,0.0,0.0
-13.852753,-16.332901,0.8096436,0.0,2011-12-27,0.0,0.0
-16.685032,-17.946594,0.8096583,0.0,2011-12-28,0.0,0.0
-21.116804,-22.728212,0.8121729,0.0,2011-12-29,0.0,0.0
-32.96126,-34.519943,0.8156504,0.0,2011-12-30,0.0,0.0
-30.595999,-31.899954,0.8121424,0.0,2011-12-31,0.0,0.0
-27.593178,-28.564869,0.8096971,0.0,2012-01-01,0.0,0.0
-33.041996,-34.644527,0.8169895,0.0,2012-01-02,0.0,0.0
-30.461155,-32.901775,0.8171981,0.0,2012-01-03,0.0,0.0
-27.06179,-30.136887,0.8126769,0.008479536,2012-01-04,0.0,0.0
-22.013197,-25.383085,0.81419945,0.0,2012-01-05,0.0,0.0
-17.599693,-20.044476,0.80970323,0.08975062,2012-01-06,0.0,0.0
-16.169666,-19.512024,0.8118836,0.0,2012-01-07,0.0,0.0
-16.53812,-17.90839,0.8097023,0.197505,2012-01-08,0.0,0.0
-25.098007,-26.47084,0.80972785,0.2749613,2012-01-09,0.0,0.0
-16.209549,-17.708248,0.80972385,0.2812227,2012-01-10,0.0,0.0
-13.243526,-15.519586,0.8097281,0.4191684,2012-01-11,0.0,0.0
-8.998795,-11.661632,0.80973,0.3208281,2012-01-12,0.0,0.0
-12.728512,-14.317536,0.81120884,0.5199269,2012-01-13,0.0,0.0
-13.831053,-15.889724,0.810918,0.6453018,2012-01-14,0.0,0.0
-6.2772417,-9.41016,0.80973065,0.8202652,2012-01-15,0.0,0.0
-14.166002,-17.13678,0.81090313,1.3779776,2012-01-16,0.0,0.0
-12.312635,-13.55644,0.8097346,1.3187944,2012-01-17,0.0,0.0
-17.091877,-18.287888,0.81026316,1.7908025,2012-01-18,0.0,0.0
-23.512642,-25.710289,0.818564,2.936395,2012-01-19,0.0,0.0
-21.255873,-23.547688,0.81147516,2.6438355,2012-01-20,0.0,0.0
-21.181065,-23.386274,0.8156823,3.8495388,2012-01-21,0.0,0.0
-15.761892,-18.921082,0.8156576,4.0040627,2012-01-22,0.0,0.0
-8.753557,-11.558256,0.80967516,2.8819747,2012-01-23,0.0,0.0
-14.598963,-17.758978,0.8134578,5.5362635,2012-01-24,0.0,0.0
-16.053778,-18.75884,0.8094852,4.5016503,2012-01-25,0.0,0.0
-17.412945,-20.084702,0.80948853,5.3965282,2012-01-26,0.0,0.0
-18.001606,-21.14404,0.8102423,5.2555294,2012-01-27,0.0,0.0
-17.776264,-20.630283,0.8106046,7.037943,2012-01-28,0.0,0.0
-24.314175,-26.987257,0.8186227,9.334477,2012-01-29,0.0,0.0
-23.028362,-26.218182,0.81808865,10.192248,2012-01-30,0.0,0.0
-9.692807,-13.891037,0.80951995,7.1123667,2012-01-31,0.0,0.0
-9.17812,-12.454403,0.80955184,8.944279,2012-02-01,0.0,0.0
-9.970059,-13.74198,0.81131065,10.958311,2012-02-02,0.0,0.0
-8.267822,-11.491722,0.81135654,10.260995,2012-02-03,0.0,0.0
-12.827415,-15.654798,0.813348,12.473524,2012-02-04,0.0,0.0
-11.74897,-15.127424,0.8140454,12.692714,2012-02-05,0.0,0.0
-5.4236937,-8.799445,0.80842483,11.576334,2012-02-06,0.0,0.0
-6.132578,-9.680731,0.808427,13.10437,2012-02-07,0.0,0.0
-16.087448,-17.778963,0.8071084,15.18914,2012-02-08,0.0,0.0
-12.549422,-15.258147,0.807475,15.205212,2012-02-09,0.0,0.0
-15.81912,-17.616932,0.80869555,21.669514,2012-02-10,0.0,0.0
-15.0199375,-17.671629,0.810935,19.152103,2012-02-11,0.0,0.0
-11.839488,-12.831242,0.80730075,11.471653,2012-02-12,0.0,0.0
-5.036701,-7.0213842,0.8056663,15.945401,2012-02-13,0.0,0.0
-1.023,-2.4568162,0.7742628,17.188194,2012-02-14,0.0,0.0
-11.959599,-13.733528,0.8107639,22.05468,2012-02-15,0.0,0.0
-16.89534,-17.504932,0.8104079,14.211487,2012-02-16,0.0,0.0
-15.20902,-16.743414,0.8096305,24.907455,2012-02-17,0.0,0.0
-12.779397,-14.367016,0.81034523,26.783806,2012-02-18,0.0,0.0
-22.87434,-24.670788,0.81742877,40.19796,2012-02-19,0.0,0.0
-27.393719,-29.032307,0.81825256,43.535797,2012-02-20,0.0,0.0
-25.018698,-27.17725,0.8097441,37.79007,2012-02-21,0.0,0.0
-14.587696,-16.72882,0.80967855,29.061361,2012-02-22,0.0,0.0
-18.422722,-19.316685,0.8097502,24.865025,2012-02-23,0.0,0.0
-18.620045,-18.862577,0.80973876,27.665138,2012-02-24,0.0,0.0
-22.617252,-24.007305,0.8143776,54.792786,2012-02-25,0.0,0.0
-28.315784,-30.193901,0.8179425,57.9019,2012-02-26,0.0,0.0
-32.709553,-33.922585,0.8141191,55.243095,2012-02-27,0.0,0.0
-36.91269,-38.0158,0.81762004,63.00265,2012-02-28,0.0,0.0
-37.73629,-38.94043,0.81797755,66.151306,2012-02-29,0.0,0.0
-31.077229,-33.355362,0.81022084,55.73004,2012-03-01,0.0,0.0
-31.115425,-33.70336,0.8148998,67.13006,2012-03-02,0.0,0.0
-27.45797,-30.223831,0.81202364,71.605774,2012-03-03,0.0,0.0
-26.742138,-28.832376,0.8107443,66.19138,2012-03-04,0.0,0.0
-28.93713,-28.73859,0.8097273,40.240112,2012-03-05,0.0,0.0
-30.30949,-29.63252,0.8097466,47.101955,2012-03-06,0.0,0.0
-34.175583,-35.774837,0.8127363,81.27843,2012-03-07,0.0,0.0
-32.20151,-32.476757,0.80975616,61.469845,2012-03-08,0.0,0.0
-31.922836,-34.005978,0.81365585,91.96452,2012-03-09,0.0,0.0
-32.528404,-34.68364,0.8143749,92.61914,2012-03-10,0.0,0.0
-26.882912,-27.916466,0.8097112,72.23457,2012-03-11,0.0,0.0
-25.908487,-28.494133,0.8145076,97.570526,2012-03-12,0.0,0.0
-19.903843,-20.884048,0.809708,70.83017,2012-03-13,0.0,0.0
-24.072842,-24.259426,0.80976045,70.789215,2012-03-14,0.0,0.0
-25.206795,-27.508463,0.81480044,108.92879,2012-03-15,0.0,0.0
-13.8029785,-16.120823,0.8135431,64.63345,2012-03-16,0.0,0.0
-8.467656,-9.953207,0.8097172,56.383957,2012-03-17,0.0,0.0
-16.724154,-18.656288,0.81122077,111.97864,2012-03-18,0.0,0.0
-22.930721,-24.197647,0.8126894,91.72074,2012-03-19,0.0,0.0
-20.25594,-21.133352,0.8100492,76.11354,2012-03-20,0.0,0.0
-12.384279,-15.935183,0.8157712,128.30135,2012-03-21,0.0,0.0
-10.824251,-14.090498,0.81287444,130.35287,2012-03-22,0.0,0.0
-7.74946,-11.120962,0.8143116,113.26199,2012-03-23,0.0,0.0
1.5165851,-2.302006,0.81064993,88.97427,2012-03-24,0.0,0.0
0.61020154,-3.1813335,0.8113322,122.59631,2012-03-25,0.0,0.0
-2.5865119,-5.71639,0.81180054,126.13396,2012-03-26,0.0,0.0
-8.104014,-8.558917,0.8103422,90.15709,2012-03-27,0.0,0.0
-20.14766,-21.869991,0.8119117,152.3081,2012-03-28,0.0,0.0
-17.677612,-19.620829,0.8119793,140.00246,2012-03-29,0.0,0.0
-8.836996,-10.50595,0.8168628,67.05582,2012-03-30,0.0,0.0
0.7523298,-0.5186086,0.7939267,55.284473,2012-03-31,0.0,0.0
2.00426,-0.43166053,0.7356354,115.56593,2012-04-01,0.0,0.0
1.9101603,-0.28097522,0.7245884,138.81325,2012-04-02,0.0,0.0
-0.6032091,-2.3218198,0.7722912,117.19622,2012-04-03,0.0,0.0
-0.7559332,-2.994854,0.80824244,112.223694,2012-04-04,0.0,0.0
2.7600565,-0.48422337,0.699674,32.52645,2012-04-05,760149.0,22.161778425655974
2.5691926,-0.049384754,0.61474764,115.63403,2012-04-06,563790.6,16.437043731778424
-0.5850462,-0.6719299,0.79885876,99.8625,2012-04-07,476523.0,13.892798833819242
-6.449357,-5.6582403,0.84843695,134.8247,2012-04-08,849664.7999999999,24.77156851311953
-9.684408,-8.796391,0.81994146,146.44458,2012-04-09,696634.2,20.31003498542274
-14.433399,-15.008113,0.8157135,196.18292,2012-04-10,657856.8,19.179498542274054
-13.561006,-15.421692,0.8172983,203.01285,2012-04-11,278184.6,8.110338192419825
-8.088306,-8.798407,0.81476325,114.03563,2012-04-12,0.0,0.0
-7.1375694,-8.491785,0.81412244,120.97121,2012-04-13,0.0,0.0
-4.838131,-6.53104,0.8139379,172.85811,2012-04-14,0.0,0.0
-3.9393673,-6.789444,0.81543636,182.10269,2012-04-15,0.0,0.0
-1.3996208,-4.1798906,0.81243926,206.74704,2012-04-16,0.0,0.0
-2.9172492,-5.25933,0.81605387,138.41061,2012-04-17,0.0,0.0
-9.5560665,-10.515306,0.81520104,205.12155,2012-04-18,0.0,0.0
-13.987848,-15.217424,0.81701064,208.6923,2012-04-19,16389.0,0.47781341107871717
-13.030783,-13.705116,0.8141409,228.64911,2012-04-20,37157.4,1.0833061224489795
-13.029109,-14.674098,0.81554425,219.11128,2012-04-21,0.0,0.0
-10.125216,-11.831577,0.81542426,210.85455,2012-04-22,0.0,0.0
-11.392421,-10.802072,0.8143604,168.30496,2012-04-23,0.0,0.0
-14.795227,-14.91325,0.81366897,214.09763,2012-04-24,0.0,0.0
-14.680934,-16.06846,0.8118359,262.01575,2012-04-25,0.0,0.0
-2.7123275,-4.184995,0.7999859,173.0127,2012-04-26,0.0,0.0
-1.2557678,-2.6425729,0.787736,111.716225,2012-04-27,0.0,0.0
-5.448122,-5.584755,0.8276939,193.12921,2012-04-28,0.0,0.0
-6.597371,-7.980751,0.8266143,210.59921,2012-04-29,0.0,0.0
-2.6320748,-2.8532124,0.8542546,131.45047,2012-04-30,0.0,0.0
-5.476201,-7.682397,0.8561599,273.90903,2012-05-01,0.0,0.0
-5.8377132,-8.130636,0.85490036,271.19647,2012-05-02,0.0,0.0
-3.3362865,-5.874737,0.85822463,264.83896,2012-05-03,0.0,0.0
-1.641361,-4.4842343,0.83745086,261.92993,2012-05-04,0.0,0.0
1.503751,-1.1720629,0.770705,141.463,2012-05-05,0.0,0.0
2.1450095,-0.27107334,0.72604585,270.70975,2012-05-06,0.0,0.0
0.35327092,-1.9520499,0.75509286,255.52487,2012-05-07,0.0,0.0
0.25845847,-1.8917931,0.7581606,269.21817,2012-05-08,101241.0,2.9516326530612247
0.6213218,-0.7669172,0.71916264,245.16493,2012-05-09,151230.6,4.409055393586006
-1.3928351,-2.79706,0.6638564,273.6429,2012-05-10,48641.4,1.4181166180758018
-4.3535376,-4.579624,0.7529601,134.50073,2012-05-11,87044.4,2.537737609329446
-4.415036,-3.8650863,0.8550881,212.5087,2012-05-12,97493.4,2.8423731778425654
-5.7771416,-7.2928543,0.84332097,313.07022,2012-05-13,94019.4,2.741090379008746
-4.3750696,-6.933527,0.84274757,323.9834,2012-05-14,77074.2,2.247061224489796
-3.3300326,-5.410698,0.8457967,256.3703,2012-05-15,82571.4,2.4073294460641397
-1.2103777,-2.5793138,0.8358692,290.54724,2012-05-16,82440.0,2.4034985422740527
-2.366095,-4.7194166,0.8345512,326.70413,2012-05-17,75967.2,2.2147871720116616
-2.7652216,-5.141774,0.8305845,331.9006,2012-05-18,5837.400000000001,0.17018658892128283
-1.3108593,-2.8509216,0.7729723,220.34604,2012-05-19,0.0,0.0
-3.4455974,-2.920812,0.8188691,206.50099,2012-05-20,0.0,0.0
-2.5302129,-2.0664845,0.7997674,245.11635,2012-05-21,0.0,0.0
-0.59964156,-2.0175548,0.7618114,297.5574,2012-05-22,0.0,0.0
-1.1573098,-1.6426847,0.73488307,212.9718,2012-05-23,0.0,0.0
-2.39745,-2.0903478,0.7593954,223.4947,2012-05-24,0.0,0.0
-4.6552796,-5.283822,0.85750365,336.3128,2012-05-25,0.0,0.0
-4.892412,-6.5280104,0.8617039,297.22873,2012-05-26,0.0,0.0
3.6824067,-0.024918027,0.64674056,156.90987,2012-05-27,0.0,0.0
4.4464216,-0.013080809,0.58767927,324.29504,2012-05-28,693410.4,20.21604664723032
4.8795223,0.0,0.57793117,340.49966,2012-05-29,1128850.2,32.91108454810496
3.9584935,-0.010838932,0.5184989,343.3449,2012-05-30,1317220.2,38.402921282798836
4.504494,-0.095933914,0.51581496,348.45453,2012-05-31,1303101.0,37.99128279883382
4.2084026,-0.04921896,0.44753182,346.66916,2012-06-01,1263803.4,36.84558017492711
4.8217,0.0,0.44874376,353.2671,2012-06-02,1231183.8,35.89457142857143
3.089914,-0.2189117,0.4493664,318.89404,2012-06-03,1046566.8,30.512151603498545
2.2031667,-0.7096584,0.44627115,354.73053,2012-06-04,901814.4,26.29196501457726
2.2514658,-0.6054859,0.45078477,323.2234,2012-06-05,879544.8,25.6427055393586
2.298502,-0.17668226,0.45243356,206.35472,2012-06-06,861822.0,25.12600583090379
1.1567023,-0.24564065,0.44700748,312.4415,2012-06-07,783315.0,22.837172011661806
1.2835435,-0.45856455,0.47692654,298.2412,2012-06-08,626437.8,18.263492711370265
1.2306535,-0.66203773,0.47694108,333.0797,2012-06-09,639387.0,18.641020408163264
1.7843741,-0.9968585,0.46704972,358.88745,2012-06-10,640074.6,18.661067055393584
1.9655802,-0.32683158,0.44853222,343.10657,2012-06-11,728805.6,21.247976676384837
1.1391097,-1.0704387,0.4464994,363.6803,2012-06-12,750249.0,21.873148688046648
2.7221327,-0.4407193,0.45373824,280.14352,2012-06-13,742852.8,21.657516034985424
3.676036,0.0,0.44920507,234.12207,2012-06-14,859267.8,25.051539358600586
3.4274693,0.0,0.4518348,149.10214,2012-06-15,893845.8,26.059644314868805
2.8583767,-0.042976804,0.44751424,330.0258,2012-06-16,783822.6,22.85197084548105
3.1004124,-0.29911518,0.44769663,354.54797,2012-06-17,892499.4,26.020390670553937
3.850264,0.0,0.44486162,344.18536,2012-06-18,1051119.0,30.64486880466472
4.0692525,-0.010804812,0.44635177,365.0524,2012-06-19,1121794.2,32.705370262390666
4.8737626,0.0,0.44621718,362.58502,2012-06-20,1251396.0,36.48384839650146
4.470045,0.0,0.45108867,202.45892,2012-06-21,1223479.8,35.66996501457726
2.6609318,-0.0013554891,0.44886866,228.78198,2012-06-22,1039487.4,30.305755102040816
3.3345366,-0.015267266,0.45389664,262.02216,2012-06-23,889696.8,25.93868221574344
3.6496286,-0.040003248,0.4453271,363.9237,2012-06-24,1069651.8,31.18518367346939
3.90633,0.0,0.44322714,354.79202,2012-06-25,1095573.6,31.940921282798836
3.7248464,-0.14830461,0.4464755,362.56525,2012-06-26,1041867.0,30.375131195335275
4.5895824,0.0,0.45073777,302.6267,2012-06-27,1126828.8,32.85215160349855
4.001515,0.0,0.44421,344.41644,2012-06-28,1103511.6,32.172349854227406
3.3144984,-0.052923203,0.4463694,357.0901,2012-06-29,1028417.4,29.983014577259475
3.0711048,-0.104942426,0.45239216,339.96008,2012-06-30,999829.8,29.149556851311957
3.2527661,-0.002388053,0.4514038,173.3624,2012-07-01,973044.0,28.368629737609332
2.575489,0.0,0.45137757,125.81424,2012-07-02,877347.0,25.57862973760933
3.2538905,0.0,0.4517984,288.24603,2012-07-03,842310.0,24.557142857142857
3.7557707,0.0,0.45137852,279.73724,2012-07-04,902394.0,26.30886297376093
3.6544647,0.0,0.4492905,249.9166,2012-07-05,956629.8,27.89008163265306
3.414082,0.0,0.45037353,208.47037,2012-07-06,1124667.0,32.789125364431484
3.4584048,0.0,0.450823,276.87918,2012-07-07,859651.2,25.06271720116618
4.2164497,-0.0032929315,0.4543103,282.07697,2012-07-08,920707.2,26.84277551020408
5.674286,0.0,0.45118287,280.8182,2012-07-09,1350268.2,39.36641982507288
6.101981,0.0,0.44881845,327.8282,2012-07-10,1447018.2,42.1871195335277
5.33348,0.0,0.4512899,277.34448,2012-07-11,1503289.8,43.827690962099126
3.803587,0.0,0.4466864,330.5766,2012-07-12,1166457.6,34.00751020408164
2.9225473,-0.00038909912,0.44804963,241.0777,2012-07-13,997749.0,29.088892128279884
2.7807117,-0.037062008,0.44641966,324.93048,2012-07-14,883530.0,25.758892128279882
2.7752495,-0.25249946,0.44739074,336.3709,2012-07-15,806918.4,23.525317784256558
3.3557425,-0.09782272,0.44749016,332.08167,2012-07-16,867169.8,25.281918367346943
2.9689887,-0.10125881,0.44758344,330.8615,2012-07-17,885985.2,25.830472303206996
2.778518,-0.24779096,0.44766265,329.79254,2012-07-18,912677.4,26.60867055393586
2.5794928,-0.35617033,0.44836998,321.97128,2012-07-19,941484.6,27.448530612244895
2.3298273,-0.5386662,0.4478405,328.20618,2012-07-20,840634.2,24.508285714285712
3.6791356,-0.2504507,0.44925916,329.7018,2012-07-21,731782.8,21.334775510204086
2.1486907,-0.3237293,0.45193565,131.95236,2012-07-22,702088.2,20.469043731778424
2.168812,-0.05687756,0.48761603,304.36325,2012-07-23,619943.4,18.074151603498542
1.9021008,-0.7005156,0.5107188,320.77234,2012-07-24,669805.2,19.527848396501458
2.8180714,-0.59672904,0.5098149,316.61838,2012-07-25,750447.0,21.878921282798835
4.9549456,-0.05612066,0.46076804,176.42328,2012-07-26,990856.8,28.887953352769678
6.282341,0.0,0.4513759,86.175644,2012-07-27,1311971.4,38.249895043731776
4.972655,0.0,0.4513759,190.70673,2012-07-28,1568619.0,45.732332361516036
3.418889,0.0,0.45097256,117.93652,2012-07-29,1230730.2,35.88134693877551
3.6444664,0.0,0.4485497,251.31776,2012-07-30,1112401.8,32.43153935860058
3.9074955,0.0,0.44952983,263.28687,2012-07-31,1128105.0,32.889358600583094
3.8674731,0.0,0.44967794,283.62848,2012-08-01,1037970.0,30.261516034985423
4.514125,0.0,0.44994235,217.26904,2012-08-02,1039365.0,30.30218658892128
4.9949694,0.0,0.4512517,183.50565,2012-08-03,1180027.8,34.40314285714286
5.5847874,0.0,0.4479354,276.77905,2012-08-04,1352071.8,39.4190029154519
4.858765,0.0,0.45365196,206.25352,2012-08-05,1246968.0,36.354752186588925
2.9422212,-0.004770597,0.45184082,178.97208,2012-08-06,833526.0,24.301049562682216
3.231834,0.0,0.45137578,103.180916,2012-08-07,713797.2,20.810413994169092
2.0639384,0.0,0.47535244,109.03876,2012-08-08,768634.2,22.409160349854226
2.0762258,-0.07299328,0.5177854,156.55713,2012-08-09,313693.2,9.145574344023323
1.418965,-0.022585128,0.53151953,143.81699,2012-08-10,451116.0,13.152069970845481
1.4189012,-0.1673381,0.56764036,128.45982,2012-08-11,559992.6,16.326314868804666
0.8134073,-0.7739303,0.5904497,262.76758,2012-08-12,560637.0,16.345102040816325
1.6244088,-1.7107066,0.5726611,153.52806,2012-08-13,413850.6,12.065615160349854
3.6099894,0.0,0.48996663,97.671036,2012-08-14,961092.0,28.020174927113704
3.4549088,0.0,0.44709867,233.5321,2012-08-15,1098381.6,32.02278717201167
4.350158,0.0,0.45207933,239.67015,2012-08-16,1188984.6,34.664274052478135
3.8521976,-0.010293219,0.45344138,243.30026,2012-08-17,1149953.4,33.52633819241982
3.4610963,-0.7184723,0.4517686,248.37393,2012-08-18,1076880.6,31.39593586005831
3.4065037,-0.084977575,0.45195234,235.49057,2012-08-19,965219.4,28.14050728862974
2.0269904,-0.6997095,0.4520876,233.81345,2012-08-20,709520.4,20.685725947521863
1.9078859,-0.7510538,0.452304,229.05576,2012-08-21,650469.6,18.96412827988338
1.3955477,-1.0614605,0.45293733,157.2734,2012-08-22,566380.8,16.51255976676385
1.9237794,-3.6345587e-05,0.45137513,104.73075,2012-08-23,650505.6,18.9651778425656
0.9979147,-0.810735,0.45632318,119.95827,2012-08-24,681179.4,19.85945772594752
1.6168829,-0.2666942,0.5359599,197.40213,2012-08-25,571147.2,16.65152186588921
0.54544353,-1.0522577,0.5150723,197.16719,2012-08-26,63925.2,1.8637084548104956
-0.73371017,-2.1277041,0.5263886,212.43297,2012-08-27,0.0,0.0
-0.8795662,-2.6215665,0.5555749,208.13425,2012-08-28,0.0,0.0
-1.8867264,-3.446217,0.59034026,210.84949,2012-08-29,0.0,0.0
-0.90405923,-3.586963,0.5904312,208.7742,2012-08-30,0.0,0.0
1.0438251,-1.2455254,0.5886376,196.3352,2012-08-31,563988.6,16.44281632653061
-0.26241687,-2.1138592,0.5870235,165.51926,2012-09-01,542298.6,15.810454810495626
-1.2551441,-2.750582,0.5870617,187.75839,2012-09-02,450858.6,13.144565597667638
0.2412337,-0.9198425,0.5998886,158.70763,2012-09-03,364698.0,10.63259475218659
-1.4675511,-2.9275203,0.56234515,187.51952,2012-09-04,36763.2,1.0718134110787172
-1.6740166,-2.8535137,0.59134305,67.21714,2012-09-05,0.0,0.0
-1.7928752,-1.9861872,0.8225871,102.4881,2012-09-06,0.0,0.0
-5.164397,-7.39972,0.8497603,178.62025,2012-09-07,0.0,0.0
-5.7671127,-7.7924786,0.83767736,159.34619,2012-09-08,0.0,0.0
-1.9814907,-4.68025,0.8335874,169.0427,2012-09-09,0.0,0.0
1.0532864,-2.6457813,0.7604873,98.854675,2012-09-10,0.0,0.0
2.6687424,0.0,0.5402823,103.32529,2012-09-11,578221.2,16.857760932944608
-0.0541403,-1.0445427,0.63814366,64.88189,2012-09-12,688159.8,20.062967930029156
-1.6998919,-2.4341176,0.8323524,66.846466,2012-09-13,216309.6,6.306402332361516
0.643729,-0.016724162,0.72435033,63.050224,2012-09-14,233771.4,6.815492711370262
-0.8570337,-0.61074364,0.8562561,85.84286,2012-09-15,369349.2,10.768198250728863
-6.097832,-7.8683867,0.8732677,148.07019,2012-09-16,14004.0,0.40827988338192417
-6.1189246,-8.627777,0.8728761,146.83435,2012-09-17,0.0,0.0
-1.6484311,-5.0643783,0.86667526,142.39224,2012-09-18,0.0,0.0
0.8323024,-0.41402173,0.7366284,53.33712,2012-09-19,0.0,0.0
3.3829691,-0.026312932,0.6393235,36.589947,2012-09-20,720072.0,20.993352769679298
0.22024263,-0.28226128,0.6915887,42.78264,2012-09-21,645525.0,18.81997084548105
-2.8984234,-4.1426897,0.8332001,116.125175,2012-09-22,319489.2,9.31455393586006
-4.6845746,-6.897337,0.8316965,125.53394,2012-09-23,17046.0,0.49696793002915457
0.40378666,-2.6344266,0.73592985,60.545723,2012-09-24,0.0,0.0
0.8697742,-0.6544695,0.6712967,87.0214,2012-09-25,581405.4,16.95059475218659
-0.086580485,-2.5028095,0.6162379,44.08474,2012-09-26,320205.6,9.33544023323615
-1.3945969,-1.4912254,0.80378497,68.81938,2012-09-27,400104.0,11.664839650145773
-5.7501354,-7.3244486,0.85492456,106.88332,2012-09-28,15640.199999999999,0.45598250728862966
-8.718984,-9.8295765,0.85099626,86.39583,2012-09-29,0.0,0.0
-3.366962,-4.3251543,0.84671605,61.236298,2012-09-30,0.0,0.0
-2.2602067,-2.9349952,0.84880435,52.794075,2012-10-01,0.0,0.0
-3.0495737,-4.910824,0.8576473,56.914703,2012-10-02,0.0,0.0
1.598284,-0.9286536,0.83536845,49.53126,2012-10-03,0.0,0.0
-3.2517314,-4.43229,0.8447708,58.59075,2012-10-04,0.0,0.0
-7.844342,-8.61792,0.84922457,59.230255,2012-10-05,0.0,0.0
-9.42957,-10.695084,0.8218923,69.82052,2012-10-06,0.0,0.0
-10.688257,-13.238932,0.82582176,83.326324,2012-10-07,0.0,0.0
-3.0582464,-3.6306462,0.8451767,36.405846,2012-10-08,236228.4,6.887125364431487
-12.114096,-14.19309,0.83805114,75.857735,2012-10-09,221311.8,6.452239067055394
-18.673513,-19.871939,0.8355199,73.97844,2012-10-10,181456.2,5.290268221574345
-19.846436,-21.754257,0.8393588,71.619896,2012-10-11,172728.0,5.035801749271137
-5.366879,-8.758289,0.8384824,69.23671,2012-10-12,16475.4,0.48033236151603503
-3.0863376,-6.5071526,0.83430606,62.154995,2012-10-13,0.0,0.0
-1.0117247,-4.4309716,0.8345348,52.41421,2012-10-14,0.0,0.0
-0.23829994,-3.3691454,0.8317367,49.92146,2012-10-15,0.0,0.0
-1.3411368,-4.817348,0.8318043,52.848373,2012-10-16,0.0,0.0
-5.339152,-8.023021,0.82432926,51.304024,2012-10-17,0.0,0.0
-4.9631987,-7.895458,0.81581414,40.095203,2012-10-18,0.0,0.0
-6.7592998,-9.24098,0.8155617,33.16886,2012-10-19,0.0,0.0
-13.630646,-15.970617,0.82359433,48.583042,2012-10-20,0.0,0.0
-15.784229,-18.151093,0.82354015,46.16268,2012-10-21,0.0,0.0
-16.776484,-19.360954,0.8225993,45.19268,2012-10-22,0.0,0.0
-5.0732703,-7.1456995,0.8146135,24.451649,2012-10-23,0.0,0.0
1.7397454,-0.7039777,0.7812017,19.369665,2012-10-24,0.0,0.0
3.2463837,0.0,0.6885886,7.6903553,2012-10-25,0.0,0.0
-0.0637386,-1.2546685,0.65335894,18.072325,2012-10-26,256813.2,7.487265306122449
-0.33568275,-2.0272598,0.7131163,16.528774,2012-10-27,339667.2,9.902833819241984
-1.7103381,-3.1094413,0.705917,17.54417,2012-10-28,355822.2,10.373825072886298
-4.701501,-4.8334584,0.81985444,13.469618,2012-10-29,249260.4,7.267067055393586
-9.774922,-10.593573,0.82530534,22.851665,2012-10-30,258309.0,7.530874635568513
-18.985611,-20.17309,0.8283675,26.488007,2012-10-31,465382.8,13.568011661807581
-21.033342,-22.437246,0.829056,24.970016,2012-11-01,482043.6,14.053749271137026
-12.106746,-14.672091,0.8213916,15.738543,2012-11-02,406445.4,11.849720116618075
-3.4643397,-5.2981253,0.8195064,5.7600746,2012-11-03,374364.0,10.914402332361515
-3.483581,-3.9618425,0.83202124,6.528009,2012-11-04,267202.8,7.790169096209912
-16.225653,-18.573362,0.83603,18.395954,2012-11-05,148678.2,4.334641399416911
-16.00144,-18.337357,0.8355783,14.550727,2012-11-06,113659.2,3.313679300291545
-13.299833,-15.368538,0.8312401,11.242763,2012-11-07,53654.4,1.5642682215743442
-12.936752,-13.705564,0.81956065,9.993103,2012-11-08,0.0,0.0
-13.204716,-14.232599,0.81560826,8.470127,2012-11-09,8712.0,0.2539941690962099
-12.13126,-14.725151,0.8167636,12.255028,2012-11-10,0.0,0.0
-7.24162,-8.609359,0.81462944,6.782256,2012-11-11,0.0,0.0
-15.573803,-17.062164,0.81515735,8.34124,2012-11-12,0.0,0.0
-11.961052,-14.053288,0.8177963,5.2503157,2012-11-13,0.0,0.0
-7.532618,-8.143203,0.81301224,5.289154,2012-11-14,0.0,0.0
-15.151383,-16.632114,0.8118902,6.508522,2012-11-15,0.0,0.0
-15.110918,-15.709755,0.81144667,4.788968,2012-11-16,0.0,0.0
-19.085133,-21.18501,0.81386316,6.85797,2012-11-17,0.0,0.0
-10.424351,-13.567568,0.8113116,4.5654106,2012-11-18,0.0,0.0
-11.935925,-15.237043,0.8116405,5.364228,2012-11-19,0.0,0.0
-17.149078,-19.767159,0.81398845,4.424857,2012-11-20,0.0,0.0
-16.490726,-17.647602,0.8112607,2.8993406,2012-11-21,0.0,0.0
-20.768665,-22.709904,0.8180964,3.8521051,2012-11-22,0.0,0.0
-21.473923,-24.040043,0.820161,3.518766,2012-11-23,0.0,0.0
-21.839043,-24.790247,0.8198353,3.0460548,2012-11-24,0.0,0.0
-19.115566,-22.097172,0.8189386,2.5507288,2012-11-25,0.0,0.0
-1.472876,-4.092698,0.78707755,1.3457239,2012-11-26,0.0,0.0
-3.3488407,-6.1438894,0.81064653,1.2831676,2012-11-27,0.0,0.0
-3.294888,-5.697448,0.82139885,0.5087318,2012-11-28,0.0,0.0
-8.553612,-9.9603615,0.8463336,0.9019182,2012-11-29,0.0,0.0
-12.020881,-15.047932,0.8446139,0.88272583,2012-11-30,0.0,0.0
-6.245873,-8.952371,0.83006036,0.6344429,2012-12-01,0.0,0.0
-8.700015,-11.453087,0.8164283,0.50669044,2012-12-02,0.0,0.0
-14.121444,-15.522985,0.813884,0.3494393,2012-12-03,0.0,0.0
-12.81536,-14.762334,0.8136889,0.21588114,2012-12-04,0.0,0.0
-20.152433,-22.187866,0.8191968,0.16605404,2012-12-05,0.0,0.0
-22.045874,-24.622326,0.81885225,0.03170644,2012-12-06,0.0,0.0
-23.300484,-25.381983,0.818946,0.06053497,2012-12-07,0.0,0.0
-10.002139,-12.837471,0.813444,0.014855506,2012-12-08,0.0,0.0
-9.192905,-11.528426,0.8157984,0.0,2012-12-09,0.0,0.0
-8.664623,-12.323817,0.81306475,0.0,2012-12-10,0.0,0.0
-1.0491313,-4.1078296,0.81152874,0.0,2012-12-11,0.0,0.0
-1.5863798,-4.8589745,0.81163406,0.0,2012-12-12,0.0,0.0
-3.5100985,-7.246912,0.8115425,0.0,2012-12-13,0.0,0.0
-3.0855868,-7.055772,0.8113755,0.0,2012-12-14,0.0,0.0
-8.558612,-11.7567,0.8113681,0.0,2012-12-15,0.0,0.0
-13.100828,-14.94606,0.7573359,0.0,2012-12-16,0.0,0.0
-13.976631,-16.136974,0.7637446,0.0,2012-12-17,0.0,0.0
-14.758953,-16.777027,0.7637367,0.0,2012-12-18,0.0,0.0
-21.728065,-23.600082,0.76942813,0.0,2012-12-19,0.0,0.0
-15.430814,-18.967354,0.7661951,0.0,2012-12-20,0.0,0.0
-3.8945088,-7.733689,0.7729922,0.0,2012-12-21,0.0,0.0
-9.269735,-12.524294,0.7795603,0.0,2012-12-22,0.0,0.0
-11.610577,-14.920006,0.7865309,0.0,2012-12-23,0.0,0.0
-14.217075,-16.989786,0.7879563,0.0,2012-12-24,0.0,0.0
-20.614347,-22.318584,0.7836331,0.0,2012-12-25,0.0,0.0
-18.896965,-21.961227,0.7888899,0.0,2012-12-26,0.0,0.0
-20.673353,-22.030933,0.7831969,0.0,2012-12-27,0.0,0.0
-21.01727,-22.202711,0.7863747,0.0,2012-12-28,0.0,0.0
-22.17013,-23.559967,0.78919816,0.0,2012-12-29,0.0,0.0
-26.064533,-27.732897,0.7954743,0.0,2012-12-30,0.0,0.0
-27.490967,-29.237547,0.79684967,0.0,2012-12-31,0.0,0.0
-23.972935,-27.214619,0.79684454,0.0,2013-01-01,0.0,0.0
-25.025776,-28.095936,0.7922262,0.0,2013-01-02,0.0,0.0
-22.053635,-25.548565,0.79699767,0.0,2013-01-03,0.0,0.0
-10.421695,-14.77294,0.79013264,0.0,2013-01-04,0.0,0.0
-16.684818,-18.490875,0.7894013,0.04490319,2013-01-05,0.0,0.0
-19.278496,-21.291647,0.7919847,0.095316924,2013-01-06,0.0,0.0
-9.721665,-13.408427,0.79248327,0.0,2013-01-07,0.0,0.0
-9.334602,-12.685487,0.79667157,0.22026855,2013-01-08,0.0,0.0
-11.547624,-13.914637,0.79334533,0.14454228,2013-01-09,0.0,0.0
-16.734535,-18.38688,0.79342693,0.33348584,2013-01-10,0.0,0.0
-17.601688,-19.396236,0.79357725,0.335387,2013-01-11,0.0,0.0
-19.85397,-21.191502,0.79516125,0.504892,2013-01-12,0.0,0.0
-23.889862,-26.408386,0.8047136,0.85707843,2013-01-13,0.0,0.0
-18.082428,-20.994473,0.7971967,0.8834569,2013-01-14,0.0,0.0
-13.01898,-15.930723,0.80081135,1.2906218,2013-01-15,0.0,0.0
-9.648403,-13.162163,0.79671097,1.4530321,2013-01-16,0.0,0.0
-12.336491,-15.579925,0.7969155,1.7341998,2013-01-17,0.0,0.0
-14.671975,-17.654919,0.8001285,1.9215381,2013-01-18,0.0,0.0
-12.323208,-15.786169,0.7983433,2.2999601,2013-01-19,0.0,0.0
-11.202164,-14.932564,0.7972466,2.0079699,2013-01-20,0.0,0.0
-3.5631654,-7.4331656,0.7921441,2.314412,2013-01-21,0.0,0.0
-4.6601224,-8.069317,0.7893705,3.4790678,2013-01-22,0.0,0.0
-5.3428135,-8.388444,0.78388464,3.485999,2013-01-23,0.0,0.0
-5.617154,-8.748612,0.72923195,3.4123058,2013-01-24,0.0,0.0
-9.447531,-12.053656,0.6959013,4.5677686,2013-01-25,0.0,0.0
-15.984957,-18.326847,0.7024609,6.976534,2013-01-26,0.0,0.0
-19.58351,-21.519402,0.7003914,5.786418,2013-01-27,0.0,0.0
-15.744553,-18.95827,0.69881564,7.979557,2013-01-28,0.0,0.0
-14.322206,-17.613234,0.70353574,8.460979,2013-01-29,0.0,0.0
-18.14421,-20.68454,0.6977141,7.434723,2013-01-30,0.0,0.0
-15.309845,-18.145546,0.69963324,8.976248,2013-01-31,0.0,0.0
-8.408548,-11.458388,0.6980884,7.967453,2013-02-01,0.0,0.0
-7.600378,-9.928782,0.6959832,5.9769163,2013-02-02,0.0,0.0
-13.155653,-15.124814,0.69801724,8.290969,2013-02-03,0.0,0.0
-14.532693,-15.422942,0.69610286,9.643364,2013-02-04,0.0,0.0
-11.33448,-14.010942,0.69859314,7.5323744,2013-02-05,0.0,0.0
-6.083477,-8.852528,0.66102415,11.480899,2013-02-06,0.0,0.0
-12.673294,-14.613796,0.63388044,13.50592,2013-02-07,0.0,0.0
-19.736023,-21.464075,0.64050245,20.29573,2013-02-08,0.0,0.0
-20.721985,-21.058598,0.6335338,9.723913,2013-02-09,0.0,0.0
-19.4053,-20.779709,0.6334942,14.799942,2013-02-10,0.0,0.0
-18.446136,-20.590994,0.6356529,19.442211,2013-02-11,0.0,0.0
-14.640802,-17.361568,0.63573796,18.959358,2013-02-12,0.0,0.0
-16.22247,-18.034626,0.63340575,19.320856,2013-02-13,0.0,0.0
-15.993341,-18.993761,0.6405965,29.668976,2013-02-14,0.0,0.0
-10.554361,-13.796553,0.6356186,28.33636,2013-02-15,0.0,0.0
-9.8338585,-11.554747,0.6337242,20.362392,2013-02-16,0.0,0.0
-15.762873,-17.56201,0.63884735,33.814526,2013-02-17,0.0,0.0
-16.741169,-19.318443,0.642448,37.553955,2013-02-18,0.0,0.0
-16.619133,-19.345648,0.64235353,40.264843,2013-02-19,0.0,0.0
-15.521154,-18.032928,0.63581526,39.315147,2013-02-20,0.0,0.0
-25.95496,-26.551723,0.636672,44.570797,2013-02-21,0.0,0.0
-31.75961,-32.36602,0.6414418,48.80702,2013-02-22,0.0,0.0
-32.439697,-33.412815,0.64016896,50.98259,2013-02-23,0.0,0.0
-31.583967,-32.927658,0.6421158,53.89826,2013-02-24,0.0,0.0
-27.402164,-29.576797,0.64201915,54.85605,2013-02-25,0.0,0.0
-26.670784,-28.825645,0.63982433,57.421837,2013-02-26,0.0,0.0
-18.977348,-21.794744,0.6377008,42.63622,2013-02-27,0.0,0.0
-12.89339,-16.052364,0.63880765,60.104996,2013-02-28,0.0,0.0
-15.313958,-15.743124,0.6578082,38.120747,2013-03-01,0.0,0.0
-28.151089,-28.036003,0.7517239,66.8044,2013-03-02,0.0,0.0
-29.404827,-30.496464,0.7536637,69.22924,2013-03-03,0.0,0.0
-23.790903,-25.778008,0.7460424,58.321815,2013-03-04,0.0,0.0
-21.890104,-23.683886,0.74063724,61.52543,2013-03-05,0.0,0.0
-14.697336,-15.91579,0.73772335,54.21556,2013-03-06,0.0,0.0
-16.831804,-18.710922,0.7966083,79.753586,2013-03-07,0.0,0.0
-19.376877,-22.042322,0.7968766,85.60789,2013-03-08,0.0,0.0
-10.136072,-13.22019,0.7838744,50.710655,2013-03-09,0.0,0.0
-12.155239,-15.762793,0.78544605,88.04936,2013-03-10,0.0,0.0
-3.1887474,-6.815563,0.76959836,82.547676,2013-03-11,0.0,0.0
-5.53843,-8.246145,0.7127844,75.43346,2013-03-12,0.0,0.0
-10.252123,-11.419615,0.67649806,69.14276,2013-03-13,0.0,0.0
-14.069057,-16.00591,0.6890781,101.74247,2013-03-14,0.0,0.0
-3.5440407,-5.8723135,0.6935912,57.022297,2013-03-15,0.0,0.0
1.0134252,-1.5269156,0.69326466,74.692154,2013-03-16,23369.4,0.6813236151603499
-0.39468905,-3.1017442,0.70135826,103.990005,2013-03-17,171943.2,5.012921282798834
-1.5556815,-4.8625364,0.70229465,111.73957,2013-03-18,151099.2,4.405224489795918
-5.821051,-7.965662,0.6995858,91.98328,2013-03-19,0.0,0.0
-8.4094925,-9.79003,0.69951284,99.95119,2013-03-20,59891.4,1.7461049562682216
-10.383305,-12.609907,0.63913643,126.91793,2013-03-21,28150.2,0.8207055393586006
-10.831082,-12.98694,0.6392729,130.74661,2013-03-22,73065.6,2.130192419825073
-12.069523,-14.056019,0.6382265,133.991,2013-03-23,0.0,0.0
-6.441351,-9.473927,0.6388843,133.87802,2013-03-24,51211.8,1.4930553935860058
-5.8164167,-8.117607,0.6362123,124.15377,2013-03-25,1056.6,0.030804664723032067
-8.373224,-9.700333,0.6887171,138.04208,2013-03-26,0.0,0.0
-10.288208,-11.745859,0.6867753,112.229935,2013-03-27,0.0,0.0
-13.829126,-14.912435,0.6834941,150.86688,2013-03-28,0.0,0.0
-14.903527,-16.349829,0.67946607,159.24072,2013-03-29,0.0,0.0
-9.625329,-12.223139,0.6924465,133.98605,2013-03-30,0.0,0.0
-7.0172987,-9.448172,0.69182646,149.67017,2013-03-31,0.0,0.0
-10.865482,-12.6805525,0.6893811,159.3489,2013-04-01,0.0,0.0
-7.0157185,-9.169246,0.68129903,150.42296,2013-04-02,0.0,0.0
-5.482086,-8.176647,0.6710063,173.42769,2013-04-03,0.0,0.0
-2.2694702,-5.365876,0.65452874,174.0917,2013-04-04,0.0,0.0
-2.1994958,-5.1452146,0.6366409,178.02066,2013-04-05,0.0,0.0
-3.9350262,-6.3604593,0.59382904,156.1326,2013-04-06,0.0,0.0
-3.8147588,-6.2341175,0.5924907,180.9534,2013-04-07,0.0,0.0
-5.170085,-6.998564,0.5937325,187.29205,2013-04-08,0.0,0.0
-10.387602,-10.352504,0.59151566,189.66653,2013-04-09,0.0,0.0
-11.714685,-12.098051,0.5972303,164.74731,2013-04-10,0.0,0.0
-12.98592,-12.411228,0.5944112,187.76453,2013-04-11,0.0,0.0
-13.641284,-14.162648,0.5957794,209.91223,2013-04-12,0.0,0.0
-13.790415,-14.603121,0.5964393,212.36879,2013-04-13,0.0,0.0
-12.707369,-13.6833725,0.59688365,217.24442,2013-04-14,0.0,0.0
-12.174528,-12.56181,0.5951584,197.13019,2013-04-15,0.0,0.0
-13.1245575,-12.245565,0.60406274,201.81676,2013-04-16,0.0,0.0
-12.2792,-12.421758,0.6417656,210.30502,2013-04-17,0.0,0.0
-9.975607,-10.41099,0.6576698,201.28174,2013-04-18,0.0,0.0
-14.752482,-12.783745,0.6642003,169.74887,2013-04-19,0.0,0.0
-16.473316,-14.62307,0.6810175,212.22406,2013-04-20,0.0,0.0
-17.818897,-16.983725,0.685844,169.69681,2013-04-21,0.0,0.0
-18.151909,-16.169643,0.6967492,189.68394,2013-04-22,0.0,0.0
-18.554605,-18.97388,0.70566833,254.45987,2013-04-23,0.0,0.0
-14.599333,-15.929785,0.7092135,251.44814,2013-04-24,0.0,0.0
-6.799452,-8.639438,0.7381185,162.27954,2013-04-25,0.0,0.0
-5.1593304,-5.579128,0.8167082,110.95165,2013-04-26,0.0,0.0
-10.184978,-10.197296,0.8337761,176.72418,2013-04-27,0.0,0.0
-6.096072,-7.7487774,0.82912505,210.81131,2013-04-28,0.0,0.0
-6.0183706,-7.7476726,0.82855475,247.01215,2013-04-29,0.0,0.0
-7.9707193,-9.889256,0.82827246,263.6245,2013-04-30,0.0,0.0
-3.0925946,-5.8226695,0.8294818,145.4979,2013-05-01,0.0,0.0
-2.1936579,-4.04135,0.8267043,59.466637,2013-05-02,0.0,0.0
-11.105028,-10.144842,0.82238746,234.73157,2013-05-03,0.0,0.0
-15.037994,-15.691499,0.81186306,286.37698,2013-05-04,0.0,0.0
-13.370019,-14.641212,0.8169497,262.94324,2013-05-05,0.0,0.0
-9.359123,-10.217919,0.8159791,238.51088,2013-05-06,0.0,0.0
-4.6821933,-5.177902,0.8154294,204.78766,2013-05-07,0.0,0.0
-6.164399,-5.783229,0.81771064,191.53012,2013-05-08,0.0,0.0
-5.48275,-6.957073,0.8154086,214.94006,2013-05-09,46886.4,1.3669504373177843
-6.8446045,-6.5138063,0.8143425,186.19772,2013-05-10,0.0,0.0
-11.758779,-10.94692,0.8116691,272.96884,2013-05-11,0.0,0.0
-14.89456,-16.019817,0.80746615,317.85486,2013-05-12,0.0,0.0
-12.45611,-14.301658,0.8089273,327.25317,2013-05-13,0.0,0.0
-2.7879915,-4.157838,0.8263058,145.52621,2013-05-14,0.0,0.0
-5.770783,-5.3942165,0.8354361,263.64786,2013-05-15,0.0,0.0
-11.957075,-12.273349,0.8241888,264.2206,2013-05-16,0.0,0.0
-11.275623,-10.269817,0.8158817,244.5109,2013-05-17,0.0,0.0
-13.198851,-13.5074415,0.8132714,278.6679,2013-05-18,0.0,0.0
-9.754511,-9.660421,0.8107971,304.2447,2013-05-19,0.0,0.0
-8.495446,-10.242971,0.808634,341.88733,2013-05-20,0.0,0.0
-4.987013,-6.986724,0.80122954,328.41818,2013-05-21,0.0,0.0
-4.49133,-6.531215,0.8078418,339.1486,2013-05-22,0.0,0.0
-3.617819,-5.1381063,0.7872511,339.7268,2013-05-23,0.0,0.0
-5.147337,-6.9546065,0.80505395,348.9763,2013-05-24,0.0,0.0
-6.0176444,-7.5570908,0.80913734,330.57947,2013-05-25,0.0,0.0
-4.916013,-5.433099,0.7934551,295.27612,2013-05-26,0.0,0.0
-5.2412443,-6.5975933,0.8093802,336.13733,2013-05-27,0.0,0.0
-4.808669,-6.594451,0.79770577,353.2525,2013-05-28,0.0,0.0
-2.852461,-4.5526114,0.78825355,348.78528,2013-05-29,0.0,0.0
-4.270574,-5.870346,0.7868514,354.95996,2013-05-30,0.0,0.0
-3.8201013,-5.3832216,0.7851943,358.15393,2013-05-31,0.0,0.0
-2.193895,-4.0669346,0.77834946,346.98465,2013-06-01,0.0,0.0
-2.4507723,-4.1677976,0.7685878,357.85748,2013-06-02,0.0,0.0
-2.3655665,-3.8066788,0.7586941,363.41135,2013-06-03,48718.8,1.4203731778425657
-1.1653668,-3.0829105,0.7288004,353.32874,2013-06-04,72649.8,2.118069970845481
1.7632664,-1.0026157,0.6863198,344.753,2013-06-05,131639.4,3.837883381924198
3.5723855,-0.45591152,0.6393161,359.97745,2013-06-06,264304.8,7.705679300291545
2.6601167,-0.31646758,0.6463939,354.2005,2013-06-07,613101.6,17.87468221574344
3.5209472,-0.17525938,0.6126286,343.07556,2013-06-08,944499.6,27.536431486880467
2.2532928,-0.56896335,0.5719534,354.33542,2013-06-09,772144.2,22.511492711370263
2.9087825,-0.5605631,0.5588415,363.54614,2013-06-10,744476.4,21.70485131195335
4.0675726,-0.21845272,0.5392782,347.84406,2013-06-11,845413.2,24.647615160349854
4.891225,0.0,0.49135733,346.26862,2013-06-12,1173132.0,34.202099125364434
3.5263042,-0.0012994342,0.4487346,322.79816,2013-06-13,1329388.2,38.75767346938775
2.73808,-0.0713057,0.45126092,305.864,2013-06-14,921000.6,26.851329446064142
2.2246397,-0.38790894,0.44368792,348.9651,2013-06-15,675225.0,19.68586005830904
1.932013,-0.8287254,0.44636023,370.06384,2013-06-16,719766.0,20.984431486880467
2.1517255,-0.6444713,0.44793057,368.1192,2013-06-17,794275.2000000001,23.156711370262393
1.8218215,-0.6256575,0.44570512,367.7239,2013-06-18,874339.2,25.4909387755102
1.9211925,-0.6457815,0.44622564,364.66815,2013-06-19,947647.8,27.628215743440233
2.45608,-0.082089104,0.4466715,328.9323,2013-06-20,1019840.4,29.732956268221574
2.5412097,0.0,0.48011672,307.56732,2013-06-21,1050314.4,30.6214110787172
2.7922497,-0.010067091,0.4528159,246.92163,2013-06-22,1152219.6,33.59240816326531
2.6083093,-0.5304543,0.44814646,347.32294,2013-06-23,903564.0,26.342973760932942
3.750714,-0.11842325,0.45105177,328.34137,2013-06-24,935616.6,27.277451895043733
3.7934642,-0.008747525,0.44898808,336.47382,2013-06-25,944454.6,27.535119533527695
2.88811,-0.27400905,0.45225632,298.28595,2013-06-26,880507.8,25.670781341107876
2.0354083,-0.5244204,0.44597834,319.66022,2013-06-27,796699.8,23.22739941690962
0.86863,-0.058768485,0.5083744,173.2016,2013-06-28,812746.8,23.69524198250729
-0.108697146,-0.5452625,0.8014759,304.08002,2013-06-29,450318.6,13.128822157434403
-0.11168605,-1.2528753,0.7406491,363.2644,2013-06-30,381895.2,11.13397084548105
-1.4623028,-3.3941126,0.7095274,370.83795,2013-07-01,369698.4,10.778379008746358
-0.79621756,-2.9658837,0.7152688,374.21304,2013-07-02,398701.8,11.623959183673469
0.4251974,-2.0155673,0.7056918,371.32883,2013-07-03,554898.6,16.177801749271136
0.9710034,-0.89079344,0.668293,314.5368,2013-07-04,661910.4,19.297679300291545
0.9422754,-1.2087461,0.61672246,339.8609,2013-07-05,614300.4,17.909632653061223
1.0771894,-1.3147537,0.5759333,343.19687,2013-07-06,624610.8,18.210227405247814
2.2550712,-0.9977917,0.54787445,364.4018,2013-07-07,687454.2,20.042396501457723
2.5532904,-0.34974277,0.51627207,318.66412,2013-07-08,709223.4,20.677067055393586
2.047901,-0.5759865,0.5178289,218.76749,2013-07-09,668014.2,19.475632653061222
1.3791306,-0.6321042,0.52001977,162.81015,2013-07-10,580996.8,16.93868221574344
2.2927384,-0.0015578697,0.54470533,326.29944,2013-07-11,600836.4,17.517096209912538
3.526381,-0.32311746,0.5552777,240.52545,2013-07-12,865258.2,25.22618658892128
2.6744678,-0.020729594,0.45201585,282.20157,2013-07-13,1023339.6,29.834973760932943
2.106802,-0.6540508,0.4481989,333.51483,2013-07-14,936090.0,27.29125364431487
2.324745,-0.42427722,0.4472938,333.80786,2013-07-15,898527.6,26.196139941690962
2.532106,-0.5379233,0.44769984,321.7173,2013-07-16,907853.4,26.468029154518952
2.162885,-0.5906845,0.45068517,314.77042,2013-07-17,787582.8,22.961597667638486
3.1480985,-0.004257732,0.4516678,244.36485,2013-07-18,861179.4,25.10727113702624
2.7263749,-0.0072639254,0.45166543,305.90265,2013-07-19,786598.2,22.93289212827988
3.304092,-0.31640318,0.44846314,317.84274,2013-07-20,733554.0,21.386413994169096
3.4008236,-0.16282685,0.44843888,320.90955,2013-07-21,879474.6,25.64065889212828
3.925581,-0.066229075,0.44790787,323.31628,2013-07-22,960278.4,27.996454810495624
3.3385344,-0.21243435,0.4510358,312.27344,2013-07-23,1031590.8,30.075533527696795
3.9809322,-0.014711486,0.4524778,274.5111,2013-07-24,1037525.4,30.24855393586006
4.2826777,-0.0011060503,0.45285928,137.04521,2013-07-25,1028383.2,29.982017492711368
3.6617746,0.0,0.45010492,210.39825,2013-07-26,996129.0,29.041661807580176
2.313866,-0.025970776,0.4834785,238.62704,2013-07-27,834467.4,24.328495626822157
2.1480172,-0.6318072,0.50695574,273.1084,2013-07-28,638575.2,18.6173527696793
2.3059828,-0.27059057,0.51879466,230.55623,2013-07-29,579933.0,16.907667638483964
3.7995837,-0.07595931,0.49323362,274.0758,2013-07-30,958291.2,27.938518950437317
5.1259937,0.0,0.4513759,185.62262,2013-07-31,1217457.0,35.49437317784256
4.3383017,0.0,0.45142072,212.28105,2013-08-01,1232096.4,35.92117784256559
2.6276138,-0.23592314,0.44872564,289.8546,2013-08-02,922332.6,26.89016326530612
2.7140632,-0.29062015,0.4493001,288.89688,2013-08-03,767878.2,22.387119533527695
3.127151,-0.08776453,0.45119935,278.911,2013-08-04,793706.4,23.140128279883385
3.2810078,-0.24564573,0.44715172,277.16174,2013-08-05,676380.6,19.71955102040816
2.0021682,-0.112266116,0.44669765,274.84772,2013-08-06,658629.0,19.20201166180758
1.6375417,-1.1302513,0.45006594,283.93436,2013-08-07,367516.8,10.714775510204081
2.3556323,-0.79458934,0.44969922,273.7741,2013-08-08,254215.8,7.411539358600582
3.084464,-0.0076231426,0.451105,216.86826,2013-08-09,461604.6,13.457860058309036
2.8219936,-0.04784245,0.44778872,264.11023,2013-08-10,594327.6,17.32733527696793
2.3850696,-0.6447725,0.45076472,269.46942,2013-08-11,731462.4,21.325434402332363
3.3647714,-0.20895545,0.45125908,263.30438,2013-08-12,903970.7999999999,26.354833819241982
3.1247492,-0.028018529,0.45226532,252.7142,2013-08-13,944008.2,27.52210495626822
1.894654,-0.5216688,0.45541203,191.56686,2013-08-14,645015.6,18.805119533527698
-0.09491658,-1.3040712,0.4982355,229.09888,2013-08-15,265206.6,7.731970845481049
1.11811,-0.74728525,0.48867875,88.64926,2013-08-16,359681.4,10.486338192419826
-0.7948619,-0.5456822,0.80643487,140.02167,2013-08-17,650584.8,18.967486880466474
-1.6192228,-1.7899686,0.84012043,207.16557,2013-08-18,11455.2,0.3339708454810496
-6.6075993,-7.6160636,0.8665358,254.16327,2013-08-19,0.0,0.0
-7.2990694,-9.6868725,0.86631167,254.12546,2013-08-20,0.0,0.0
-4.617565,-7.578722,0.86378956,246.9819,2013-08-21,0.0,0.0
-3.4624305,-6.4099007,0.85672235,243.21234,2013-08-22,0.0,0.0
-3.1160614,-5.881982,0.8347261,237.36433,2013-08-23,0.0,0.0
-0.97924143,-3.7303925,0.8193093,226.5216,2013-08-24,0.0,0.0
0.22489634,-1.2754405,0.75913954,111.836136,2013-08-25,200939.4,5.858291545189505
-1.2864254,-2.1710823,0.72199553,209.01141,2013-08-26,372137.4,10.849486880466472
-1.427002,-2.760293,0.69528246,147.21179,2013-08-27,22624.2,0.6595976676384839
-3.2864196,-3.9159455,0.7699319,134.87651,2013-08-28,0.0,0.0
-5.0376215,-6.0870585,0.83485216,125.1353,2013-08-29,0.0,0.0
-1.7544166,-3.4494846,0.83866036,173.02795,2013-08-30,0.0,0.0
-0.20022574,-2.0319903,0.79004276,206.83788,2013-08-31,0.0,0.0
-2.3886137,-3.3427,0.7620914,94.59012,2013-09-01,143395.2,4.18061807580175
-1.3120933,-1.3367755,0.8397553,92.85387,2013-09-02,8551.8,0.24932361516034982
-4.186268,-5.9138064,0.8594688,175.6958,2013-09-03,0.0,0.0
1.059754,-1.8655941,0.8174832,182.60402,2013-09-04,0.0,0.0
4.175073,-0.08861998,0.67985576,63.28731,2013-09-05,147551.4,4.301790087463557
2.8634233,-0.0071707834,0.5822407,121.662674,2013-09-06,825591.6,24.069725947521867
0.73666584,-0.53948957,0.59102905,138.78174,2013-09-07,662362.2,19.310851311953353
-0.031865,-1.4080845,0.5904775,118.57704,2013-09-08,353752.2,10.313475218658892
-0.5332794,-2.0747068,0.664762,154.50195,2013-09-09,214966.8,6.267253644314868
2.138527,-0.26481354,0.59641963,46.94397,2013-09-10,517852.8,15.097749271137026
-2.01636,-2.5317156,0.710956,62.283478,2013-09-11,462704.39999999997,13.489924198250728
-3.2903924,-3.3813217,0.85535157,104.0547,2013-09-12,10625.4,0.30977842565597663
-4.9876137,-6.0523586,0.85648775,128.08093,2013-09-13,0.0,0.0
-4.8098936,-4.97731,0.8487455,95.004715,2013-09-14,0.0,0.0
-4.920948,-6.441211,0.85582626,120.9604,2013-09-15,0.0,0.0
-0.24714957,-2.6704175,0.80143,96.5307,2013-09-16,0.0,0.0
0.62125164,-1.0278465,0.7641643,128.46082,2013-09-17,0.0,0.0
-2.1166441,-4.8277645,0.79098475,135.94116,2013-09-18,0.0,0.0
-1.9508705,-4.875183,0.7883832,132.64252,2013-09-19,0.0,0.0
-5.9167147,-8.457535,0.79081815,133.06738,2013-09-20,0.0,0.0
-8.603606,-10.892458,0.79476404,131.52493,2013-09-21,0.0,0.0
-4.427038,-7.109,0.7912128,111.7634,2013-09-22,0.0,0.0
0.7753284,-1.3330379,0.7720758,44.00827,2013-09-23,0.0,0.0
0.7495203,-0.19613647,0.7351883,78.3145,2013-09-24,0.0,0.0
-1.0451949,-1.2070396,0.84896135,54.82406,2013-09-25,0.0,0.0
-6.327592,-7.862855,0.8687054,112.77003,2013-09-26,0.0,0.0
-6.88907,-9.117403,0.86639154,94.17041,2013-09-27,0.0,0.0
-11.092529,-13.39139,0.86849886,110.58669,2013-09-28,0.0,0.0
-10.284294,-12.936079,0.86664355,109.12822,2013-09-29,0.0,0.0
-1.9013462,-3.3286152,0.8116879,21.764599,2013-09-30,0.0,0.0
-0.6889627,-0.9284245,0.8300719,41.957542,2013-10-01,0.0,0.0
-3.5828648,-4.3971224,0.8481308,68.661,2013-10-02,0.0,0.0
-7.3871937,-9.915876,0.8561788,90.412506,2013-10-03,0.0,0.0
-10.348953,-12.211065,0.8520118,88.44876,2013-10-04,0.0,0.0
-13.436182,-15.278376,0.8499887,74.914024,2013-10-05,0.0,0.0
-17.1684,-18.820786,0.8523421,83.452286,2013-10-06,0.0,0.0
-17.57709,-19.376814,0.85204077,80.7354,2013-10-07,136056.6,3.96666472303207
-10.344309,-12.520554,0.8465539,45.2125,2013-10-08,68805.0,2.0059766763848397
0.41248512,-0.48249647,0.79515207,8.777415,2013-10-09,22336.2,0.6512011661807581
-4.7672205,-6.7829027,0.811437,58.412758,2013-10-10,121932.0,3.5548688046647228
-10.99539,-12.345921,0.8097393,60.26272,2013-10-11,157176.0,4.582390670553936
-7.5378523,-9.624718,0.81208575,59.347267,2013-10-12,16209.0,0.4725655976676385
-7.457287,-10.364723,0.81738514,64.839935,2013-10-13,0.0,0.0
-3.4519882,-7.051952,0.8157487,56.003235,2013-10-14,0.0,0.0
-0.21027002,-3.6477973,0.81798077,52.202393,2013-10-15,0.0,0.0
-1.556707,-4.4752436,0.8163852,52.114662,2013-10-16,0.0,0.0
-1.8754268,-3.9233825,0.81597835,37.074318,2013-10-17,0.0,0.0
-4.518444,-5.849799,0.849236,43.69226,2013-10-18,0.0,0.0
-7.843686,-10.343165,0.866133,48.16342,2013-10-19,0.0,0.0
-10.700371,-13.038706,0.8647419,46.746162,2013-10-20,0.0,0.0
-9.385594,-12.282991,0.8605896,43.269234,2013-10-21,0.0,0.0
-14.972067,-16.984104,0.861591,42.81873,2013-10-22,0.0,0.0
-16.426794,-18.785837,0.8626586,42.075302,2013-10-23,0.0,0.0
-11.611031,-14.539671,0.86150706,38.860283,2013-10-24,0.0,0.0
-7.357639,-9.784685,0.8541334,23.679688,2013-10-25,0.0,0.0
-4.093074,-4.8153143,0.8476903,19.195454,2013-10-26,0.0,0.0
-7.404957,-8.408346,0.83690035,23.25941,2013-10-27,0.0,0.0
-12.49794,-14.995664,0.8320659,28.018116,2013-10-28,0.0,0.0
-12.054159,-15.239319,0.8327707,26.524921,2013-10-29,0.0,0.0
-8.112247,-11.459032,0.8305253,22.034145,2013-10-30,0.0,0.0
-8.217892,-9.743324,0.830249,15.022373,2013-10-31,0.0,0.0
-9.372622,-10.939758,0.8231487,17.509602,2013-11-01,0.0,0.0
-12.316807,-14.6363125,0.8252477,23.231617,2013-11-02,0.0,0.0
-15.197601,-16.692389,0.8217728,12.945518,2013-11-03,0.0,0.0
-17.76096,-19.060982,0.8211756,17.333975,2013-11-04,0.0,0.0
-20.561176,-22.513422,0.8206859,12.0050535,2013-11-05,0.0,0.0
-22.555954,-24.423523,0.8207793,13.645158,2013-11-06,0.0,0.0
-25.063572,-26.96267,0.8261906,17.144451,2013-11-07,0.0,0.0
-18.752594,-22.034092,0.82197875,12.936401,2013-11-08,0.0,0.0
-14.697117,-17.65252,0.81815886,11.421215,2013-11-09,0.0,0.0
-21.967329,-24.810303,0.8259681,13.559465,2013-11-10,0.0,0.0
-22.485706,-24.746595,0.8221419,11.049791,2013-11-11,0.0,0.0
-15.06335,-16.43009,0.8170606,7.674983,2013-11-12,0.0,0.0
-14.012382,-15.808649,0.8172004,7.003253,2013-11-13,0.0,0.0
-10.620086,-13.189238,0.81706023,9.064394,2013-11-14,0.0,0.0
-12.368093,-13.502958,0.813409,6.5815043,2013-11-15,0.0,0.0
-11.703871,-12.529459,0.8118473,4.8767214,2013-11-16,0.0,0.0
-9.858549,-10.898694,0.8108487,4.1079655,2013-11-17,0.0,0.0
-7.120284,-7.9517584,0.8124379,2.9260964,2013-11-18,0.0,0.0
-5.84603,-6.9703884,0.814489,1.7294993,2013-11-19,0.0,0.0
-4.8350267,-5.417329,0.8244841,2.6364145,2013-11-20,0.0,0.0
-16.04789,-17.702808,0.821574,3.301931,2013-11-21,0.0,0.0
-10.537046,-11.630657,0.81827956,2.5320706,2013-11-22,0.0,0.0
-11.80394,-14.23246,0.8193191,2.5409002,2013-11-23,0.0,0.0
-2.5873117,-5.6140747,0.81766087,2.3287954,2013-11-24,0.0,0.0
-2.9317243,-5.120389,0.82211506,1.3480155,2013-11-25,0.0,0.0
-10.617517,-12.792358,0.8267174,1.741854,2013-11-26,0.0,0.0
-12.911781,-13.994411,0.8197153,1.2809021,2013-11-27,0.0,0.0
-17.174252,-19.377384,0.8206122,1.3942649,2013-11-28,0.0,0.0
-5.3007555,-6.721204,0.82193184,0.5330119,2013-11-29,0.0,0.0
-11.179153,-12.225111,0.8154755,0.76647145,2013-11-30,0.0,0.0
-16.444036,-18.331604,0.8129089,0.6048579,2013-12-01,0.0,0.0
-20.298206,-22.663866,0.81287473,0.5015021,2013-12-02,0.0,0.0
-21.867004,-23.794678,0.8134481,0.34575844,2013-12-03,0.0,0.0
-19.936562,-20.942013,0.8125756,0.20643497,2013-12-04,0.0,0.0
-21.15995,-23.284962,0.81822824,0.20951417,2013-12-05,0.0,0.0
-18.01633,-21.177063,0.8186667,0.03147036,2013-12-06,0.0,0.0
-13.043873,-15.986356,0.812239,0.05588668,2013-12-07,0.0,0.0
-12.879465,-15.59616,0.81226075,0.01648689,2013-12-08,0.0,0.0
-18.351202,-19.57016,0.8120266,0.0,2013-12-09,0.0,0.0
-23.909756,-25.156693,0.81160665,0.0,2013-12-10,0.0,0.0
-21.504316,-24.824419,0.81624496,0.0,2013-12-11,0.0,0.0
-9.819254,-12.963846,0.81576514,0.0,2013-12-12,0.0,0.0
-5.506184,-8.580948,0.8118856,0.0,2013-12-13,0.0,0.0
-11.79583,-14.706701,0.81231964,0.0,2013-12-14,0.0,0.0
-15.782928,-16.468794,0.811481,0.0,2013-12-15,0.0,0.0
-17.052692,-17.531273,0.81086445,0.0,2013-12-16,0.0,0.0
-18.264711,-18.628302,0.81034136,0.0,2013-12-17,0.0,0.0
-19.87004,-20.3087,0.8100007,0.0,2013-12-18,0.0,0.0
-24.966034,-26.363548,0.81045985,0.0,2013-12-19,0.0,0.0
-27.98613,-29.017525,0.8100757,0.0,2013-12-20,0.0,0.0
-26.427458,-28.411285,0.811443,0.0,2013-12-21,0.0,0.0
-23.080362,-24.57417,0.8099487,0.0,2013-12-22,0.0,0.0
-17.075335,-20.48787,0.8099477,0.0,2013-12-23,0.0,0.0
-13.765747,-16.808784,0.8102094,0.0,2013-12-24,0.0,0.0
-18.002117,-20.763058,0.8131635,0.0,2013-12-25,0.0,0.0
-14.33708,-15.565382,0.8099362,0.0,2013-12-26,0.0,0.0
-21.332382,-23.495493,0.81178427,0.0,2013-12-27,0.0,0.0
-17.791656,-20.921898,0.81188834,0.0,2013-12-28,0.0,0.0
-13.94957,-16.96688,0.81198025,0.0,2013-12-29,0.0,0.0
-15.899243,-19.059372,0.8103819,0.0,2013-12-30,0.0,0.0
-11.290298,-14.1392765,0.8099221,0.0,2013-12-31,0.0,0.0
-7.4732533,-10.799858,0.8099203,0.0,2014-01-01,0.0,0.0
-11.805492,-14.957033,0.81329596,0.0,2014-01-02,0.0,0.0
-18.62368,-21.679544,0.8140329,0.0,2014-01-03,0.0,0.0
-23.092323,-25.814655,0.81008,0.0,2014-01-04,0.0,0.0
-22.187477,-25.481827,0.8099872,0.0,2014-01-05,0.0,0.0
-21.625736,-24.208355,0.81089264,0.09510932,2014-01-06,0.0,0.0
-18.004318,-20.926048,0.81506014,0.16804737,2014-01-07,0.0,0.0
-5.682165,-8.04084,0.81006444,0.03251615,2014-01-08,0.0,0.0
-10.778589,-12.838421,0.8115247,0.19656424,2014-01-09,0.0,0.0
-18.847988,-21.535166,0.8186345,0.37245756,2014-01-10,0.0,0.0
-19.837727,-21.569258,0.811641,0.43649486,2014-01-11,0.0,0.0
-20.417686,-23.630314,0.81559324,0.63454264,2014-01-12,0.0,0.0
-11.34906,-14.440304,0.81189203,0.52759266,2014-01-13,0.0,0.0
-7.3582335,-10.440187,0.81150126,0.93212456,2014-01-14,0.0,0.0
-7.454291,-9.547716,0.81127745,1.1106946,2014-01-15,0.0,0.0
-7.2158537,-8.850959,0.81120694,1.2359102,2014-01-16,0.0,0.0
-12.633993,-13.966898,0.81120425,1.4054093,2014-01-17,0.0,0.0
-21.454039,-23.411667,0.8116636,2.2516255,2014-01-18,0.0,0.0
-17.419605,-20.37393,0.8111818,2.3176844,2014-01-19,0.0,0.0
-9.668901,-13.092138,0.8148913,3.2964442,2014-01-20,0.0,0.0
-9.68947,-13.259597,0.81238735,2.9611287,2014-01-21,0.0,0.0
-5.7597322,-8.748281,0.81101847,2.9005244,2014-01-22,0.0,0.0
-13.108718,-16.294828,0.811007,4.156253,2014-01-23,0.0,0.0
-16.513027,-19.307846,0.812152,4.534465,2014-01-24,0.0,0.0
-23.52119,-25.523792,0.8117597,4.789546,2014-01-25,0.0,0.0
-22.143654,-24.411388,0.8109058,5.548642,2014-01-26,0.0,0.0
-13.045143,-16.37899,0.81088257,7.1610794,2014-01-27,0.0,0.0
-7.8643513,-11.35408,0.810688,7.695233,2014-01-28,0.0,0.0
-5.07053,-8.638393,0.8102534,5.291271,2014-01-29,0.0,0.0
-14.568596,-17.238964,0.81182396,7.6700306,2014-01-30,0.0,0.0
-20.92109,-23.576168,0.81274843,10.782583,2014-01-31,0.0,0.0
-15.044594,-18.322908,0.8112669,6.1033964,2014-02-01,0.0,0.0
-7.765188,-11.108849,0.81017435,11.78269,2014-02-02,0.0,0.0
-11.801615,-14.748417,0.810169,10.175727,2014-02-03,0.0,0.0
-18.293655,-20.701912,0.8138888,14.318466,2014-02-04,0.0,0.0
-17.263657,-20.297607,0.8125237,15.0363655,2014-02-05,0.0,0.0
-8.324919,-11.623337,0.81066895,12.1435,2014-02-06,0.0,0.0
-7.220542,-10.071422,0.81144893,11.807057,2014-02-07,0.0,0.0
-9.474192,-12.270001,0.81143486,13.807228,2014-02-08,0.0,0.0
-15.497242,-18.280304,0.8113255,18.13581,2014-02-09,0.0,0.0
-18.027508,-21.098703,0.811373,22.167406,2014-02-10,0.0,0.0
-18.39738,-21.614265,0.811427,20.866352,2014-02-11,0.0,0.0
-27.320248,-29.372698,0.8114345,26.594421,2014-02-12,0.0,0.0
-23.75317,-26.366264,0.81325614,29.040066,2014-02-13,0.0,0.0
-16.478544,-19.830254,0.8115938,26.164091,2014-02-14,0.0,0.0
-16.38351,-17.865032,0.8114165,22.204548,2014-02-15,0.0,0.0
-22.88827,-24.388824,0.8139821,29.05632,2014-02-16,0.0,0.0
-26.452,-28.465527,0.81559664,29.055206,2014-02-17,0.0,0.0
-12.518699,-15.872093,0.8114665,23.601145,2014-02-18,0.0,0.0
-6.049251,-8.755886,0.811333,22.69709,2014-02-19,0.0,0.0
-16.137768,-17.164505,0.8113149,29.099556,2014-02-20,0.0,0.0
-22.427723,-23.663723,0.81126523,30.090176,2014-02-21,0.0,0.0
-27.602047,-28.964802,0.8112518,36.989555,2014-02-22,0.0,0.0
-28.008041,-27.944595,0.81123906,35.186855,2014-02-23,0.0,0.0
-28.810635,-31.111086,0.81601775,51.61187,2014-02-24,0.0,0.0
-21.897766,-24.818792,0.8110838,53.64045,2014-02-25,0.0,0.0
-8.811458,-12.115538,0.81167376,46.148903,2014-02-26,0.0,0.0
-5.865774,-9.1161785,0.8110063,47.19728,2014-02-27,0.0,0.0
-4.539676,-7.437236,0.81111544,32.200535,2014-02-28,0.0,0.0
-8.840101,-12.056032,0.81379914,57.834946,2014-03-01,0.0,0.0
-18.060005,-19.720613,0.81113005,55.850456,2014-03-02,0.0,0.0
-14.074783,-17.126305,0.81113213,63.081314,2014-03-03,0.0,0.0
-11.024889,-13.971645,0.8135486,67.70252,2014-03-04,0.0,0.0
-18.317122,-20.821964,0.8127491,72.625,2014-03-05,0.0,0.0
-17.75518,-20.298904,0.81511736,77.43443,2014-03-06,0.0,0.0
-19.74218,-21.282911,0.81227076,61.48864,2014-03-07,0.0,0.0
-22.348186,-24.558708,0.8151352,84.27662,2014-03-08,0.0,0.0
-22.629263,-24.502563,0.8118367,83.2646,2014-03-09,0.0,0.0
-21.444363,-23.734201,0.81321406,91.65486,2014-03-10,0.0,0.0
-19.32174,-21.579697,0.81406975,74.09595,2014-03-11,0.0,0.0
-18.871786,-20.462288,0.8108829,79.44313,2014-03-12,0.0,0.0
-18.324108,-20.552326,0.810872,100.691605,2014-03-13,0.0,0.0
-13.367409,-16.008595,0.8115884,88.27262,2014-03-14,0.0,0.0
-18.741482,-18.998962,0.8107803,64.24098,2014-03-15,0.0,0.0
-22.162613,-24.442505,0.81411934,111.74814,2014-03-16,0.0,0.0
-22.987082,-25.067833,0.8172413,116.65282,2014-03-17,0.0,0.0
-27.178934,-29.14901,0.81693685,120.54343,2014-03-18,0.0,0.0
-29.320053,-30.411694,0.8133611,121.74538,2014-03-19,0.0,0.0
-28.453037,-30.031807,0.8151303,112.77645,2014-03-20,0.0,0.0
-26.105303,-27.30761,0.8106077,101.78548,2014-03-21,0.0,0.0
-25.38926,-27.372543,0.81294733,134.00201,2014-03-22,0.0,0.0
-28.84591,-30.066732,0.81261766,126.20964,2014-03-23,0.0,0.0
-24.082989,-25.22564,0.81059366,103.5053,2014-03-24,0.0,0.0
-23.781874,-25.556767,0.81219244,146.62451,2014-03-25,0.0,0.0
-25.192696,-26.815308,0.81293786,109.64328,2014-03-26,0.0,0.0
-21.284277,-23.598328,0.81250304,150.25812,2014-03-27,0.0,0.0
-9.320064,-12.413958,0.8110133,115.918976,2014-03-28,0.0,0.0
-4.332686,-7.5214353,0.8108566,141.34764,2014-03-29,0.0,0.0
-3.378656,-5.7512846,0.8103733,126.172066,2014-03-30,0.0,0.0
-9.637695,-11.131122,0.80801225,155.76001,2014-03-31,0.0,0.0
-9.486327,-10.183285,0.8092571,105.816444,2014-04-01,0.0,0.0
-17.39787,-18.44548,0.80960715,162.95877,2014-04-02,0.0,0.0
-19.105778,-21.178282,0.8125949,176.67549,2014-04-03,0.0,0.0
-14.345167,-17.541477,0.81223917,179.12358,2014-04-04,0.0,0.0
-22.260834,-22.978264,0.8090521,174.5484,2014-04-05,0.0,0.0
-26.233067,-27.57439,0.8102212,188.65405,2014-04-06,0.0,0.0
-26.960056,-28.606014,0.8109509,196.11534,2014-04-07,0.0,0.0
-22.666862,-24.745396,0.8111097,195.15796,2014-04-08,0.0,0.0
-14.031385,-16.712105,0.81235886,182.52847,2014-04-09,0.0,0.0
-4.17741,-7.019574,0.8092598,168.12253,2014-04-10,0.0,0.0
-6.7702265,-8.99466,0.81071603,156.84955,2014-04-11,0.0,0.0
-7.9904876,-9.990651,0.81264096,146.21823,2014-04-12,0.0,0.0
-11.805369,-12.237503,0.809732,169.11156,2014-04-13,0.0,0.0
-17.317791,-19.307064,0.81053114,217.44157,2014-04-14,0.0,0.0
-15.070902,-15.040426,0.8091743,159.69524,2014-04-15,0.0,0.0
-16.495848,-18.423761,0.8101986,216.73566,2014-04-16,0.0,0.0
-9.345486,-9.779146,0.81319064,97.89577,2014-04-17,14493.6,0.42255393586005835
-14.968639,-15.140966,0.81071895,180.30911,2014-04-18,0.0,0.0
-17.660206,-18.525452,0.80938315,225.05565,2014-04-19,0.0,0.0
-19.639677,-20.870752,0.80927527,239.38177,2014-04-20,0.0,0.0
-19.69482,-21.481285,0.81107426,249.51755,2014-04-21,0.0,0.0
-4.1715765,-7.285195,0.81059563,192.7828,2014-04-22,0.0,0.0
-5.1043005,-5.6738024,0.81048054,156.94054,2014-04-23,0.0,0.0
-10.863204,-11.281462,0.8100594,244.94662,2014-04-24,0.0,0.0
-12.848518,-14.757463,0.81048506,261.45972,2014-04-25,0.0,0.0
-5.1150703,-7.8271003,0.8117033,209.93648,2014-04-26,0.0,0.0
-1.1847476,-3.0167155,0.8101076,144.6126,2014-04-27,0.0,0.0
-8.19721,-7.9751663,0.83910084,223.81058,2014-04-28,0.0,0.0
-13.910624,-13.716548,0.8247358,241.8641,2014-04-29,0.0,0.0
-7.7193522,-10.680162,0.81718737,272.2667,2014-04-30,0.0,0.0
-4.1905003,-7.387104,0.81937647,277.61813,2014-05-01,0.0,0.0
-6.1323576,-8.557436,0.82279634,278.42963,2014-05-02,12421.8,0.36215160349854225
-1.7270346,-4.3960505,0.7967781,275.7635,2014-05-03,136263.6,3.972699708454811
-7.8167434,-8.848093,0.80802846,274.58337,2014-05-04,0.0,0.0
-13.338524,-14.757082,0.8060007,302.2249,2014-05-05,0.0,0.0
-14.873669,-16.120651,0.8062867,301.59918,2014-05-06,0.0,0.0
-11.371408,-13.064983,0.80410266,299.58624,2014-05-07,0.0,0.0
-5.999154,-8.659197,0.79313755,285.30563,2014-05-08,0.0,0.0
-1.3972311,-3.9781704,0.7968714,291.91907,2014-05-09,0.0,0.0
-4.9327273,-6.724171,0.8031722,302.7082,2014-05-10,0.0,0.0
-5.6020994,-7.3097982,0.80345774,305.41992,2014-05-11,0.0,0.0
-7.52388,-8.615955,0.801583,309.99066,2014-05-12,0.0,0.0
-8.147552,-9.94874,0.8031373,323.38525,2014-05-13,0.0,0.0
-5.621826,-8.002786,0.8085561,276.15222,2014-05-14,0.0,0.0
-1.3759921,-2.9742951,0.7933235,204.3309,2014-05-15,0.0,0.0
-2.713345,-2.808419,0.79126143,234.94925,2014-05-16,66742.2,1.9458367346938774
-3.2028975,-3.7431874,0.8261571,255.60223,2014-05-17,236638.80000000002,6.899090379008747
-1.9796871,-3.852015,0.78704965,223.20477,2014-05-18,324057.6,9.447743440233236
0.8892033,-0.49754736,0.747003,285.79358,2014-05-19,85743.0,2.499795918367347
0.1141901,-2.5333629,0.75178146,256.54776,2014-05-20,0.0,0.0
-0.13182089,-0.7260962,0.82066375,266.65247,2014-05-21,0.0,0.0
-3.050716,-5.243083,0.8209446,344.68286,2014-05-22,0.0,0.0
-3.3657835,-3.761175,0.83490753,221.69458,2014-05-23,0.0,0.0
-5.152011,-4.782075,0.8478324,303.16327,2014-05-24,0.0,0.0
-5.7767353,-5.961502,0.8419801,291.88028,2014-05-25,0.0,0.0
-6.61602,-8.084074,0.83439744,349.38776,2014-05-26,0.0,0.0
-6.8387685,-8.45347,0.83352864,353.67038,2014-05-27,0.0,0.0
-4.456253,-6.6107025,0.83610517,326.41998,2014-05-28,0.0,0.0
-1.7318032,-3.9845614,0.8302095,347.182,2014-05-29,0.0,0.0
-3.0786297,-5.506887,0.82772505,359.89938,2014-05-30,0.0,0.0
-3.8057685,-6.135943,0.8246036,365.3343,2014-05-31,0.0,0.0
-2.1977434,-4.53761,0.78976727,363.75763,2014-06-01,0.0,0.0
0.59661615,-2.0353537,0.7437975,362.74634,2014-06-02,131495.4,3.8336851311953355
2.10782,-0.46308243,0.6408113,330.34763,2014-06-03,427753.8,12.470956268221574
1.5430489,-0.53713036,0.65113664,345.8802,2014-06-04,615580.2,17.946944606413993
2.9089544,-0.1376167,0.62918687,198.90005,2014-06-05,658472.4,19.197446064139942
1.5440845,-0.033533096,0.58425486,170.91806,2014-06-06,1020812.4,29.761294460641402
0.58356786,-0.561566,0.5945418,332.6669,2014-06-07,691273.8,20.15375510204082
-0.4642763,-1.7618995,0.59387195,365.22482,2014-06-08,854836.2,24.922338192419826
2.2501426,-1.153698,0.5936701,353.00446,2014-06-09,815589.0,23.778104956268223
3.802668,-0.10984591,0.57109463,364.01636,2014-06-10,950000.4,27.696804664723032
2.3742592,-0.73268706,0.575986,367.3477,2014-06-11,1004491.8,29.285475218658895
3.1840088,-0.2694339,0.57463795,365.07968,2014-06-12,1025506.8,29.898157434402336
3.0113735,-0.52475905,0.57789034,366.10083,2014-06-13,1085441.4,31.64552186588921
3.7624204,-0.36061507,0.5787067,370.2141,2014-06-14,1167501.6,34.03794752186589
4.8061786,-0.018744998,0.5338462,370.02692,2014-06-15,1269936.0,37.02437317784257
4.269213,-0.0037136078,0.5075348,359.21136,2014-06-16,1389056.4,40.49727113702624
2.4679193,-0.0082411235,0.46639162,196.17615,2014-06-17,1214917.2,35.42032653061224
2.8698087,-0.17346923,0.47959584,331.13705,2014-06-18,1092011.4,31.837067055393582
2.6941133,-0.01070955,0.44969234,294.2448,2014-06-19,1069227.0,31.17279883381924
2.0662608,-0.5850098,0.44905445,363.8247,2014-06-20,1057563.0,30.83274052478134
2.6806157,-0.45807812,0.4518636,340.44922,2014-06-21,1061755.2,30.954962099125364
3.7885222,0.0,0.44462895,365.13776,2014-06-22,1174982.4,34.25604664723031
4.1906023,-0.05779934,0.4476554,360.58325,2014-06-23,1182963.6,34.488734693877554
4.437281,0.0,0.45127177,302.66623,2014-06-24,1226907.0,35.769883381924195
3.1942194,-0.010905266,0.45155197,284.53253,2014-06-25,1279531.8,37.304134110787174
1.308286,-0.6386316,0.45256144,304.31,2014-06-26,910434.6,26.54328279883382
1.4913535,-0.6457105,0.44652164,342.42444,2014-06-27,703285.2,20.503941690962098
1.8772519,-0.034127764,0.45128596,164.05496,2014-06-28,872132.4,25.42660058309038
0.85676324,-0.51750046,0.45194536,261.921,2014-06-29,684082.8,19.944104956268223
1.1317211,-0.90622914,0.4490261,346.56567,2014-06-30,588909.6,17.16937609329446
1.0709459,-0.24688509,0.45211563,314.18817,2014-07-01,541164.6,15.77739358600583
1.3069261,-0.95637906,0.44518882,359.41486,2014-07-02,664873.2,19.384058309037897
2.0796456,-0.7966919,0.447064,365.01276,2014-07-03,806598.0,23.515976676384838
3.7948074,-0.10749001,0.45233685,335.55658,2014-07-04,973078.2,28.369626822157436
3.3876789,0.0,0.4486869,298.25375,2014-07-05,1098628.2,32.02997667638484
2.5311599,-0.035233814,0.45082283,294.0827,2014-07-06,1042111.8,30.382268221574346
2.697443,-0.70166916,0.45145136,331.79028,2014-07-07,872029.8,25.423609329446062
4.415347,0.0,0.44758224,294.245,2014-07-08,1213131.6,35.36826822157435
2.7737038,0.0,0.45137686,141.46074,2014-07-09,1079107.2,31.46085131195335
2.8024359,-0.104399785,0.44578442,322.23834,2014-07-10,904899.6,26.381912536443146
2.5406332,-0.5567168,0.44713038,345.52222,2014-07-11,972239.4,28.34517201166181
3.2762487,-0.010851436,0.4462129,325.8161,2014-07-12,1054938.6,30.756227405247817
2.519725,-0.39334857,0.45340377,308.72186,2014-07-13,985721.4,28.738233236151604
2.537753,-0.13289611,0.45025432,246.59123,2014-07-14,908550.0,26.48833819241983
1.7296276,-0.7901808,0.4488449,333.5578,2014-07-15,798337.8,23.275154518950437
1.9722235,-0.79188144,0.447854,324.28262,2014-07-16,733251.6,21.377597667638483
2.6478324,-0.17756706,0.4513765,218.34012,2014-07-17,918725.4,26.784997084548106
2.7019138,-0.013593038,0.48059735,271.5148,2014-07-18,1030611.6,30.046985422740526
2.3035514,-0.56339145,0.5180786,334.17105,2014-07-19,1023777.0,29.847725947521866
3.8110507,-0.16734897,0.5236573,304.0772,2014-07-20,1131474.6,32.98759766763849
4.4418106,0.0,0.45167294,272.01227,2014-07-21,1201977.0,35.0430612244898
4.6467085,0.0,0.44745135,317.39502,2014-07-22,1189688.4,34.68479300291545
4.301652,0.0,0.4482442,274.7603,2014-07-23,1209713.4,35.26861224489795
3.2149882,-0.00096056197,0.44751847,291.87457,2014-07-24,1031724.0,30.079416909620992
3.1570914,-0.15589407,0.4480518,276.89844,2014-07-25,996372.0,29.048746355685132
3.089419,-0.0062095854,0.44641125,309.8932,2014-07-26,994933.8,29.00681632653061
2.9778845,-0.3453673,0.45027852,306.13605,2014-07-27,937143.0,27.32195335276968
3.1296234,-0.050434537,0.45237267,289.0459,2014-07-28,1013943.6,29.561037900874634
3.4249573,-0.0046520233,0.4506152,268.2649,2014-07-29,989627.4,28.852110787172013
3.032744,-0.009021653,0.4460922,296.3258,2014-07-30,1062448.2,30.975166180758016
3.1761553,-0.23796144,0.44965887,236.40215,2014-07-31,931764.6,27.16514868804665
2.3224742,-0.0377312,0.46626732,212.60088,2014-08-01,800193.6,23.329259475218656
2.3071146,-0.79937637,0.50304604,298.72394,2014-08-02,676000.8,19.70847813411079
2.669848,-0.14125527,0.46283007,281.8813,2014-08-03,818407.8,23.860285714285716
2.091051,-0.9314116,0.44967943,293.74817,2014-08-04,723247.2,21.085924198250726
2.5378861,-0.7049478,0.44981903,293.715,2014-08-05,669742.2,19.52601166180758
2.2377295,-0.6851226,0.4499549,284.9043,2014-08-06,700896.6,20.434303206997082
1.9427,-0.8705423,0.45372194,267.60284,2014-08-07,664974.0,19.386997084548103
2.6370132,-0.560388,0.44890082,272.95157,2014-08-08,820045.8,23.908040816326533
3.0068836,0.0,0.45069426,131.83311,2014-08-09,1120244.4,32.66018658892128
2.6706495,-0.0049863392,0.45103347,173.77661,2014-08-10,1451817.0,42.32702623906705
2.7303195,-0.020775735,0.4477719,250.88611,2014-08-11,1139194.8,33.21267638483965
4.4054823,-0.0019540787,0.45174313,221.40555,2014-08-12,1052794.8,30.69372594752187
2.6322808,-0.021647135,0.4547646,175.0777,2014-08-13,1085396.4,31.644209912536443
1.9607527,-0.20166779,0.4530616,96.451706,2014-08-14,650586.6,18.967539358600582
2.5796914,0.0,0.48163345,194.70166,2014-08-15,798098.4,23.268174927113705
4.3389053,0.0,0.4541009,191.92007,2014-08-16,1024056.0,29.85586005830904
5.1274786,0.0,0.4507169,239.02086,2014-08-17,1392874.2,40.60857725947522
4.33457,-0.016784562,0.45515972,225.62756,2014-08-18,1198558.8,34.94340524781341
4.663947,0.0,0.45257893,216.86926,2014-08-19,1040281.2,30.32889795918367
4.3619676,0.0,0.4527369,99.85005,2014-08-20,1148340.6,33.479317784256565
2.764451,0.0,0.45140883,81.223236,2014-08-21,1131305.4,32.982664723032066
2.1706817,-0.4176392,0.4523589,102.964554,2014-08-22,474485.39999999997,13.83339358600583
2.3870637,0.0,0.45137513,63.21679,2014-08-23,1146274.2,33.41907288629738
-0.1794869,-0.23777167,0.5484011,135.07071,2014-08-24,606178.8,17.672851311953355
-2.3929067,-3.4212077,0.7281636,225.47766,2014-08-25,40636.8,1.1847463556851312
-2.5789387,-4.6106257,0.7133835,211.1654,2014-08-26,0.0,0.0
0.6241296,-1.459187,0.6547724,169.38107,2014-08-27,0.0,0.0
-0.80591244,-2.569801,0.59698343,182.20651,2014-08-28,0.0,0.0
3.103189,-0.8880994,0.5531048,181.7193,2014-08-29,0.0,0.0
4.3004866,-0.034224086,0.52282596,184.75975,2014-08-30,739434.6,21.557860058309036
1.7649522,-0.9938223,0.46236306,187.76923,2014-08-31,551372.4,16.074997084548105
0.2324144,-2.222546,0.45359963,178.61777,2014-09-01,315027.0,9.184460641399417
-0.2276605,-2.0832353,0.45034695,183.30652,2014-09-02,278688.6,8.125032069970844
1.1734573,-1.072822,0.45009756,183.32475,2014-09-03,270685.8,7.891714285714285
2.3325896,-1.016855,0.4528395,74.697266,2014-09-04,316407.6,9.22471137026239
3.0371113,0.0,0.4513741,103.79274,2014-09-05,836438.4,24.38595918367347
1.6040275,-0.14955404,0.46894762,79.12117,2014-09-06,730346.4,21.292897959183676
0.54583436,-1.8867731,0.4993082,141.0935,2014-09-07,381942.0,11.135335276967929
1.4291013,-1.2786076,0.5160197,157.08522,2014-09-08,274896.0,8.014460641399417
-0.2815896,-0.59934807,0.6160017,95.57193,2014-09-09,149457.6,4.3573644314868805
-1.0655429,-2.2433193,0.7441248,100.183395,2014-09-10,8937.0,0.2605539358600583
-2.4725296,-3.4435391,0.70994055,117.29932,2014-09-11,0.0,0.0
-1.9053035,-2.4198732,0.845539,83.73625,2014-09-12,0.0,0.0
-4.1772895,-4.823615,0.8482734,73.98349,2014-09-13,0.0,0.0
-5.710981,-6.7886014,0.8411058,152.97757,2014-09-14,0.0,0.0
-3.0919466,-3.5150604,0.8450653,91.6691,2014-09-15,0.0,0.0
-1.997097,-4.007544,0.8452228,110.51966,2014-09-16,0.0,0.0
-1.3862548,-4.3591185,0.8434437,129.37848,2014-09-17,0.0,0.0
-1.3612685,-3.9998574,0.8437064,123.370834,2014-09-18,0.0,0.0
-1.6621737,-4.0476437,0.8406036,128.44597,2014-09-19,0.0,0.0
-0.64782494,-3.2071557,0.8328196,107.68642,2014-09-20,0.0,0.0
2.1262665,-1.2430513,0.78721243,56.616066,2014-09-21,0.0,0.0
-3.173974,-3.9466653,0.85379815,108.884995,2014-09-22,0.0,0.0
-3.5302804,-5.8916135,0.8279383,82.73198,2014-09-23,0.0,0.0
-1.256386,-1.2227104,0.84842265,60.98073,2014-09-24,0.0,0.0
-4.4157567,-4.3135977,0.84700346,74.543564,2014-09-25,0.0,0.0
-6.965836,-8.35796,0.8357158,104.75016,2014-09-26,0.0,0.0
-12.903696,-14.823184,0.8342186,110.89456,2014-09-27,0.0,0.0
-8.619659,-11.043857,0.8314742,88.02632,2014-09-28,0.0,0.0
-4.8401937,-7.63573,0.8309251,77.78111,2014-09-29,0.0,0.0
-9.136213,-10.921999,0.8313854,70.104065,2014-09-30,0.0,0.0
-9.611657,-10.8889,0.82801145,68.06903,2014-10-01,0.0,0.0
-7.074087,-7.559284,0.82435286,56.82129,2014-10-02,0.0,0.0
-11.307059,-12.756712,0.8268048,79.39168,2014-10-03,0.0,0.0
-14.478035,-15.345402,0.8238175,54.701168,2014-10-04,0.0,0.0
-10.00473,-11.20607,0.8156632,76.56593,2014-10-05,0.0,0.0
-9.706959,-12.571305,0.8186526,82.293785,2014-10-06,0.0,0.0
-6.4525614,-10.044022,0.82052875,82.74487,2014-10-07,0.0,0.0
-2.434773,-4.559686,0.81454766,45.522476,2014-10-08,0.0,0.0
0.67154896,-0.83448076,0.7939864,36.40467,2014-10-09,0.0,0.0
1.1150676,-1.3831351,0.77872384,58.34186,2014-10-10,0.0,0.0
1.1647409,-1.491329,0.79209405,43.61687,2014-10-11,0.0,0.0
-1.8219143,-3.9502068,0.80203545,52.736412,2014-10-12,0.0,0.0
-7.3731203,-10.0078335,0.80767995,63.912437,2014-10-13,0.0,0.0
-6.738964,-8.915828,0.8010292,42.029137,2014-10-14,0.0,0.0
-3.3495636,-5.1676025,0.80033165,35.153458,2014-10-15,0.0,0.0
-2.6354346,-3.3055634,0.8108196,31.203457,2014-10-16,0.0,0.0
-6.173561,-7.304927,0.81204987,33.809303,2014-10-17,0.0,0.0
-11.173092,-12.943666,0.81191385,40.24671,2014-10-18,0.0,0.0
-15.776318,-17.611593,0.8143033,48.211727,2014-10-19,0.0,0.0
-14.417871,-16.529045,0.8137553,42.505737,2014-10-20,0.0,0.0
-11.056297,-13.906379,0.81426907,38.469757,2014-10-21,0.0,0.0
-14.333799,-16.617775,0.8119869,42.496727,2014-10-22,0.0,0.0
-11.771519,-12.99994,0.8100463,24.998352,2014-10-23,0.0,0.0
-12.048489,-13.060961,0.80945873,26.26146,2014-10-24,0.0,0.0
-16.071093,-17.218916,0.8091655,25.911438,2014-10-25,0.0,0.0
-21.81438,-23.395977,0.81184673,28.292294,2014-10-26,0.0,0.0
-22.647715,-24.151234,0.81374943,33.43599,2014-10-27,0.0,0.0
-17.350348,-20.27222,0.81859934,32.113274,2014-10-28,0.0,0.0
-12.741364,-15.49742,0.8136239,25.346897,2014-10-29,0.0,0.0
-9.111209,-11.915944,0.80945647,23.874428,2014-10-30,0.0,0.0
-11.845442,-14.901312,0.8126496,26.022602,2014-10-31,0.0,0.0
-10.861221,-14.383377,0.8143526,25.13733,2014-11-01,0.0,0.0
-12.982372,-16.019697,0.8110934,20.180565,2014-11-02,0.0,0.0
-13.220661,-16.116953,0.8113501,17.18195,2014-11-03,0.0,0.0
-17.316786,-20.055593,0.8125684,19.657318,2014-11-04,0.0,0.0
-20.49656,-22.642227,0.81477743,18.513002,2014-11-05,0.0,0.0
-9.4928,-12.067022,0.80921245,11.250935,2014-11-06,0.0,0.0
-6.564688,-8.115562,0.8092208,6.819626,2014-11-07,0.0,0.0
-6.8586216,-8.878115,0.8099072,10.258791,2014-11-08,0.0,0.0
-10.09271,-13.368761,0.81843334,13.885181,2014-11-09,0.0,0.0
-16.68294,-19.331469,0.8148391,13.058768,2014-11-10,0.0,0.0
-16.703535,-19.497692,0.8111382,9.4834175,2014-11-11,0.0,0.0
-6.9934216,-9.647253,0.8097112,8.119061,2014-11-12,0.0,0.0
-9.932783,-13.305759,0.814751,9.989601,2014-11-13,0.0,0.0
-4.092704,-7.293358,0.81132865,5.522929,2014-11-14,0.0,0.0
-4.001418,-6.337508,0.8099693,5.6458006,2014-11-15,0.0,0.0
-2.9444048,-6.328685,0.8096905,3.9310699,2014-11-16,0.0,0.0
-3.8646035,-6.9793715,0.8133069,6.3945756,2014-11-17,0.0,0.0
-10.895514,-12.791061,0.8136075,5.5588884,2014-11-18,0.0,0.0
-11.250191,-14.175139,0.8146703,4.1136084,2014-11-19,0.0,0.0
-5.6664896,-8.456648,0.8107389,2.3188949,2014-11-20,0.0,0.0
-7.8468475,-9.912394,0.8119971,1.8502175,2014-11-21,0.0,0.0
-12.261602,-14.885614,0.813107,3.5877738,2014-11-22,0.0,0.0
-4.114732,-7.0912914,0.81054306,1.8873764,2014-11-23,0.0,0.0
-8.955618,-11.341084,0.8118409,2.396729,2014-11-24,0.0,0.0
-13.888355,-15.407066,0.811705,1.8484422,2014-11-25,0.0,0.0
-20.772823,-23.22261,0.81384444,1.857631,2014-11-26,0.0,0.0
-19.33601,-21.515759,0.8151829,1.4517176,2014-11-27,0.0,0.0
-23.533428,-25.947235,0.81881523,1.4611142,2014-11-28,0.0,0.0
-23.33879,-25.148499,0.81239384,0.9575231,2014-11-29,0.0,0.0
-25.118385,-26.710495,0.8107629,0.8281706,2014-11-30,0.0,0.0
-24.66806,-26.817554,0.8155744,0.7101869,2014-12-01,0.0,0.0
-18.627018,-20.299295,0.8100164,0.47862932,2014-12-02,0.0,0.0
-21.568203,-23.905132,0.80998135,0.35492313,2014-12-03,0.0,0.0
-21.332037,-23.914219,0.8122487,0.23762825,2014-12-04,0.0,0.0
-8.172691,-10.643774,0.80973434,0.12272264,2014-12-05,0.0,0.0
-12.161215,-13.429075,0.8097499,0.06079758,2014-12-06,0.0,0.0
-16.197956,-17.876766,0.80951136,0.06074459,2014-12-07,0.0,0.0
-16.7803,-19.471508,0.8094833,0.0,2014-12-08,0.0,0.0
-20.420696,-21.958742,0.80951536,0.0,2014-12-09,0.0,0.0
-23.616333,-25.35446,0.80989164,0.0,2014-12-10,0.0,0.0
-17.482681,-18.734537,0.8095685,0.0,2014-12-11,0.0,0.0
-11.327169,-11.931865,0.80950296,0.0,2014-12-12,0.0,0.0
-18.862415,-19.739517,0.8099735,0.0,2014-12-13,0.0,0.0
-18.4561,-20.175201,0.8099182,0.0,2014-12-14,0.0,0.0
-10.113281,-10.89222,0.80966717,0.0,2014-12-15,0.0,0.0
-17.56533,-18.088516,0.80974203,0.0,2014-12-16,0.0,0.0
-23.71428,-25.118973,0.80975187,0.0,2014-12-17,0.0,0.0
-26.595978,-28.749321,0.8159603,0.0,2014-12-18,0.0,0.0
-23.371044,-25.685324,0.81155515,0.0,2014-12-19,0.0,0.0
-19.031376,-20.78632,0.80975807,0.0,2014-12-20,0.0,0.0
-22.259228,-23.7564,0.8105116,0.0,2014-12-21,0.0,0.0
-25.554977,-27.69748,0.8153517,0.0,2014-12-22,0.0,0.0
-16.727211,-18.51122,0.809759,0.0,2014-12-23,0.0,0.0
-10.258792,-10.880861,0.8097706,0.0,2014-12-24,0.0,0.0
-15.743356,-17.089928,0.811512,0.0,2014-12-25,0.0,0.0
-15.94361,-18.874245,0.81586665,0.0,2014-12-26,0.0,0.0
-3.0507512,-4.2512164,0.82067513,0.0,2014-12-27,0.0,0.0
-5.2514834,-7.8811727,0.82348144,0.0,2014-12-28,0.0,0.0
-11.907085,-14.192514,0.8228279,0.0,2014-12-29,0.0,0.0
-13.292572,-15.451115,0.8242241,0.0,2014-12-30,0.0,0.0
-11.3568535,-14.84745,0.81952447,0.0,2014-12-31,0.0,0.0
-12.445814,-15.087736,0.8121669,0.0,2015-01-01,0.0,0.0
-18.514887,-19.851788,0.8134046,0.0,2015-01-02,0.0,0.0
-20.622513,-23.06449,0.81497234,0.0,2015-01-03,0.0,0.0
-19.735592,-22.673077,0.8194734,0.008371896,2015-01-04,0.0,0.0
-25.208153,-28.098564,0.8215637,0.05185076,2015-01-05,0.0,0.0
-30.98386,-33.250195,0.81973755,0.10049937,2015-01-06,0.0,0.0
-30.056633,-32.29839,0.8169569,0.15591224,2015-01-07,0.0,0.0
-27.232542,-29.813534,0.8157964,0.2278893,2015-01-08,0.0,0.0
-28.841398,-31.308796,0.8134934,0.28615344,2015-01-09,0.0,0.0
-25.001457,-26.843857,0.8141962,0.3603313,2015-01-10,0.0,0.0
-30.745895,-33.5158,0.81954175,0.49492404,2015-01-11,0.0,0.0
-28.823359,-31.362694,0.8134655,0.57639873,2015-01-12,0.0,0.0
-22.414566,-25.663296,0.8134495,0.733904,2015-01-13,0.0,0.0
-19.905262,-22.804842,0.8134669,0.96903527,2015-01-14,0.0,0.0
-21.629015,-24.022041,0.8137085,1.127204,2015-01-15,0.0,0.0
-19.006203,-21.088493,0.8141428,1.6365689,2015-01-16,0.0,0.0
-12.102149,-14.583315,0.8134036,1.5097938,2015-01-17,0.0,0.0
-7.297077,-9.3095,0.81277883,1.5397451,2015-01-18,0.0,0.0
-18.250277,-19.329308,0.8113351,2.0417778,2015-01-19,0.0,0.0
-23.76217,-25.85859,0.815388,3.3390102,2015-01-20,0.0,0.0
-23.229107,-24.421783,0.81236976,2.388136,2015-01-21,0.0,0.0
-26.23206,-26.763855,0.81098497,3.1982555,2015-01-22,0.0,0.0
-26.396141,-28.260895,0.81212294,3.7259712,2015-01-23,0.0,0.0
-29.516945,-32.257023,0.81921303,5.9718075,2015-01-24,0.0,0.0
-28.464584,-31.138828,0.8170423,4.930333,2015-01-25,0.0,0.0
-23.746819,-25.684639,0.8134048,4.787995,2015-01-26,0.0,0.0
-24.8451,-24.84935,0.81054264,4.4588985,2015-01-27,0.0,0.0
-27.1363,-29.253368,0.8143008,8.429264,2015-01-28,0.0,0.0
-19.309786,-21.989733,0.8124606,6.658266,2015-01-29,0.0,0.0
-13.159546,-14.841551,0.8104613,6.556452,2015-01-30,0.0,0.0
-14.586775,-15.816509,0.81071514,6.8187356,2015-01-31,0.0,0.0
-23.059124,-26.04647,0.81500757,11.409499,2015-02-01,0.0,0.0
-2.6897788,-4.506359,0.78411025,3.6055775,2015-02-02,0.0,0.0
-6.701186,-7.680806,0.79880357,10.348596,2015-02-03,0.0,0.0
-17.430712,-18.346731,0.8247421,8.379789,2015-02-04,0.0,0.0
-18.610771,-20.200397,0.81234396,13.044402,2015-02-05,0.0,0.0
-20.436827,-22.318142,0.816387,17.56939,2015-02-06,0.0,0.0
-12.940371,-15.011268,0.8140434,12.892675,2015-02-07,0.0,0.0
-24.036964,-25.671286,0.8158063,14.05485,2015-02-08,0.0,0.0
-27.030598,-27.067463,0.81099427,14.048023,2015-02-09,0.0,0.0
-22.506645,-23.484951,0.8106469,14.749567,2015-02-10,0.0,0.0
-22.033783,-24.09562,0.81063104,18.362682,2015-02-11,0.0,0.0
-23.867813,-26.271072,0.81063926,20.826412,2015-02-12,0.0,0.0
-24.933064,-26.397602,0.81177336,22.68012,2015-02-13,0.0,0.0
-36.307934,-38.006035,0.8193418,32.890312,2015-02-14,0.0,0.0
-36.73232,-38.954605,0.81884205,34.89003,2015-02-15,0.0,0.0
-34.012466,-36.063744,0.816579,36.024555,2015-02-16,0.0,0.0
-28.531118,-31.12851,0.81530523,30.1129,2015-02-17,0.0,0.0
-26.091766,-28.625841,0.81029296,27.421585,2015-02-18,0.0,0.0
-22.399134,-24.424175,0.8102856,26.888504,2015-02-19,0.0,0.0
-21.648447,-22.926083,0.8109029,28.902122,2015-02-20,0.0,0.0
-27.03297,-29.66563,0.81537175,44.013298,2015-02-21,0.0,0.0
-30.66724,-33.463585,0.81574655,49.212566,2015-02-22,0.0,0.0
-25.537752,-26.87284,0.81097317,32.447983,2015-02-23,0.0,0.0
-26.726292,-29.28619,0.8150752,53.681244,2015-02-24,0.0,0.0
-23.255482,-26.640902,0.81796366,56.315857,2015-02-25,0.0,0.0
-24.764557,-27.247047,0.81528485,56.704617,2015-02-26,0.0,0.0
-21.421127,-24.31491,0.81046355,43.93734,2015-02-27,0.0,0.0
-19.63728,-22.562294,0.8102251,54.020924,2015-02-28,0.0,0.0
-21.147295,-24.006891,0.81022406,58.25167,2015-03-01,0.0,0.0
-24.84019,-27.378342,0.8112184,65.04793,2015-03-02,0.0,0.0
-27.289314,-29.49218,0.8122691,67.26345,2015-03-03,0.0,0.0
-16.433933,-20.149921,0.8117419,52.709785,2015-03-04,0.0,0.0
-20.004421,-21.28638,0.81062484,57.321995,2015-03-05,0.0,0.0
-29.312288,-31.513752,0.8101202,70.44849,2015-03-06,0.0,0.0
-29.224527,-30.26294,0.81012356,57.025574,2015-03-07,0.0,0.0
-24.944794,-26.364628,0.81012,61.14286,2015-03-08,0.0,0.0
-24.587746,-24.790771,0.81003344,57.882607,2015-03-09,0.0,0.0
-26.34739,-28.058323,0.81173533,84.55495,2015-03-10,0.0,0.0
-29.367014,-31.21237,0.8100612,87.72925,2015-03-11,0.0,0.0
-25.321377,-27.153696,0.8100649,76.98686,2015-03-12,0.0,0.0
-12.247499,-15.965335,0.8126478,67.005806,2015-03-13,0.0,0.0
-11.157236,-14.212048,0.81035846,96.029175,2015-03-14,0.0,0.0
-19.811844,-20.687954,0.8111036,87.123245,2015-03-15,0.0,0.0
-20.620003,-23.086735,0.8166263,110.72693,2015-03-16,0.0,0.0
-15.366972,-18.271042,0.81649345,115.26309,2015-03-17,0.0,0.0
-9.880262,-12.586193,0.814551,96.57617,2015-03-18,0.0,0.0
-5.6982,-8.78852,0.81154054,109.772934,2015-03-19,0.0,0.0
-5.1471496,-7.957982,0.81249475,85.298065,2015-03-20,0.0,0.0
-7.384555,-7.833065,0.8145983,65.81268,2015-03-21,0.0,0.0
-12.160488,-12.835638,0.8144603,77.722336,2015-03-22,0.0,0.0
-9.583216,-12.098338,0.8180664,116.68085,2015-03-23,0.0,0.0
-6.1922884,-8.340811,0.81283253,81.33447,2015-03-24,0.0,0.0
-15.670343,-17.050327,0.8105996,134.45837,2015-03-25,0.0,0.0
-21.496681,-23.331028,0.81058,147.57349,2015-03-26,0.0,0.0
-21.93201,-23.632717,0.8107292,134.82721,2015-03-27,0.0,0.0
-20.21182,-21.343943,0.8107178,122.31181,2015-03-28,0.0,0.0
-22.795544,-24.48249,0.812134,160.88312,2015-03-29,0.0,0.0
-24.220213,-26.204487,0.8146742,162.40958,2015-03-30,0.0,0.0
-23.025555,-24.942614,0.8128786,170.59764,2015-03-31,0.0,0.0
-19.230255,-21.953503,0.81513107,173.00034,2015-04-01,0.0,0.0
-14.135133,-16.677692,0.8120335,146.18814,2015-04-02,0.0,0.0
-11.299147,-11.707663,0.810635,114.281555,2015-04-03,0.0,0.0
-14.511129,-17.16124,0.8140532,179.40688,2015-04-04,0.0,0.0
-13.666589,-16.26848,0.8143549,185.47736,2015-04-05,0.0,0.0
-12.370016,-15.300073,0.813588,185.30089,2015-04-06,0.0,0.0
-15.017648,-17.113634,0.811782,174.22867,2015-04-07,0.0,0.0
-19.840563,-21.229507,0.80992377,193.27176,2015-04-08,0.0,0.0
-24.695312,-25.53416,0.8118199,193.18483,2015-04-09,0.0,0.0
-18.086014,-19.08928,0.81188035,140.72281,2015-04-10,0.0,0.0
-11.452573,-12.211471,0.8104133,146.92336,2015-04-11,0.0,0.0
-18.03344,-18.494392,0.8092986,209.33743,2015-04-12,0.0,0.0
-18.120533,-19.730911,0.81394744,196.2471,2015-04-13,0.0,0.0
-8.649946,-9.371501,0.8097634,137.8746,2015-04-14,0.0,0.0
-6.579155,-6.3687706,0.8189702,86.195496,2015-04-15,0.0,0.0
-17.9285,-17.131508,0.81396943,191.54155,2015-04-16,0.0,0.0
-18.334267,-17.478563,0.81341004,164.74988,2015-04-17,0.0,0.0
-18.527771,-20.275562,0.8136307,237.88446,2015-04-18,0.0,0.0
-17.268257,-17.96944,0.8135188,186.27008,2015-04-19,0.0,0.0
-17.983562,-18.542799,0.81236863,226.73135,2015-04-20,0.0,0.0
-15.995703,-17.044483,0.8154421,196.36171,2015-04-21,0.0,0.0
-13.14776,-13.978435,0.80910856,243.25061,2015-04-22,0.0,0.0
-16.065092,-17.305197,0.81019986,252.45135,2015-04-23,0.0,0.0
-16.314648,-17.6748,0.8090927,259.57684,2015-04-24,0.0,0.0
-17.448349,-19.258198,0.8120922,264.1763,2015-04-25,0.0,0.0
-14.877475,-16.495167,0.81232315,248.33513,2015-04-26,0.0,0.0
-11.551615,-13.386757,0.8112582,253.18085,2015-04-27,0.0,0.0
-9.066965,-10.227848,0.81181,153.71211,2015-04-28,0.0,0.0
-6.838373,-6.895194,0.8132671,157.50357,2015-04-29,0.0,0.0
-14.287333,-14.471178,0.8162186,278.80014,2015-04-30,0.0,0.0
-19.016691,-19.416653,0.8206909,257.05145,2015-05-01,0.0,0.0
-19.418182,-20.522228,0.8161175,290.27744,2015-05-02,0.0,0.0
-8.894156,-10.629223,0.81837547,227.76645,2015-05-03,0.0,0.0
-6.081282,-7.382102,0.8143017,239.79303,2015-05-04,0.0,0.0
-3.997913,-5.8968077,0.81032306,247.72931,2015-05-05,0.0,0.0
-2.4587228,-4.0239716,0.7928394,240.31494,2015-05-06,0.0,0.0
-1.9535692,-3.9659817,0.7802341,288.55838,2015-05-07,0.0,0.0
-1.816183,-3.7176337,0.7746991,256.92273,2015-05-08,197839.8,5.7679241982507286
-3.4141636,-2.8605278,0.84999084,234.93988,2015-05-09,0.0,0.0
-5.4202404,-6.6065936,0.86547756,202.41609,2015-05-10,0.0,0.0
-2.275854,-4.3443866,0.8605775,274.21204,2015-05-11,6528.6,0.19033819241982508
-4.706162,-6.996045,0.85819554,292.82306,2015-05-12,0.0,0.0
-4.2666664,-7.1027455,0.85743207,299.27924,2015-05-13,0.0,0.0
-1.8301471,-4.06979,0.85378736,264.51007,2015-05-14,0.0,0.0
-7.3702197,-9.459891,0.8488539,324.72974,2015-05-15,0.0,0.0
-9.120407,-10.966236,0.8479088,321.9781,2015-05-16,0.0,0.0
-3.7695918,-4.6400285,0.8445522,126.11107,2015-05-17,0.0,0.0
-1.3290648,-2.1335344,0.8007233,145.85667,2015-05-18,0.0,0.0
-9.318132,-9.811067,0.84065,266.94006,2015-05-19,0.0,0.0
-8.488152,-7.527134,0.8251623,236.7739,2015-05-20,0.0,0.0
-7.8006144,-8.404648,0.8116053,330.40417,2015-05-21,0.0,0.0
-3.1369915,-4.4848833,0.78551245,187.47641,2015-05-22,0.0,0.0
-3.4023504,-2.7935834,0.87940705,278.6798,2015-05-23,0.0,0.0
-6.8886905,-8.920834,0.87194073,349.71997,2015-05-24,0.0,0.0
-4.637545,-6.9452496,0.8736673,314.17108,2015-05-25,0.0,0.0
-6.0153613,-8.104422,0.8670354,347.82166,2015-05-26,0.0,0.0
-3.9204164,-5.873823,0.8680165,311.9016,2015-05-27,0.0,0.0
-5.7709484,-7.3116016,0.8550391,350.17325,2015-05-28,0.0,0.0
-2.2792783,-4.3039665,0.85909843,293.7763,2015-05-29,0.0,0.0
-1.7096816,-4.3510265,0.85623896,326.67902,2015-05-30,4912.2,0.1432128279883382
1.3793427,-1.9948604,0.80344474,333.0798,2015-05-31,11188.8,0.326204081632653
0.45856836,-2.0329957,0.7594202,351.27826,2015-06-01,1623.6000000000001,0.04733527696793004
-1.1100487,-1.7622558,0.7602998,295.75055,2015-06-02,0.0,0.0
-0.31470022,-0.63177764,0.76809394,341.17188,2015-06-03,0.0,0.0
-1.557926,-2.9611888,0.76724184,365.2729,2015-06-04,0.0,0.0
0.2763562,-2.0944989,0.7615417,300.63046,2015-06-05,0.0,0.0
1.4354808,-0.5581755,0.7545466,311.24603,2015-06-06,0.0,0.0
1.6763643,-0.48408633,0.7538663,242.05789,2015-06-07,146430.0,4.2690962099125365
-0.7775364,-1.5738926,0.79885316,311.43478,2015-06-08,184194.0,5.370087463556851
-1.328406,-1.5719256,0.77523303,276.70612,2015-06-09,12159.0,0.3544897959183673
-0.23039767,-1.7482522,0.67201746,362.73694,2015-06-10,0.0,0.0
0.21358907,-1.8418157,0.60079455,364.84943,2015-06-11,0.0,0.0
0.22884035,-1.578908,0.594463,367.6388,2015-06-12,0.0,0.0
0.086523,-1.7219911,0.59294325,367.21106,2015-06-13,307191.6,8.95602332361516
0.50369495,-1.5852575,0.58929104,367.57083,2015-06-14,451524.6,13.16398250728863
0.10909635,-1.5897824,0.59141433,363.35675,2015-06-15,357786.0,10.431078717201167
2.0611074,-0.24531904,0.58917844,285.65836,2015-06-16,388612.8,11.329819241982507
1.2625794,-0.9451872,0.5867086,349.40857,2015-06-17,407993.4,11.894851311953353
2.0605934,-0.69896984,0.5818201,243.01132,2015-06-18,529633.8,15.44121865889213
3.3089685,0.0,0.55557054,346.96564,2015-06-19,771984.0,22.506822157434403
3.3935618,-0.035276838,0.5726024,257.35266,2015-06-20,1001257.2,29.191172011661806
2.548356,-0.28536072,0.55050004,369.79276,2015-06-21,957182.4,27.906192419825075
3.979889,-0.018913692,0.5576162,317.5294,2015-06-22,1078216.2,31.43487463556851
4.1582704,-0.0035536024,0.5464616,340.88843,2015-06-23,1172617.2,34.187090379008744
4.81075,0.0,0.5247628,311.3224,2015-06-24,1210053.6,35.2785306122449
4.2883434,-0.023250792,0.50742555,362.9409,2015-06-25,1291811.4,37.66213994169096
3.981474,-0.2595853,0.5077312,379.29974,2015-06-26,1316527.2,38.38271720116618
4.6096983,-0.038472917,0.47088614,370.75055,2015-06-27,1098914.4,32.03832069970845
4.3941145,-0.017223993,0.4481196,355.98962,2015-06-28,1077814.8,31.42317201166181
4.0639396,-0.10004012,0.44799572,359.46362,2015-06-29,1200209.4,34.991527696793
4.203517,-0.051717654,0.4494055,358.21716,2015-06-30,1192334.4,34.7619358600583
3.731151,-0.087587975,0.44570947,364.83398,2015-07-01,1172323.8,34.17853644314869
3.434801,-0.13670467,0.44621152,362.05402,2015-07-02,1088773.2,31.74265889212828
3.21834,-0.18930668,0.44412908,358.8526,2015-07-03,1012746.6,29.52613994169096
3.9808524,-0.060036022,0.44694513,345.82584,2015-07-04,1003923.0,29.268892128279884
3.4719553,-0.048802484,0.44489855,351.08582,2015-07-05,1060506.0,30.918542274052477
3.633794,-0.21144189,0.44679463,346.01404,2015-07-06,1068811.2,31.160676384839647
5.1370344,0.0,0.44717813,354.36353,2015-07-07,1208563.2,35.23507871720116
3.8219833,-0.020204544,0.44685355,350.6266,2015-07-08,1151186.4,33.562285714285714
2.855479,-0.28464496,0.4479385,349.6374,2015-07-09,881821.8,25.70909037900875
2.651399,-0.4184495,0.44886142,284.88467,2015-07-10,848790.0,24.74606413994169
2.7727811,-0.0031272098,0.45089716,229.5715,2015-07-11,685477.8,19.984775510204084
1.8740273,-0.59036773,0.44665653,333.7669,2015-07-12,651535.2,18.995195335276964
2.406761,-0.21058974,0.45200765,244.8945,2015-07-13,641305.8,18.696962099125365
2.1314342,-0.45653364,0.44844586,306.10992,2015-07-14,658609.2,19.20143440233236
2.996889,-0.4828487,0.44854593,336.53482,2015-07-15,802767.6,23.404303206997085
3.793819,-0.0019759072,0.44453824,336.25504,2015-07-16,1066260.6,31.086314868804667
3.4770513,-0.17398548,0.44757143,336.87018,2015-07-17,971969.4,28.33730029154519
2.5867538,-0.33478048,0.4475891,322.09546,2015-07-18,917830.8,26.758915451895042
2.5229402,-0.3969644,0.447959,328.6226,2015-07-19,891784.8,25.999556851311954
3.5174193,-0.03954347,0.4482695,315.63358,2015-07-20,809020.8,23.58661224489796
2.5806122,-0.21603383,0.44957465,286.47775,2015-07-21,875268.0,25.51801749271137
2.391755,0.0,0.45076025,227.1047,2015-07-22,792232.2,23.097148688046644
2.1705081,-0.020338058,0.46881294,235.47467,2015-07-23,584695.8,17.04652478134111
1.4288002,-0.9246162,0.51311773,306.04523,2015-07-24,784614.6,22.875061224489798
1.6674005,-0.0047486625,0.5549147,184.15747,2015-07-25,785732.4,22.907650145772596
1.110442,-0.017090268,0.5896129,158.6366,2015-07-26,786702.6,22.935935860058308
1.2815899,-0.19626437,0.6398213,281.8006,2015-07-27,686894.4,20.026075801749272
-0.029491425,-1.712456,0.5927241,294.66644,2015-07-28,589946.4,17.199603498542274
0.74977076,-1.0991974,0.55138063,289.08273,2015-07-29,606663.0,17.686967930029155
0.51426506,-1.1551076,0.49516827,304.10275,2015-07-30,606195.0,17.67332361516035
0.8244193,-0.95188946,0.46818203,293.81882,2015-07-31,610198.2,17.79003498542274
0.79443717,-1.6316323,0.49365228,304.45886,2015-08-01,539852.4,15.739137026239067
1.565335,-1.3217984,0.51379895,298.63812,2015-08-02,661820.4,19.295055393586004
1.0468817,-1.292453,0.513355,246.80783,2015-08-03,644475.6,18.789376093294457
1.6612852,-0.1349286,0.51793766,133.6673,2015-08-04,770103.0,22.45198250728863
2.3040714,-0.18064012,0.51139414,264.5387,2015-08-05,755866.8,22.036932944606416
0.76095974,-1.3572866,0.4871056,283.8266,2015-08-06,730013.4,21.28318950437318
1.9350829,-0.55777955,0.4740864,202.69571,2015-08-07,742579.2,21.64953935860058
1.5638375,-0.18229198,0.47502124,59.85844,2015-08-08,783862.2,22.853125364431488
1.4839114,0.0,0.46143886,147.18303,2015-08-09,886728.6,25.852145772594753
0.7966611,-0.19976436,0.6216853,167.80695,2015-08-10,1022164.2,29.8007055393586
-0.11463866,-1.1505157,0.6737868,184.01166,2015-08-11,621012.6,18.105323615160348
-0.5623274,-0.596109,0.8015636,220.85979,2015-08-12,493945.2,14.400734693877551
-2.0754619,-3.5918672,0.7802709,248.7283,2015-08-13,406909.8,11.863259475218658
2.2858462,-0.37407154,0.68602467,201.04391,2015-08-14,453486.60000000003,13.221183673469389
2.3532264,-0.44024107,0.5981732,254.37274,2015-08-15,509927.4,14.86668804664723
1.9825205,-0.80020183,0.55441916,169.8134,2015-08-16,481530.6,14.038793002915451
1.8176441,-0.14106019,0.523641,107.413055,2015-08-17,640445.4,18.67187755102041
2.2106807,-0.3750252,0.50035405,181.16739,2015-08-18,662583.6,19.317306122448976
2.8675225,-0.008002917,0.4904846,170.48601,2015-08-19,663373.8,19.340344023323617
1.7688303,-0.00033717684,0.5112261,78.28047,2015-08-20,925277.4,26.97601749271137
0.3209184,-0.28036416,0.68875575,134.6259,2015-08-21,648450.0,18.905247813411076
-3.0145552,-3.558184,0.7013992,194.86122,2015-08-22,460438.2,13.423854227405249
-2.606635,-4.2442408,0.67774856,229.94788,2015-08-23,343717.2,10.020909620991254
-2.5484686,-3.9819608,0.66087455,223.88058,2015-08-24,295020.0,8.601166180758018
-2.869587,-4.5253296,0.6567917,224.43903,2015-08-25,273054.6,7.96077551020408
-4.3678527,-5.4920354,0.6595945,223.12538,2015-08-26,229820.4,6.700303206997085
-1.1057462,-4.007327,0.6582526,146.5509,2015-08-27,242872.2,7.080822157434403
2.9698591,-0.0039141974,0.54803383,95.52759,2015-08-28,711111.6,20.7321166180758
2.8995328,0.0,0.45421857,72.465195,2015-08-29,957076.2,27.903096209912533
3.923555,0.0,0.4514516,135.89828,2015-08-30,886996.7999999999,25.85996501457726
2.112825,0.0,0.4978129,70.71237,2015-08-31,955877.4,27.86814577259475
0.7170973,-1.2999002,0.60160077,161.26845,2015-09-01,630734.4,18.388758017492712
0.05625713,-1.1354059,0.58483404,184.24178,2015-09-02,405552.6,11.823690962099123
0.5090712,-2.0967765,0.5556968,118.30893,2015-09-03,275994.0,8.046472303206997
2.4427094,0.0,0.5027166,38.224716,2015-09-04,454824.0,13.260174927113702
1.1034474,-0.0014121798,0.5495913,109.10679,2015-09-05,648460.8,18.905562682215745
-0.117341146,-0.7480932,0.591091,109.41478,2015-09-06,430095.6,12.539230320699708
3.0320694,-0.6231646,0.56332904,119.41663,2015-09-07,231433.2,6.74732361516035
1.3929505,-1.3425555,0.53694385,172.31691,2015-09-08,227975.4,6.646513119533528
-0.8142075,-0.8793684,0.5932076,110.69644,2015-09-09,216754.2,6.319364431486881
-2.8756356,-2.7525263,0.6703966,144.54395,2015-09-10,35172.0,1.0254227405247813
-3.159688,-4.1586685,0.855196,135.89618,2015-09-11,0.0,0.0
-5.7111797,-7.4660892,0.86769676,161.38632,2015-09-12,0.0,0.0
-5.0077286,-7.4026203,0.86806965,159.43092,2015-09-13,136765.8,3.9873411078717194
-3.4407048,-6.5090995,0.8655,157.84969,2015-09-14,138785.4,4.046221574344023
-0.28717697,-3.0805678,0.7100882,118.25337,2015-09-15,0.0,0.0
0.5116503,-1.1904833,0.6153492,74.79204,2015-09-16,0.0,0.0
-0.19900173,-0.4896127,0.7867692,70.74478,2015-09-17,0.0,0.0
-4.1726704,-4.9268756,0.86448884,133.0386,2015-09-18,0.0,0.0
-7.599326,-8.383317,0.860559,105.985,2015-09-19,0.0,0.0
-7.50368,-8.432411,0.846328,125.18427,2015-09-20,0.0,0.0
-9.036819,-11.48513,0.8453016,131.22299,2015-09-21,0.0,0.0
-10.114862,-11.612024,0.8398404,117.87225,2015-09-22,0.0,0.0
-9.6549425,-12.144264,0.841396,120.70983,2015-09-23,0.0,0.0
-3.3703895,-5.3648,0.83565855,70.950806,2015-09-24,0.0,0.0
-5.547167,-7.7146034,0.83435,99.610916,2015-09-25,0.0,0.0
-4.5220838,-7.3361654,0.8338512,111.539825,2015-09-26,0.0,0.0
-6.548044,-8.493364,0.8308697,91.504684,2015-09-27,0.0,0.0
-4.9845257,-6.9455023,0.8297333,85.12043,2015-09-28,0.0,0.0
-5.4613776,-7.5894938,0.82833505,67.50484,2015-09-29,0.0,0.0
-6.8391123,-8.667074,0.82575846,97.50476,2015-09-30,0.0,0.0
-8.821018,-10.165882,0.8252567,62.90226,2015-10-01,0.0,0.0
-6.395034,-7.5628276,0.8263362,29.455536,2015-10-02,0.0,0.0
-6.028454,-6.430147,0.82339215,60.078964,2015-10-03,0.0,0.0
-14.853363,-16.120188,0.8224332,87.45299,2015-10-04,0.0,0.0
-18.420591,-20.102661,0.82271206,68.39621,2015-10-05,0.0,0.0
-18.668,-20.416582,0.8219943,84.58794,2015-10-06,0.0,0.0
-17.45987,-19.290487,0.8182002,72.06276,2015-10-07,0.0,0.0
-10.286462,-13.249715,0.82300496,77.099014,2015-10-08,0.0,0.0
-7.755481,-10.904471,0.82022715,71.75858,2015-10-09,0.0,0.0
-4.2159986,-7.3968573,0.8210678,71.09062,2015-10-10,0.0,0.0
-5.405655,-8.493052,0.8198507,67.62344,2015-10-11,0.0,0.0
-2.28378,-5.1980457,0.81762135,48.02575,2015-10-12,0.0,0.0
-3.612207,-5.1829023,0.82032084,31.070673,2015-10-13,0.0,0.0
-4.3729353,-6.6924524,0.8331015,58.17062,2015-10-14,0.0,0.0
-0.26809144,-0.95752335,0.8265437,16.356167,2015-10-15,0.0,0.0
-2.4632478,-3.620143,0.8382761,40.518856,2015-10-16,77711.4,2.2656384839650143
-6.048995,-7.8573723,0.83801544,33.350163,2015-10-17,173264.4,5.051440233236152
-10.843943,-12.673071,0.8237685,52.17583,2015-10-18,157377.6,4.588268221574344
-14.795977,-16.77291,0.8213701,49.05593,2015-10-19,167353.2,4.879102040816327
-16.90765,-19.44552,0.8245168,48.170624,2015-10-20,176094.0,5.133935860058309
-20.326956,-22.521187,0.8238195,46.271538,2015-10-21,235895.4,6.877416909620991
-22.559155,-24.48838,0.8222203,37.15275,2015-10-22,213082.2,6.212309037900876
-16.425213,-17.850079,0.8174794,30.271038,2015-10-23,261298.8,7.6180408163265305
-15.474125,-17.743622,0.8209602,37.226273,2015-10-24,157615.2,4.595195335276968
-8.940448,-11.095327,0.81956494,15.240009,2015-10-25,262274.4,7.6464839650145775
-5.0046167,-5.78021,0.81711066,22.987104,2015-10-26,332346.6,9.68940524781341
-12.09888,-12.397951,0.8143959,19.347727,2015-10-27,187216.2,5.458198250728863
-13.066376,-13.507238,0.8136679,16.30048,2015-10-28,155768.4,4.5413527696793
-16.656452,-19.517998,0.8168459,28.738623,2015-10-29,10171.8,0.2965539358600583
-17.62481,-20.07687,0.8182301,26.056122,2015-10-30,27394.2,0.79866472303207
-7.4301176,-10.997679,0.81937236,23.057985,2015-10-31,108705.6,3.169259475218659
-15.642294,-17.581867,0.81800455,18.30645,2015-11-01,0.0,0.0
-16.733986,-18.416018,0.8125995,17.655685,2015-11-02,0.0,0.0
-24.145536,-26.313026,0.8205687,22.006706,2015-11-03,0.0,0.0
-24.459818,-27.028471,0.8213569,21.05465,2015-11-04,0.0,0.0
-17.081928,-20.624657,0.8213534,19.088634,2015-11-05,0.0,0.0
-19.92043,-22.45339,0.81450415,12.973549,2015-11-06,0.0,0.0
-23.927298,-26.35887,0.8169185,16.312302,2015-11-07,0.0,0.0
-21.084967,-23.13721,0.812168,12.421839,2015-11-08,0.0,0.0
-21.56868,-24.318314,0.81593144,14.381649,2015-11-09,0.0,0.0
-20.60812,-23.387215,0.81298167,10.932408,2015-11-10,0.0,0.0
-22.250221,-24.325798,0.81314707,9.628485,2015-11-11,0.0,0.0
-27.583275,-29.427364,0.8176351,11.177543,2015-11-12,0.0,0.0
-27.48534,-29.663805,0.8206552,10.271158,2015-11-13,0.0,0.0
-18.036882,-21.094927,0.81533086,6.88925,2015-11-14,0.0,0.0
-22.610516,-25.123482,0.8211918,8.371465,2015-11-15,0.0,0.0
-20.69972,-23.64698,0.82103944,7.7473316,2015-11-16,0.0,0.0
-22.660826,-25.50346,0.82115376,6.980092,2015-11-17,0.0,0.0
-22.040737,-24.445988,0.8205962,6.3286366,2015-11-18,0.0,0.0
-9.724285,-12.452654,0.8127451,3.7826357,2015-11-19,0.0,0.0
-5.1791215,-6.3571925,0.8118942,2.7734325,2015-11-20,0.0,0.0
-0.85737956,-1.7824662,0.82118464,1.271004,2015-11-21,0.0,0.0
-4.7868786,-5.6483145,0.825902,1.7062594,2015-11-22,0.0,0.0
-10.332186,-12.086317,0.81348014,3.0470958,2015-11-23,0.0,0.0
-11.003809,-12.489644,0.81266564,1.8619428,2015-11-24,0.0,0.0
-15.503956,-16.701595,0.81329185,1.7189512,2015-11-25,0.0,0.0
-16.213413,-16.990103,0.81088364,1.4627492,2015-11-26,0.0,0.0
-24.43459,-26.36588,0.8138969,1.7598224,2015-11-27,0.0,0.0
-27.389954,-29.341612,0.81070054,1.2709818,2015-11-28,0.0,0.0
-26.063496,-28.09857,0.8106942,1.0466106,2015-11-29,0.0,0.0
-22.92908,-24.89104,0.8109108,0.8900026,2015-11-30,0.0,0.0
-17.216309,-19.459896,0.81068647,0.53535616,2015-12-01,0.0,0.0
-17.016735,-19.835625,0.8116324,0.51143676,2015-12-02,0.0,0.0
-15.892057,-18.60948,0.8106864,0.28600997,2015-12-03,0.0,0.0
-17.052166,-20.066113,0.81069434,0.24385118,2015-12-04,0.0,0.0
-20.117268,-22.498335,0.81068414,0.1733906,2015-12-05,0.0,0.0
-22.03359,-24.580772,0.81067693,0.10971278,2015-12-06,0.0,0.0
-13.797762,-17.05314,0.81223786,0.035550892,2015-12-07,0.0,0.0
-11.1298065,-13.6649685,0.8106669,0.011535624,2015-12-08,0.0,0.0
-19.477764,-22.2794,0.81072354,0.0,2015-12-09,0.0,0.0
-16.230795,-19.220276,0.8135481,0.0,2015-12-10,0.0,0.0
-16.656391,-19.564611,0.81258225,0.0,2015-12-11,0.0,0.0
-15.117408,-16.955666,0.8106608,0.0,2015-12-12,0.0,0.0
-25.385618,-27.81954,0.8163248,0.0,2015-12-13,0.0,0.0
-34.260727,-36.36209,0.8185648,0.0,2015-12-14,0.0,0.0
-34.282806,-36.306694,0.81879914,0.0,2015-12-15,0.0,0.0
-35.280247,-37.381645,0.8196659,0.0,2015-12-16,0.0,0.0
-31.444845,-34.372475,0.8196328,0.0,2015-12-17,0.0,0.0
-28.217354,-30.702808,0.8170079,0.0,2015-12-18,0.0,0.0
-28.022709,-30.553879,0.8172624,0.0,2015-12-19,0.0,0.0
-30.456905,-32.8957,0.812747,0.0,2015-12-20,0.0,0.0
-31.312233,-33.674656,0.81062996,0.0,2015-12-21,0.0,0.0
-32.341152,-34.92801,0.8136465,0.0,2015-12-22,0.0,0.0
-30.545633,-32.938957,0.8186291,0.0,2015-12-23,0.0,0.0
-20.581661,-23.46698,0.81652856,0.0,2015-12-24,0.0,0.0
-9.196312,-11.558054,0.8113554,0.0,2015-12-25,0.0,0.0
-7.089366,-9.791507,0.81100166,0.0,2015-12-26,0.0,0.0
-12.611072,-15.723564,0.8113313,0.0,2015-12-27,0.0,0.0
-16.97088,-19.956928,0.8133209,0.0,2015-12-28,0.0,0.0
-28.740988,-30.140541,0.81169903,0.0,2015-12-29,0.0,0.0
-31.071737,-31.957376,0.81150395,0.0,2015-12-30,0.0,0.0
-33.72073,-34.712257,0.81149626,0.0,2015-12-31,0.0,0.0
-26.059917,-29.501228,0.8114894,0.0,2016-01-01,0.0,0.0
-13.167511,-16.254501,0.8114697,0.0,2016-01-02,0.0,0.0
-10.344742,-13.75552,0.81144226,0.0,2016-01-03,0.0,0.0
-8.050259,-11.341108,0.811388,0.008176816,2016-01-04,0.0,0.0
-7.24489,-11.337345,0.8113314,0.050719544,2016-01-05,0.0,0.0
-9.110781,-12.077232,0.8120792,0.0,2016-01-06,0.0,0.0
-9.629749,-12.76748,0.8131565,0.1652852,2016-01-07,0.0,0.0
-5.9926825,-9.390646,0.8136369,0.22578265,2016-01-08,0.0,0.0
-10.063196,-13.231838,0.8135548,0.28494054,2016-01-09,0.0,0.0
-12.024958,-13.749477,0.813032,0.33892107,2016-01-10,0.0,0.0
-14.296964,-17.12461,0.81276214,0.45878598,2016-01-11,0.0,0.0
-10.82535,-13.045694,0.8127425,0.5515936,2016-01-12,0.0,0.0
-15.520529,-17.31379,0.814131,0.7975396,2016-01-13,0.0,0.0
-16.976578,-19.169212,0.8172186,1.0701239,2016-01-14,0.0,0.0
-7.865874,-11.107359,0.8142941,1.1754339,2016-01-15,0.0,0.0
-7.641881,-11.019944,0.811221,1.5272582,2016-01-16,0.0,0.0
-2.2295055,-5.734865,0.8107803,1.3809848,2016-01-17,0.0,0.0
-1.9284375,-5.410304,0.8134606,2.0224721,2016-01-18,0.0,0.0
-2.3323772,-5.9065356,0.81329536,2.480825,2016-01-19,0.0,0.0
-1.4453231,-4.9997454,0.81309944,2.836018,2016-01-20,0.0,0.0
-6.853009,-10.043602,0.81449395,3.3556993,2016-01-21,0.0,0.0
-15.716042,-15.904617,0.81271327,2.1161957,2016-01-22,0.0,0.0
-19.428043,-19.858572,0.8117011,3.3090415,2016-01-23,0.0,0.0
-22.940159,-25.660576,0.81239974,4.9431725,2016-01-24,0.0,0.0
-26.014164,-27.484577,0.8115708,4.408436,2016-01-25,0.0,0.0
-27.649834,-27.132877,0.81104124,3.5906463,2016-01-26,0.0,0.0
-29.564186,-31.107014,0.8122798,5.7341423,2016-01-27,0.0,0.0
-22.122864,-25.04696,0.8108028,5.501783,2016-01-28,0.0,0.0
-17.918879,-20.92376,0.81338954,7.696932,2016-01-29,0.0,0.0
-25.912682,-28.313976,0.81991875,10.036802,2016-01-30,0.0,0.0
-24.845308,-27.64323,0.8199258,11.119926,2016-01-31,0.0,0.0
-20.114164,-22.995602,0.81982154,11.256312,2016-02-01,0.0,0.0
-15.502676,-18.44159,0.81201404,12.119205,2016-02-02,0.0,0.0
-10.872242,-13.74168,0.8128252,9.377882,2016-02-03,0.0,0.0
-12.562652,-15.923769,0.8140204,14.706928,2016-02-04,0.0,0.0
-16.725044,-19.628971,0.81668645,15.648226,2016-02-05,0.0,0.0
-18.755993,-21.105526,0.8124283,16.087854,2016-02-06,0.0,0.0
-12.359326,-15.547501,0.81076527,13.4044695,2016-02-07,0.0,0.0
-16.758575,-19.368002,0.8107711,16.91492,2016-02-08,0.0,0.0
-20.760834,-21.812166,0.8105957,13.677385,2016-02-09,0.0,0.0
-25.213852,-27.22081,0.8168188,23.704731,2016-02-10,0.0,0.0
-24.792406,-27.40461,0.8133205,19.405546,2016-02-11,0.0,0.0
-14.713459,-17.994856,0.81044626,19.502375,2016-02-12,0.0,0.0
-12.13314,-15.529352,0.8104524,23.70073,2016-02-13,0.0,0.0
-9.900031,-13.40897,0.8104637,26.682274,2016-02-14,0.0,0.0
-7.718203,-11.182292,0.81101805,19.992298,2016-02-15,0.0,0.0
-14.078592,-17.082525,0.81605995,34.88528,2016-02-16,0.0,0.0
-20.384853,-22.949286,0.81766,35.792915,2016-02-17,0.0,0.0
-17.206156,-18.442722,0.8108477,17.149899,2016-02-18,0.0,0.0
-19.001194,-19.910955,0.810421,28.001984,2016-02-19,0.0,0.0
-23.476023,-25.217045,0.81325275,43.232132,2016-02-20,0.0,0.0
-12.429746,-14.157639,0.8103593,20.115646,2016-02-21,0.0,0.0
-7.095072,-8.259905,0.81033593,27.332651,2016-02-22,0.0,0.0
-3.402977,-5.3726416,0.81031394,23.520805,2016-02-23,0.0,0.0
-8.644283,-10.139444,0.810302,28.272093,2016-02-24,0.0,0.0
-18.283377,-18.768566,0.81031543,39.97853,2016-02-25,0.0,0.0
-15.334272,-18.539509,0.81508946,55.601288,2016-02-26,0.0,0.0
-7.096077,-9.515883,0.81059825,46.158447,2016-02-27,0.0,0.0
-5.4024143,-8.059202,0.8114362,33.18935,2016-02-28,0.0,0.0
-5.9867315,-9.068136,0.81162703,47.461456,2016-02-29,0.0,0.0
-10.881873,-13.83638,0.8147783,57.33028,2016-03-01,0.0,0.0
-10.050299,-13.044123,0.8161379,55.005814,2016-03-02,0.0,0.0
-7.3903656,-9.562579,0.81138796,41.509277,2016-03-03,0.0,0.0
-3.7873688,-6.6116543,0.8083559,45.122894,2016-03-04,0.0,0.0
-8.675543,-10.035437,0.81366765,52.628487,2016-03-05,0.0,0.0
-14.4436245,-15.993642,0.81361604,58.317833,2016-03-06,0.0,0.0
-21.952793,-23.948479,0.819649,81.44233,2016-03-07,0.0,0.0
-14.832769,-17.019379,0.81347775,55.736305,2016-03-08,0.0,0.0
-9.413731,-12.168986,0.81264603,61.09707,2016-03-09,0.0,0.0
-10.231802,-12.234745,0.81286323,71.23636,2016-03-10,0.0,0.0
-20.657177,-19.955505,0.8117734,56.6764,2016-03-11,0.0,0.0
-25.274067,-26.799791,0.81417924,97.90082,2016-03-12,0.0,0.0
-26.26144,-27.8663,0.8141175,102.3631,2016-03-13,0.0,0.0
-25.560574,-27.332287,0.8161609,98.55763,2016-03-14,0.0,0.0
-15.770842,-18.046335,0.8152428,97.82155,2016-03-15,0.0,0.0
-7.162709,-9.807291,0.8125212,69.096115,2016-03-16,0.0,0.0
-2.0467806,-5.78398,0.8119242,97.42714,2016-03-17,0.0,0.0
-1.0698742,-4.5387564,0.81595296,103.89886,2016-03-18,0.0,0.0
-4.455476,-6.3267517,0.83936423,109.16859,2016-03-19,0.0,0.0
-6.3776083,-8.181293,0.84028035,104.97302,2016-03-20,0.0,0.0
-7.2081537,-9.576464,0.83570236,79.18661,2016-03-21,0.0,0.0
-11.039282,-12.799643,0.8346785,129.83784,2016-03-22,0.0,0.0
-8.035651,-11.377142,0.8329822,118.644104,2016-03-23,0.0,0.0
-7.3932548,-10.4132,0.83438575,138.60254,2016-03-24,0.0,0.0
-9.585112,-12.528542,0.83340275,139.1354,2016-03-25,0.0,0.0
-12.111067,-15.281094,0.8318428,141.57669,2016-03-26,0.0,0.0
-16.652235,-18.150959,0.8303453,129.91437,2016-03-27,0.0,0.0
-15.525747,-15.883184,0.822763,114.72069,2016-03-28,0.0,0.0
-18.19542,-19.581882,0.8176811,154.418,2016-03-29,0.0,0.0
-17.752655,-20.094826,0.81841385,157.17606,2016-03-30,0.0,0.0
-14.717062,-15.936859,0.8182484,122.62884,2016-03-31,0.0,0.0
-18.42546,-18.690365,0.8181348,136.92116,2016-04-01,0.0,0.0
-11.7277975,-14.797484,0.8193606,167.83412,2016-04-02,0.0,0.0
-4.101045,-7.4855833,0.8205243,160.54565,2016-04-03,0.0,0.0
-3.641605,-6.8522635,0.8151396,174.45802,2016-04-04,0.0,0.0
-3.7515273,-6.7239475,0.8152483,146.58731,2016-04-05,0.0,0.0
-2.8530908,-5.8807297,0.8110868,159.32404,2016-04-06,0.0,0.0
-2.4181132,-5.1518664,0.81087244,81.786865,2016-04-07,0.0,0.0
-3.6558635,-5.675221,0.8108047,115.869095,2016-04-08,0.0,0.0
-3.925345,-6.2050705,0.8128716,86.41301,2016-04-09,0.0,0.0
2.9491873,-0.35318184,0.72844887,100.44351,2016-04-10,0.0,0.0
4.8045797,-0.028639905,0.6146171,121.536766,2016-04-11,0.0,0.0
1.5057762,-0.8580482,0.5876298,177.90479,2016-04-12,0.0,0.0
-1.4201528,-2.3104117,0.5849666,123.3078,2016-04-13,0.0,0.0
1.9133519,-0.26665,0.5785874,102.54479,2016-04-14,0.0,0.0
-4.274421,-4.119629,0.614527,131.66681,2016-04-15,0.0,0.0
-10.384577,-8.643132,0.79748356,156.08466,2016-04-16,0.0,0.0
-12.421683,-13.781643,0.8039451,223.91324,2016-04-17,0.0,0.0
-9.8053465,-10.986145,0.803036,172.2568,2016-04-18,0.0,0.0
-8.545739,-9.081909,0.79963124,172.31607,2016-04-19,0.0,0.0
-9.307013,-10.118635,0.79921174,236.03244,2016-04-20,0.0,0.0
-6.5688076,-8.909568,0.802572,190.7045,2016-04-21,0.0,0.0
-1.4053859,-2.2317247,0.80368304,68.8638,2016-04-22,0.0,0.0
0.75424707,-0.8299615,0.76012146,121.672066,2016-04-23,0.0,0.0
1.2595145,-1.6674392,0.6647706,233.54211,2016-04-24,0.0,0.0
0.65955067,-2.1811967,0.674792,244.35912,2016-04-25,0.0,0.0
-0.9034701,-3.211162,0.67391026,252.13513,2016-04-26,0.0,0.0
1.2183086,-1.9758514,0.6654316,256.78122,2016-04-27,0.0,0.0
0.6720774,-2.0447674,0.6618619,260.76675,2016-04-28,0.0,0.0
-0.5089997,-2.971499,0.659117,265.86383,2016-04-29,143751.6,4.191008746355685
-1.204467,-3.3765008,0.59929216,265.1584,2016-04-30,291688.2,8.504029154518951
-4.935605,-5.1670012,0.5797522,258.6256,2016-05-01,49111.200000000004,1.4318134110787173
-5.729151,-4.9091463,0.6278019,256.6565,2016-05-02,0.0,0.0
-4.3789186,-5.265333,0.6465059,197.2877,2016-05-03,0.0,0.0
-2.9099064,-3.9831314,0.643969,274.11627,2016-05-04,0.0,0.0
-3.9523277,-4.726735,0.64552635,279.24823,2016-05-05,0.0,0.0
-3.4615157,-4.433717,0.64457154,287.15747,2016-05-06,0.0,0.0
-1.1980342,-2.6888828,0.71470135,182.82799,2016-05-07,0.0,0.0
-0.3535412,-2.0990448,0.7194081,90.55842,2016-05-08,23306.4,0.6794868804664724
2.2033784,0.0,0.59777474,132.15295,2016-05-09,431739.0,12.587142857142858
1.2241144,0.0,0.59869266,62.718155,2016-05-10,407296.8,11.874542274052477
2.301932,0.0,0.5689465,151.30693,2016-05-11,405916.2,11.834291545189505
2.5660312,-0.004500389,0.5222012,240.20059,2016-05-12,636381.0,18.55338192419825
2.0445983,-0.5570928,0.47948974,280.11072,2016-05-13,788076.0,22.97597667638484
2.753758,-0.22097895,0.5095217,287.80365,2016-05-14,956880.0,27.89737609329446
1.7204511,-1.0286546,0.50951886,304.54352,2016-05-15,997705.7999999999,29.08763265306122
1.7884679,-0.7835024,0.49127448,294.74554,2016-05-16,898558.2,26.197032069970845
2.3039823,-0.16645569,0.45082814,282.46045,2016-05-17,884388.6,25.783924198250727
1.5515947,-0.729017,0.45191753,292.5946,2016-05-18,875457.0,25.523527696793003
1.3023455,-0.26560253,0.44806793,295.44568,2016-05-19,852606.0,24.85731778425656
0.07320869,-0.7031343,0.45137623,190.23453,2016-05-20,683440.2,19.92537026239067
-2.582612,-2.709661,0.44561327,322.47366,2016-05-21,409354.2,11.934524781341109
-2.1920786,-2.602721,0.45146266,292.3053,2016-05-22,198853.2,5.797469387755103
-1.2635487,-2.3973298,0.44494653,332.06857,2016-05-23,177748.2,5.182163265306123
-0.8770649,-2.3865714,0.45212948,301.82684,2016-05-24,251094.6,7.320542274052478
-2.8645117,-3.1475298,0.55439365,140.02794,2016-05-25,183763.8,5.357545189504373
-4.2989955,-3.7499802,0.68128175,205.44836,2016-05-26,120355.2,3.5088979591836735
-4.359894,-4.0833645,0.84673005,293.6384,2016-05-27,122884.2,3.5826297376093295
-4.424011,-5.488205,0.8410722,309.2382,2016-05-28,121327.2,3.5372361516034982
-5.84282,-7.2335243,0.8348472,360.75,2016-05-29,125195.4,3.65001166180758
-5.372787,-6.928999,0.8392801,342.0808,2016-05-30,122416.2,3.5689854227405244
-3.94347,-6.0061417,0.8348831,332.64557,2016-05-31,125265.6,3.652058309037901
-2.9593318,-4.5319605,0.83222663,328.7533,2016-06-01,130969.8,3.8183615160349853
1.391983,-1.67949,0.7479048,320.4681,2016-06-02,178252.2,5.196857142857143
1.0551968,-0.59434754,0.63831866,132.71107,2016-06-03,292516.2,8.528169096209913
-1.7153366,-2.410192,0.8486506,335.71985,2016-06-04,313889.4,9.1512944606414
-1.9083349,-3.3458443,0.7817363,358.91617,2016-06-05,382696.2,11.15732361516035
1.2005236,-1.4795349,0.6592407,213.81577,2016-06-06,536178.6,15.632029154518948
2.583732,-0.16433005,0.5466962,315.82434,2016-06-07,733710.6,21.390979591836732
2.6134725,-0.15896215,0.49893388,337.74097,2016-06-08,864610.2,25.2072944606414
3.8695128,-0.4705279,0.49040163,353.6776,2016-06-09,1086564.6,31.678268221574346
5.269977,0.0,0.44706458,348.0517,2016-06-10,1519729.2,44.30697376093294
5.316673,0.0,0.45053178,293.9011,2016-06-11,1647239.4,48.02447230320699
4.1629477,-0.009452502,0.44699764,350.02795,2016-06-12,1343727.0,39.175714285714285
2.4114013,-0.37629098,0.44697562,352.2008,2016-06-13,1214598.6,35.41103790087464
2.8386245,-0.4775897,0.4465814,348.24097,2016-06-14,1096261.2,31.960967930029152
-0.33089638,-0.6798564,0.48627385,351.22983,2016-06-15,807417.0,23.539854227405247
-0.7365049,-0.96349025,0.57566595,350.72144,2016-06-16,571775.4,16.669836734693877
-0.9495499,-1.8836887,0.57059646,367.69614,2016-06-17,358201.8,10.443201166180758
1.0650902,-1.1598549,0.54816926,352.65115,2016-06-18,398476.8,11.61739941690962
4.0321083,-0.17511165,0.5344945,364.13037,2016-06-19,902291.4,26.305871720116617
2.8402486,-0.16539711,0.4552216,218.8409,2016-06-20,1015331.4,29.60149854227405
2.7974977,-0.3068517,0.44481063,358.6103,2016-06-21,1047088.8,30.527370262390672
4.146808,-0.020971192,0.45299214,175.04092,2016-06-22,1166434.2,34.006827988338195
3.51013,0.0,0.4475238,237.9057,2016-06-23,1192249.8,34.7594693877551
3.3821576,0.0,0.44711953,326.09897,2016-06-24,1175940.0,34.28396501457726
2.9190936,-0.004467646,0.4507677,293.0892,2016-06-25,1094094.0,31.897784256559763
1.9155973,0.0,0.47788078,195.75839,2016-06-26,863312.4,25.169457725947524
1.4632361,-0.027001062,0.58151716,233.7597,2016-06-27,633594.6,18.47214577259475
1.5855894,-1.1787012,0.5852413,288.3203,2016-06-28,616222.8,17.965679300291548
1.854998,0.0,0.54561925,219.17496,2016-06-29,770295.6,22.45759766763848
1.7046176,-0.025282647,0.5620456,254.17851,2016-06-30,574237.8,16.741626822157436
1.0113932,-1.0528835,0.5369489,349.55017,2016-07-01,712051.2,20.759510204081632
1.9783425,-0.0069531333,0.53813505,221.11525,2016-07-02,874888.2,25.50694460641399
2.2890272,-0.16921765,0.51977724,336.20407,2016-07-03,850230.0,24.78804664723032
1.6282971,-0.9926883,0.5185769,349.18192,2016-07-04,720586.8,21.008361516034984
2.337365,-0.5960105,0.51855105,356.6109,2016-07-05,702813.6,20.49019241982507
3.81195,-0.16756132,0.45712978,362.08173,2016-07-06,884973.6,25.800979591836732
3.0911229,-0.20317619,0.44682223,352.9378,2016-07-07,1079094.6,31.46048396501458
2.1492438,-0.5310176,0.45201403,345.71204,2016-07-08,934981.2,27.258927113702622
2.5746875,-0.14711975,0.44680998,322.69336,2016-07-09,788862.6,22.998909620991252
2.2201269,-0.16859287,0.44961417,339.3689,2016-07-10,872803.8,25.446174927113702
2.0045993,-0.71998256,0.44784275,345.4024,2016-07-11,861202.8,25.10795335276968
1.8073177,-0.672806,0.45460963,334.05847,2016-07-12,878045.4,25.598991253644314
2.143347,-0.7644839,0.44699568,343.95398,2016-07-13,787797.0,22.967842565597667
2.8423984,-0.38511276,0.44454712,311.4325,2016-07-14,934758.0,27.252419825072884
3.9588025,-0.0014710956,0.44409877,336.67847,2016-07-15,1088400.6,31.731795918367347
4.0016828,-0.14938205,0.44603008,335.4746,2016-07-16,1177983.0,34.343527696793004
3.5800233,-0.03379504,0.4522525,243.97778,2016-07-17,1246554.0,36.34268221574344
3.79162,0.0,0.45148748,250.87051,2016-07-18,635756.4,18.53517201166181
-32.493534,-34.56978,0.8130373,0.0,2008-01-01,,4.309348305308508e-15
-30.502354,-32.67974,0.8183285,0.0,2008-01-02,,4.3121316555731846e-15
-28.8086,-31.607338,0.81861985,0.0,2008-01-03,,4.3117365147032904e-15
-28.833906,-30.413132,0.8112011,0.0072795516,2008-01-04,,4.312594559078861e-15
-22.658104,-23.557728,0.80959517,0.046752594,2008-01-05,,4.312956242147337e-15
-23.17028,-25.289139,0.8096084,0.09375246,2008-01-06,,4.312956242147337e-15
-23.382418,-26.920588,0.814852,0.15468684,2008-01-07,,4.312956242147337e-15
-7.2389984,-10.854703,0.81941485,0.0,2009-01-01,,4.309348305308508e-15
-6.0070953,-9.681965,0.8142258,0.0,2009-01-02,,4.3121316555731846e-15
-8.430211,-12.157964,0.8195975,0.0,2009-01-03,,4.3117365147032904e-15
-12.219109,-15.421274,0.81735504,0.0,2009-01-04,,4.312594559078861e-15
-8.540125,-11.684051,0.8105053,0.0,2009-01-05,,-7.356749153949453e-07
-3.044784,-6.373767,0.81178975,0.0,2009-01-06,,-1.3709109883420096e-06
-7.0477467,-10.384287,0.81045306,0.0,2009-01-07,,4.312956242147337e-15
-2.0715156,-3.519131,0.82828724,0.0,2010-01-01,,-0.0001901490275589
-6.618313,-10.202268,0.825209,0.0,2010-01-02,,4.3121316555731846e-15
-7.48613,-10.982294,0.8251666,0.0,2010-01-03,,4.3117365147032904e-15
-6.6278715,-10.286355,0.8248532,0.008233249,2010-01-04,,4.312594559078861e-15
-9.587289,-12.378994,0.8261722,0.051302228,2010-01-05,,4.312956242147337e-15
-10.377937,-13.478863,0.8187612,0.09887175,2010-01-06,,4.312956242147337e-15
-8.370086,-10.349251,0.8176298,0.13155252,2010-01-07,,4.312956242147337e-15
-3.897663,-6.814393,0.8147338,0.0,2011-01-01,,-3.704096598809284e-05
-3.1567035,-4.7232685,0.82020456,0.0,2011-01-02,,-0.0001081135140044
-4.4713426,-7.6656885,0.822616,0.0,2011-01-03,,-2.3437495677614462e-08
-5.834541,-9.278308,0.8196242,0.00789711,2011-01-04,,4.312594559078861e-15
-8.163028,-10.678177,0.81598085,0.04915145,2011-01-05,,4.312956242147337e-15
-9.811882,-12.102779,0.816097,0.0,2011-01-06,,4.312956242147337e-15
-15.233902,-16.77135,0.81894714,0.1510734,2011-01-07,,4.312956242147337e-15
-27.593178,-28.564869,0.8096971,0.0,2012-01-01,,4.309348305308508e-15
-33.041996,-34.644527,0.8169895,0.0,2012-01-02,,4.3121316555731846e-15
-30.461155,-32.901775,0.8171981,0.0,2012-01-03,,4.3117365147032904e-15
-27.06179,-30.136887,0.8126769,0.008479536,2012-01-04,,4.312594559078861e-15
-22.013197,-25.383085,0.81419945,0.0,2012-01-05,,4.312956242147337e-15
-17.599693,-20.044476,0.80970323,0.08975062,2012-01-06,,4.312956242147337e-15
-16.169666,-19.512024,0.8118836,0.0,2012-01-07,,4.312956242147337e-15
-23.972935,-27.214619,0.79684454,0.0,2013-01-01,,4.309348305308508e-15
-25.025776,-28.095936,0.7922262,0.0,2013-01-02,,4.3121316555731846e-15
-22.053635,-25.548565,0.79699767,0.0,2013-01-03,,4.3117365147032904e-15
-10.421695,-14.77294,0.79013264,0.0,2013-01-04,,4.312594559078861e-15
-16.684818,-18.490875,0.7894013,0.04490319,2013-01-05,,4.312956242147337e-15
-19.278496,-21.291647,0.7919847,0.095316924,2013-01-06,,4.312956242147337e-15
-9.721665,-13.408427,0.79248327,0.0,2013-01-07,,4.312956242147337e-15
-7.4732533,-10.799858,0.8099203,0.0,2014-01-01,,4.309348305308508e-15
-11.805492,-14.957033,0.81329596,0.0,2014-01-02,,4.3121316555731846e-15
-18.62368,-21.679544,0.8140329,0.0,2014-01-03,,4.3117365147032904e-15
-23.092323,-25.814655,0.81008,0.0,2014-01-04,,4.312594559078861e-15
-22.187477,-25.481827,0.8099872,0.0,2014-01-05,,4.312956242147337e-15
-21.625736,-24.208355,0.81089264,0.09510932,2014-01-06,,4.312956242147337e-15
-18.004318,-20.926048,0.81506014,0.16804737,2014-01-07,,4.312956242147337e-15
-12.445814,-15.087736,0.8121669,0.0,2015-01-01,,4.309348305308508e-15
-18.514887,-19.851788,0.8134046,0.0,2015-01-02,,4.3121316555731846e-15
-20.622513,-23.06449,0.81497234,0.0,2015-01-03,,4.3117365147032904e-15
-19.735592,-22.673077,0.8194734,0.008371896,2015-01-04,,4.312594559078861e-15
-25.208153,-28.098564,0.8215637,0.05185076,2015-01-05,,4.312956242147337e-15
-30.98386,-33.250195,0.81973755,0.10049937,2015-01-06,,4.312956242147337e-15
-30.056633,-32.29839,0.8169569,0.15591224,2015-01-07,,4.312956242147337e-15
-26.059917,-29.501228,0.8114894,0.0,2016-01-01,,4.309348305308508e-15
-13.167511,-16.254501,0.8114697,0.0,2016-01-02,,4.3121316555731846e-15
-10.344742,-13.75552,0.81144226,0.0,2016-01-03,,4.3117365147032904e-15
-8.050259,-11.341108,0.811388,0.008176816,2016-01-04,,4.312594559078861e-15
-7.24489,-11.337345,0.8113314,0.050719544,2016-01-05,,4.312956242147337e-15
-9.110781,-12.077232,0.8120792,0.0,2016-01-06,,4.312956242147337e-15
-9.629749,-12.76748,0.8131565,0.1652852,2016-01-07,,-3.3242861436430293e-12
