time,air_temp,ice_temp,albedo,shortwave_down,shortwave_up,longwave_down,longwave_up,sensible_heat_flux,latent_heat_flux,surface_energy_balance,meltwater_runoff
2008-01-01 12:00:00,-32.493534,-34.56978,0.8130373,0.0,0.0,123.22732,183.2694,33.995567,-0.7268758,-26.773384,4.309348305308508e-15
2008-01-02 12:00:00,-30.502354,-32.67974,0.8183285,0.0,0.0,119.73958,188.98512,55.303257,-2.8119812,-16.754269,4.3121316555731846e-15
2008-01-03 12:00:00,-28.8086,-31.607338,0.81861985,0.0,0.0,117.248535,192.3099,63.53588,-3.523553,-15.049043,4.3117365147032904e-15
2008-01-04 12:00:00,-28.833906,-30.413132,0.8112011,0.0072795516,0.0057810014,164.8967,196.86777,23.644213,-1.0691533,-9.39451,4.31259455907886e-15
2008-01-05 12:00:00,-22.658104,-23.557728,0.80959517,0.046752594,0.03737694,213.2001,219.92935,5.4047623,0.2778052,-1.037305,4.312956242147337e-15
2008-01-06 12:00:00,-23.17028,-25.289139,0.8096084,0.09375246,0.0749456,196.62991,213.88568,8.936455,0.8064552,-7.4940515,4.312956242147337e-15
2008-01-07 12:00:00,-23.382418,-26.920588,0.814852,0.15468684,0.1251084,153.03009,208.01254,46.999355,-0.6034548,-8.5569725,4.312956242147337e-15
2008-01-08 12:00:00,-20.947422,-24.225468,0.8130057,0.21747428,0.17567322,156.55273,217.16933,59.610184,-1.2853951,-2.2500024,4.312956242147337e-15
2008-01-09 12:00:00,-17.904385,-21.14404,0.8119617,0.28882527,0.23230448,176.58586,228.17691,51.35554,-0.34581658,-0.5248022,4.312956242147337e-15
2008-01-10 12:00:00,-16.48663,-19.8665,0.81573117,0.38174987,0.30610365,163.25688,232.68323,79.181,-7.2514114,2.578888,4.312956242147337e-15
2008-01-11 12:00:00,-13.679279,-16.860556,0.8104363,0.4248469,0.33933365,186.08417,244.07526,69.459045,-5.499283,6.054188,4.309348305308508e-15
2008-01-12 12:00:00,-12.6356945,-14.316263,0.80963844,0.4764017,0.38132632,237.69328,254.3286,20.251472,3.9494858,7.660719,4.3121316555731846e-15
2008-01-13 12:00:00,-16.504616,-18.153526,0.81000483,0.6679884,0.53461504,212.80771,239.79979,19.657078,1.3411438,-5.860486,4.3117365147032904e-15
2008-01-14 12:00:00,-24.975254,-27.269459,0.8152189,1.0024269,0.8083438,154.59305,206.85162,33.658596,2.0412447,-16.36465,4.31259455907886e-15
2008-01-15 12:00:00,-26.47866,-28.582642,0.81289345,1.295709,1.045768,152.27264,202.46454,34.409317,0.95512724,-14.577507,4.312956242147337e-15
2008-01-16 12:00:00,-27.102413,-29.165436,0.8129778,1.6215516,1.3064358,148.01064,200.47992,40.716194,-1.2202976,-12.658271,4.312956242147337e-15
2008-01-17 12:00:00,-21.610336,-23.594828,0.81267565,1.6547728,1.3242064,176.76366,219.8581,51.357147,-6.1321206,2.4611564,4.312956242147337e-15
2008-01-18 12:00:00,-15.500296,-16.367516,0.8096899,1.564959,1.25408,233.19427,246.40314,22.438026,-3.4326982,6.1073446,4.312956242147337e-15
2008-01-19 12:00:00,-15.480481,-17.44222,0.8097352,2.2757912,1.8229167,206.6227,242.36218,51.925476,-10.82094,5.8179226,4.312956242147337e-15
2008-01-20 12:00:00,-6.5061135,-9.222887,0.80968845,2.190676,1.7507913,245.22122,274.8421,108.160416,-63.755474,15.223942,4.312956242147337e-15
2008-01-21 12:00:00,-7.9837303,-10.595764,0.80966353,2.93399,2.3266134,224.20578,269.10904,133.39735,-81.006134,8.095337,4.309348305308508e-15
2008-01-22 12:00:00,-13.269171,-14.635174,0.8096558,2.226137,1.7641852,244.63547,253.2214,14.761755,-4.5731936,2.0645761,4.3121316555731846e-15
2008-01-23 12:00:00,-16.221758,-17.39652,0.81102896,3.7365649,2.9568248,209.54166,242.57529,27.53503,-2.2286549,-6.9475155,4.3117365147032904e-15
2008-01-24 12:00:00,-24.47968,-26.348764,0.8116874,4.5384903,3.589628,158.38907,210.01923,34.117016,-0.15574342,-16.72002,4.31259455907886e-15
2008-01-25 12:00:00,-22.109531,-22.994911,0.80965877,4.515661,3.5708547,197.69882,221.84158,17.029217,-1.252422,-7.421161,4.312956242147337e-15
2008-01-26 12:00:00,-26.152449,-28.125608,0.813435,7.0276937,5.6146545,139.31073,203.88837,48.47381,-3.4529166,-18.143705,4.312956242147337e-15
2008-01-27 12:00:00,-26.337856,-28.677723,0.8149605,6.0991325,4.829536,137.40082,201.96867,53.268566,-3.3019886,-13.331682,4.312956242147337e-15
2008-01-28 12:00:00,-23.356068,-24.269392,0.80965936,5.7030125,4.507203,192.74274,217.31223,20.48295,-1.2828301,-4.17356,4.312956242147337e-15
2008-01-29 12:00:00,-23.795765,-24.65435,0.8096826,6.077566,4.81133,195.4539,216.2172,10.178827,-0.27062753,-9.588856,4.312956242147337e-15
2008-01-30 12:00:00,-26.122383,-28.207487,0.8096949,8.816612,6.9822235,146.18073,203.82578,50.948067,-4.2371793,-9.099773,4.312956242147337e-15
2008-01-31 12:00:00,-10.847723,-13.895334,0.8102548,7.4578,5.893843,212.85861,255.78058,86.66037,-28.625565,16.676796,4.312956242147337e-15
2008-02-01 12:00:00,-11.926239,-14.794088,0.81581104,11.055431,8.82161,192.15396,252.1703,75.996506,-10.3301115,7.883874,4.309348305308508e-15
2008-02-02 12:00:00,-14.363993,-16.197735,0.81036067,9.54023,7.548798,213.65793,247.13672,38.876175,-8.299868,-0.9110508,4.3121316555731846e-15
2008-02-03 12:00:00,-15.184347,-16.063774,0.8095883,8.3671,6.6101556,230.74857,247.57002,17.920292,0.84877014,3.7045498,4.3117365147032904e-15
2008-02-04 12:00:00,-18.487923,-19.798994,0.8095952,9.318115,7.3603134,197.61935,233.34421,28.204933,-0.9630989,-6.5252175,4.31259455907886e-15
2008-02-05 12:00:00,-23.204868,-24.986565,0.80959785,12.533413,9.90073,165.46733,214.79062,29.14869,0.5685995,-16.973316,4.312956242147337e-15
2008-02-06 12:00:00,-30.599838,-31.774021,0.81054735,11.963814,9.4710865,151.44888,192.27835,16.690773,-0.21189368,-21.857859,4.312956242147337e-15
2008-02-07 12:00:00,-30.826344,-31.063484,0.8096165,12.645431,10.009967,171.81104,194.64111,2.6224246,-0.119369,-17.691559,4.312956242147337e-15
2008-02-08 12:00:00,-36.013557,-36.76839,0.81278336,20.271254,16.1531,135.48413,177.15744,7.7227807,-0.20798673,-30.04036,4.312956242147337e-15
2008-02-09 12:00:00,-38.15835,-40.258087,0.81828284,23.406906,18.744331,99.4781,166.32413,37.523857,-0.84573704,-25.50533,4.312956242147337e-15
2008-02-10 12:00:00,-32.211834,-34.52745,0.81418407,17.983932,14.232922,122.8429,183.33047,44.9245,-0.9133395,-12.725401,4.312956242147337e-15
2008-02-11 12:00:00,-32.59613,-33.753586,0.8105152,18.5902,14.713154,149.40404,186.03113,16.209194,0.011661731,-16.52919,4.309348305308508e-15
2008-02-12 12:00:00,-34.944397,-37.18232,0.8162367,28.546001,22.81267,113.069016,175.3064,37.202984,-0.4298545,-19.730923,4.3121316555731846e-15
2008-02-13 12:00:00,-14.665501,-17.686947,0.80962646,13.46766,10.637504,216.8506,242.80392,96.90927,-46.609886,27.176216,4.3117365147032904e-15
2008-02-14 12:00:00,-10.250242,-13.553206,0.8126743,28.117641,22.140518,189.43948,256.95856,98.853424,-21.878574,15.432899,4.31259455907886e-15
2008-02-15 12:00:00,-12.844593,-15.85966,0.81464744,31.73305,25.109112,179.83046,247.9847,79.55168,-11.699554,6.3218307,4.312956242147337e-15
2008-02-16 12:00:00,-8.055054,-10.634066,0.8096441,18.798672,14.774834,234.00879,269.21777,70.019394,-19.541126,19.293121,4.312956242147337e-15
2008-02-17 12:00:00,-6.58382,-9.346512,0.8096553,23.175594,18.188423,241.86438,274.44635,57.554283,-16.163862,13.795622,4.312956242147337e-15
2008-02-18 12:00:00,-11.834841,-13.75668,0.8110509,24.584679,19.357243,226.29169,256.65002,30.618732,-2.5647311,2.9231,4.312956242147337e-15
2008-02-19 12:00:00,-16.946697,-17.20101,0.8097142,23.505886,18.643074,231.8778,243.42102,2.2643013,0.1950951,-4.2210045,4.312956242147337e-15
2008-02-20 12:00:00,-24.21925,-26.503319,0.81805944,43.695778,35.015182,146.34946,209.54169,35.448967,-0.89989847,-19.962566,4.312956242147337e-15
2008-02-21 12:00:00,-24.012413,-25.547066,0.8102187,33.723827,26.709007,174.23544,212.92294,25.927074,-2.2932265,-8.038832,4.309348305308508e-15
2008-02-22 12:00:00,-21.523499,-23.064325,0.809725,37.264336,29.521067,172.33777,221.39374,39.389084,-3.4686465,-5.392261,4.3121316555731846e-15
2008-02-23 12:00:00,-22.76998,-24.178253,0.8097995,37.041817,29.325186,173.07233,217.55682,35.02118,-6.026408,-7.773097,4.3117365147032904e-15
2008-02-24 12:00:00,-24.60427,-26.822039,0.8167582,53.99192,43.14285,134.96777,208.28902,59.810738,-6.033451,-8.694885,4.31259455907886e-15
2008-02-25 12:00:00,-15.566952,-18.25856,0.8097259,45.615284,36.043312,168.88098,238.73378,89.36193,-22.13208,6.949024,4.312956242147337e-15
2008-02-26 12:00:00,-15.90915,-18.437376,0.8097271,44.376328,34.965134,172.88535,238.21762,70.815186,-14.853317,0.040786743,4.312956242147337e-15
2008-02-27 12:00:00,-20.657553,-21.272768,0.80974174,37.766388,29.834099,210.47781,228.31847,5.4306097,-0.0017009117,-4.4794545,4.312956242147337e-15
2008-02-28 12:00:00,-25.383648,-27.223701,0.81292224,61.38424,48.786263,149.22284,207.2555,29.713955,-1.6166754,-17.337399,4.312956242147337e-15
2008-02-29 12:00:00,-23.31499,-25.342482,0.8142055,45.511116,35.938835,154.55014,213.63832,47.239685,-2.311048,-4.5872626,4.312956242147337e-15
2008-03-01 12:00:00,-23.470894,-25.968168,0.81237864,56.691544,44.742485,145.55118,211.2775,48.459908,-3.232676,-8.550028,4.309348305308508e-15
2008-03-02 12:00:00,-21.156532,-23.296497,0.80974525,49.092377,38.743385,179.50082,220.87038,30.556969,-0.83165944,-1.295252,4.3121316555731846e-15
2008-03-03 12:00:00,-21.717674,-23.241089,0.8130269,69.312485,55.177418,172.70586,221.1312,28.142372,-2.153435,-8.301334,4.3117365147032904e-15
2008-03-04 12:00:00,-16.512598,-19.265064,0.81494933,69.94847,55.427208,167.54245,236.14417,69.32835,-3.8761292,11.371765,4.31259455907886e-15
2008-03-05 12:00:00,-9.934527,-12.186685,0.8097565,49.28091,38.877403,225.11554,262.7527,63.53079,-25.25684,11.04031,4.312956242147337e-15
2008-03-06 12:00:00,-16.834368,-17.624104,0.8097586,51.71673,40.861935,217.8562,241.86691,11.740104,-3.0425518,-4.4583664,4.312956242147337e-15
2008-03-07 12:00:00,-24.343605,-25.850096,0.81032324,71.7058,56.64879,155.56857,211.83925,26.129921,-0.26715535,-15.350896,4.312956242147337e-15
2008-03-08 12:00:00,-27.268242,-28.93412,0.8134912,82.8479,65.63819,138.69965,201.44513,29.281103,-1.1162,-17.37087,4.312956242147337e-15
2008-03-09 12:00:00,-31.750477,-32.740017,0.812732,69.13219,54.55686,144.105,189.70218,12.231661,-0.42826205,-19.21846,4.312956242147337e-15
2008-03-10 12:00:00,-25.377445,-27.198584,0.81010616,75.07147,59.2425,175.88968,208.06516,13.760662,0.26813427,-2.3177078,4.312956242147337e-15
2008-03-11 12:00:00,-12.829101,-16.08009,0.8126111,91.97544,72.653336,171.814,247.21973,83.77841,-15.520718,12.174068,4.309348305308508e-15
2008-03-12 12:00:00,-14.430329,-17.349781,0.812442,85.679184,67.59184,177.85805,242.5201,54.592033,-4.767547,3.2497792,4.3121316555731846e-15
2008-03-13 12:00:00,-18.16476,-20.611977,0.81195474,91.70552,72.2439,168.53012,230.48605,42.457294,-2.027901,-2.064915,4.3117365147032904e-15
2008-03-14 12:00:00,-19.341095,-21.220331,0.8107631,101.84972,80.53465,185.25409,228.52565,18.12956,0.98207736,-2.8448594,4.31259455907886e-15
2008-03-15 12:00:00,-8.934143,-11.8088875,0.8097714,88.076225,69.52181,225.13185,264.4675,41.615685,-3.2423,17.59215,4.312956242147337e-15
2008-03-16 12:00:00,-4.7478952,-7.7716713,0.80974764,96.48637,75.991196,227.10895,280.9383,85.006096,-33.307137,18.364784,-1.9962580955201365e-10
2008-03-17 12:00:00,-8.196119,-10.837738,0.8121478,105.53682,82.97858,201.03831,268.18134,73.33583,-22.921291,5.8297615,4.312956242147337e-15
2008-03-18 12:00:00,-16.625734,-17.81908,0.813099,82.78512,65.04326,199.32097,241.26279,18.673655,-1.9217418,-7.448046,4.312956242147337e-15
2008-03-19 12:00:00,-21.1576,-23.15121,0.8135309,110.85892,87.18328,160.0597,221.64061,28.58897,-2.279247,-11.595558,4.312956242147337e-15
2008-03-20 12:00:00,-14.653576,-17.4224,0.81619394,120.90251,95.10263,171.73987,242.5773,64.01438,-12.4038725,6.572957,4.312956242147337e-15
2008-03-21 12:00:00,-4.911036,-6.896097,0.81410277,54.978134,43.416412,256.7371,285.2084,49.60221,-9.915201,22.777418,-0.0002674859737904311
2008-03-22 12:00:00,0.9295852,-0.28298187,0.7401262,59.36888,40.7668,310.1121,315.35828,27.262793,1.1884967,41.807186,-2.88684715518401
2008-03-23 12:00:00,2.2259898,-0.107343145,0.71384484,92.90094,62.618523,295.06403,316.49768,35.71815,8.292269,52.859184,1.2254998988363512
2008-03-24 12:00:00,-2.4265506,-3.2109206,0.8406975,86.17165,71.63266,272.36707,301.32263,11.017689,-1.0235436,-4.422427,0.07140701787355408
2008-03-25 12:00:00,-5.987541,-8.45053,0.86288595,106.97231,88.448135,229.40053,278.4284,41.188328,-12.729584,-2.0449562,0.0007022775053473702
2008-03-26 12:00:00,-8.019963,-10.286417,0.8607596,101.58825,83.77753,232.66422,271.12506,22.596237,-4.8824415,-2.936328,1.327971641113696e-15
2008-03-27 12:00:00,-9.809122,-12.197215,0.8590112,130.53387,107.25578,213.60968,263.46194,24.156788,-1.9473767,-4.364762,1.327971641113696e-15
2008-03-28 12:00:00,-12.042351,-13.565819,0.85813653,115.2381,94.60342,221.16878,258.06018,16.642303,-3.1224818,-2.7368999,1.327971641113696e-15
2008-03-29 12:00:00,-13.911795,-13.98638,0.8532251,118.99647,97.29611,234.7919,256.40643,-2.9845912,-2.025321,-4.9240894,1.327971641113696e-15
2008-03-30 12:00:00,-17.684134,-17.636572,0.84162474,137.73059,110.99681,207.58568,242.24426,-3.222958,-1.8176222,-12.9653845,1.327971641113696e-15
2008-03-31 12:00:00,-20.736115,-21.932861,0.84006375,162.57574,130.41812,169.77608,226.69675,7.7008905,-1.0247147,-18.086872,1.327971641113696e-15
2008-04-01 12:00:00,-10.202295,-13.471098,0.84171134,156.10837,125.23201,187.38116,258.29187,82.788284,-25.802677,16.95126,4.309348305308508e-15
2008-04-02 12:00:00,-5.6907377,-8.860511,0.8351753,167.1012,132.73492,204.60681,276.6314,90.44446,-38.08371,14.702423,4.3121316555731846e-15
2008-04-03 12:00:00,-7.5110464,-10.462059,0.8355941,178.10266,141.12949,193.84612,269.98892,80.21214,-34.754253,6.2882576,4.3117365147032904e-15
2008-04-04 12:00:00,-5.3925858,-8.755716,0.8441426,175.10179,139.93292,193.04456,277.03857,113.731346,-51.34887,13.557327,-4.862363175131401e-09
2008-04-05 12:00:00,-1.823019,-4.7254896,0.8395958,147.34885,117.74296,241.1037,294.6613,82.52873,-34.06205,24.514984,-1.8576078091651695e-05
2008-04-06 12:00:00,-2.4019022,-4.348839,0.8354176,170.66385,135.01427,246.7425,296.28845,36.764835,-13.034258,9.8342,-7.801229500376794e-06
2008-04-07 12:00:00,-5.5603223,-7.342438,0.83777666,102.916885,82.1381,240.72421,283.28363,48.55488,-19.746962,7.0272846,-1.5443832552664973e-05
2008-04-08 12:00:00,-13.4142685,-13.349046,0.81927454,129.16179,100.44126,222.31686,258.6076,-0.3043096,-11.195946,-19.070469,4.312956242147337e-15
2008-04-09 12:00:00,-17.412056,-18.72218,0.8124584,201.89789,155.31882,158.42616,237.59256,20.463139,-10.138887,-22.263075,4.312956242147337e-15
2008-04-10 12:00:00,-17.23477,-19.41108,0.81363285,206.16852,158.48969,149.69574,235.42732,32.45799,-7.4313955,-13.026156,4.312956242147337e-15
2008-04-11 12:00:00,-16.939568,-19.152855,0.8121748,195.6271,151.22351,164.28372,236.87741,17.42546,0.57477105,-10.189862,4.309348305308508e-15
2008-04-12 12:00:00,-14.219177,-15.78207,0.81038046,169.64499,131.29295,198.66061,249.3329,23.972431,-5.758635,5.8935447,4.3121316555731846e-15
2008-04-13 12:00:00,-9.945452,-11.209141,0.8085755,152.18867,117.14586,237.89566,267.48938,21.963951,-14.390697,13.022351,4.3117365147032904e-15
2008-04-14 12:00:00,-10.656019,-12.565202,0.8071581,182.657,140.54633,200.1616,262.00397,27.994038,-7.343157,0.91919136,4.31259455907886e-15
2008-04-15 12:00:00,-8.980152,-12.175299,0.80726504,206.80527,159.29114,204.3246,264.60822,22.337782,-0.5859388,8.982358,-7.78796825316436e-12
2008-04-16 12:00:00,0.26274267,-3.3029218,0.79632807,206.4906,154.71397,232.39935,301.12903,103.0865,-51.839874,34.29358,-2.619504386881914e-06
2008-04-17 12:00:00,1.726825,-0.99739474,0.75470734,156.21733,108.38855,277.63806,312.51694,63.17833,-36.996872,39.131363,0.4246772713842857
2008-04-18 12:00:00,-1.5619714,-2.5301232,0.7831634,133.68959,100.29542,280.7271,304.78287,7.9038095,-11.761737,5.480489,0.09903445493192313
2008-04-19 12:00:00,-4.3954954,-6.3831596,0.78707445,224.6112,167.73341,213.87007,287.80817,25.077074,-9.36478,-1.3480091,0.00021149954267647036
2008-04-20 12:00:00,-3.1704807,-5.068589,0.7885506,148.50366,111.82887,261.61713,293.84216,25.114594,-11.878361,17.685986,-1.7118980851444943e-06
2008-04-21 12:00:00,-5.1266747,-5.962105,0.7906968,182.0795,137.3609,244.38934,289.66504,11.757616,-14.143301,-2.9427834,-1.594775670777701e-06
2008-04-22 12:00:00,-11.084864,-10.896755,0.8010894,223.70032,170.58997,220.20349,268.5441,-10.967013,-3.1466906,-9.343959,2.1779238616530958e-12
2008-04-23 12:00:00,-12.062583,-12.779292,0.79295695,244.03055,183.11703,193.79309,261.48486,0.17979026,-1.052031,-7.6505,1.3275960835228832e-15
2008-04-24 12:00:00,-13.272949,-14.444366,0.79352355,255.76007,191.56522,179.17368,255.17038,5.075718,-1.8886148,-8.614746,1.3278602778558648e-15
2008-04-25 12:00:00,-7.8554325,-10.666504,0.79495573,253.24963,189.73601,200.86963,270.86584,24.226955,-5.0629826,12.681383,-1.984065542538656e-10
2008-04-26 12:00:00,-5.415003,-7.4490843,0.79383534,241.41641,181.73094,217.65936,283.84985,25.07758,-6.44314,12.129419,1.327971641113696e-15
2008-04-27 12:00:00,-9.157721,-8.826827,0.80171275,239.80658,183.45648,233.3109,277.90582,-6.3730364,-5.406422,-0.024285793,1.327971641113696e-15
2008-04-28 12:00:00,-7.157072,-9.115459,0.8057362,221.84451,169.53159,223.51257,276.95486,31.87759,-19.53639,11.211836,-3.906388735240958e-08
2008-04-29 12:00:00,-1.8889335,-3.408843,0.7964675,188.75674,142.61195,254.72588,300.67847,40.991253,-22.000126,19.183327,-2.5227652766440155e-05
2008-04-30 12:00:00,0.03696981,-0.7138177,0.75122267,64.04478,44.244698,308.31122,313.12146,14.310593,-1.6854236,27.615007,-6.149482993075018
2008-05-01 12:00:00,0.12602201,-0.13772961,0.7825102,174.14642,121.150375,303.8537,316.66376,-1.8181741,-2.036642,36.331177,5.47045085371298
2008-05-02 12:00:00,-3.4680505,-3.8031898,0.8623818,270.76,222.13562,241.66507,299.08548,-1.4625654,-3.054801,-13.313387,0.7443258757798611
2008-05-03 12:00:00,-5.840516,-8.194062,0.86034447,284.7599,230.4595,200.31378,280.31427,27.06454,-8.425697,-7.06126,0.0015609833647977469
2008-05-04 12:00:00,-4.9632106,-7.460145,0.8438031,289.99628,228.574,205.59464,283.69476,28.338184,-8.923464,2.736864,1.3278602778558648e-15
2008-05-05 12:00:00,-3.2576327,-6.3521414,0.833274,296.0143,232.70349,204.20901,288.2673,63.03792,-30.74036,11.550095,-9.689246730493785e-08
2008-05-06 12:00:00,0.8248125,-2.1057692,0.78234017,276.7169,198.75084,233.03413,307.11212,59.15963,-33.11045,29.93724,1.3737903129397102
2008-05-07 12:00:00,-1.1205508,-3.1836805,0.78884065,270.71924,199.96388,231.68103,302.5368,25.6778,-16.165096,9.412285,0.6465105791477127
2008-05-08 12:00:00,-2.7005007,-4.6721454,0.7948022,288.64105,217.41779,223.58557,296.61246,7.797171,-7.0992956,-1.1057439,0.09254452422632088
2008-05-09 12:00:00,-3.9214048,-6.021009,0.7937393,309.43597,231.01602,197.38402,290.07428,17.975471,-2.5510395,1.1541226,0.00014782829334109688
2008-05-10 12:00:00,-7.6469326,-9.231729,0.7937107,314.15637,234.55478,187.00262,276.37433,10.672228,-9.545645,-8.643528,1.327971641113696e-15
2008-05-11 12:00:00,-4.2958245,-6.8738723,0.79372656,310.9884,232.10068,197.41896,286.35724,36.09918,-18.097935,7.950691,-2.085585582058967e-09
2008-05-12 12:00:00,-3.0093539,-5.5883226,0.79350185,313.7664,234.11887,206.23839,291.8913,33.91364,-15.701347,12.206905,-4.514579608107852e-07
2008-05-13 12:00:00,0.21672684,-2.7447746,0.74158454,265.4511,180.85123,246.7381,305.09882,37.55652,-7.1402287,56.655457,5.335036258162146
2008-05-14 12:00:00,2.756871,-0.18844646,0.6425942,230.11493,140.74623,287.3036,317.15765,29.604656,-3.756928,85.362366,15.291751241910392
2008-05-15 12:00:00,0.09583548,-1.016813,0.67860574,309.05972,203.04556,250.28581,311.86957,13.686497,-26.789455,31.327446,13.027549094509736
2008-05-16 12:00:00,-1.4971185,-2.8106441,0.6681441,315.23477,199.58728,222.93529,304.0241,10.62874,-14.545603,30.641806,9.248639116604249
2008-05-17 12:00:00,0.08026713,-2.3008757,0.6593881,314.44058,194.62595,234.5721,306.76697,28.630718,-24.139763,52.110725,11.704035392530262
2008-05-18 12:00:00,1.5754405,-1.0502193,0.6565492,257.27655,159.51022,262.22656,313.2786,18.145382,-7.088381,57.7713,12.017474265632616
2008-05-19 12:00:00,0.43054485,-0.0045746695,0.700703,95.971954,67.03104,313.81934,317.19574,-0.9034924,-0.682601,23.97842,4.454483836866473
2008-05-20 12:00:00,-1.8530908,-1.0235856,0.8233902,193.85617,151.73575,298.6076,311.63867,-12.70168,-11.750437,4.6372395,1.975229649050493
2008-05-21 12:00:00,-8.211319,-8.631855,0.85432696,322.14374,260.28653,207.63927,278.8968,-5.942506,-6.3500123,-21.692833,0.13696629801687488
2008-05-22 12:00:00,-10.611855,-11.801537,0.8393087,350.69455,276.48877,180.5599,265.84933,1.6788869,-7.533736,-16.9385,0.00029763031086472926
2008-05-23 12:00:00,-4.4833846,-6.9988017,0.828335,332.38416,259.90994,206.86374,285.80875,38.728905,-26.118252,6.1398582,-2.404827949060666e-07
2008-05-24 12:00:00,-0.21728757,-2.748705,0.7837509,304.14954,221.06409,238.71376,305.05682,39.821335,-22.075918,34.4878,2.060811317813041
2008-05-25 12:00:00,2.374343,-1.01583,0.7184831,301.08032,193.29257,249.82367,313.2583,62.206787,-29.552309,77.0076,13.187027829354445
2008-05-26 12:00:00,2.76286,-0.20177312,0.65687263,283.67633,176.04623,260.80652,316.65494,60.87375,-31.493559,81.161865,22.10655775970868
2008-05-27 12:00:00,1.118701,-1.1147904,0.658504,319.56213,198.58891,246.89044,312.36874,17.475315,-9.590162,63.380066,17.319159474273977
2008-05-28 12:00:00,2.5595262,-0.13846684,0.6336407,287.19427,175.13281,271.4653,317.30505,33.60434,-11.651969,88.17408,22.32439047772218
2008-05-29 12:00:00,3.9942284,0.0,0.57760787,83.20674,48.564552,313.42426,317.872,130.9216,-89.84479,71.27124,22.814691906792337
2008-05-30 12:00:00,-0.18722862,-1.1604846,0.6172034,247.1387,152.52922,260.8586,310.7542,28.379963,-51.346367,21.747475,10.319606622568983
2008-05-31 12:00:00,-1.3771186,-2.9617171,0.6301452,357.2705,214.73257,213.95139,303.24664,13.801529,-23.11226,43.931946,13.25760820450517
2008-06-01 12:00:00,-1.8215613,-3.1186543,0.6114795,354.44937,207.70132,212.94754,302.86203,5.972039,-19.125414,43.680183,15.227184085543556
2008-06-02 12:00:00,-1.7691644,-2.9664996,0.6084473,360.14038,209.64453,214.7543,303.73584,3.3637693,-17.225065,47.653015,16.878731110042324
2008-06-03 12:00:00,-0.8030633,-2.6650486,0.6042067,362.44183,209.22913,216.56282,304.99582,15.118147,-20.566017,59.33184,18.578393453895266
2008-06-04 12:00:00,-0.1992231,-2.1085014,0.60468125,364.25952,210.37485,219.89864,307.70526,15.753933,-19.2836,62.548386,19.815535179847387
2008-06-05 12:00:00,2.0846612,-0.9064419,0.5996076,346.24734,198.50755,241.47583,313.54694,36.642483,-16.040821,96.270355,27.532317068620873
2008-06-06 12:00:00,1.0897945,-1.0659288,0.6091392,334.79974,198.0099,244.94844,313.05746,9.29104,-5.6386485,72.333206,24.96418832175109
2008-06-07 12:00:00,1.5716251,-1.068857,0.6062521,356.5935,207.68845,235.99695,312.49545,39.27083,-18.482876,93.1945,29.253207470378563
2008-06-08 12:00:00,2.7062864,-0.1556921,0.6087936,294.8134,175.54553,268.89154,316.9652,56.8489,-22.546038,105.497055,32.47067303656155
2008-06-09 12:00:00,3.1433601,-0.2447194,0.5957949,363.03473,208.41074,240.49721,316.3214,80.81487,-39.531853,120.0828,38.03278657100241
2008-06-10 12:00:00,2.5273046,-0.29545856,0.53956985,347.40027,175.01752,239.65948,315.56512,61.35737,-23.587084,134.24739,39.278441099524755
2008-06-11 12:00:00,2.4990752,-0.19869827,0.5161041,337.79312,167.95605,250.78896,316.3093,42.004795,-13.964562,132.35695,37.886643071084464
2008-06-12 12:00:00,3.534085,-0.4345277,0.5213006,285.55402,144.0957,267.5155,316.20282,82.18826,-10.15866,164.8006,42.32300199570923
2008-06-13 12:00:00,5.0383935,0.0,0.48698676,85.00153,39.43441,330.96503,320.4099,114.68022,50.080124,220.88258,63.73812107312695
2008-06-14 12:00:00,1.5161319,-0.053413287,0.44785303,309.1895,132.26276,279.31647,318.21466,8.792355,3.6158805,150.4368,42.50812994392058
2008-06-15 12:00:00,1.3419365,-0.8302453,0.4463802,369.92053,156.41687,228.43039,313.85892,8.544167,-6.296216,130.32307,32.90832227316796
2008-06-16 12:00:00,2.9025512,-0.5212804,0.45094427,340.2456,147.15979,253.1878,315.67532,45.170307,-21.425943,154.34265,39.6185350144103
2008-06-17 12:00:00,3.7254534,-0.0010149213,0.45103616,190.14351,82.67875,316.6192,318.90765,45.812595,-7.9932895,142.99562,38.3848523445551
2008-06-18 12:00:00,3.9832568,0.0,0.45160568,151.6781,66.257835,321.30124,318.9862,48.660534,-1.0822716,135.31355,36.30067677268312
2008-06-19 12:00:00,0.5463096,-0.15993108,0.47064203,317.33575,146.8059,274.09204,317.07037,-2.6823912,-4.3678284,120.50131,30.782009384801597
2008-06-20 12:00:00,0.86377823,-1.0936404,0.49492937,367.32532,174.30466,230.67479,312.8926,4.151696,-7.3470197,107.60751,25.47906697700403
2008-06-21 12:00:00,1.1192132,-1.2525543,0.5108769,367.97394,176.14716,231.68509,311.98358,14.677418,-8.356162,117.84954,27.712917703457375
2008-06-22 12:00:00,1.3218088,-1.1122789,0.51009846,369.73422,176.56076,235.4206,312.70123,17.790083,-8.83549,124.84742,29.41336468229067
2008-06-23 12:00:00,1.5135448,-0.90550363,0.50910604,372.32062,177.4603,233.88681,313.3238,24.28175,-10.741235,128.96385,30.8035951508729
2008-06-24 12:00:00,1.700232,-0.99000645,0.5082997,375.52515,178.75879,226.04037,312.6195,36.98487,-22.257713,124.914375,30.566736491971536
2008-06-25 12:00:00,2.0134902,-0.5529747,0.48675764,359.8115,162.3648,239.5321,315.12018,27.817703,-5.769435,143.90688,36.176171770220016
2008-06-26 12:00:00,1.5711769,-0.7333586,0.44628268,366.61334,154.98477,236.37233,314.4467,13.386062,-5.843269,141.09702,37.105788983401084
2008-06-27 12:00:00,1.6750773,-0.9849988,0.44641972,360.72424,152.48494,236.66234,312.97327,35.49114,-11.502397,155.91711,39.21081861944405
2008-06-28 12:00:00,2.233058,-0.35035262,0.445555,358.03064,151.26204,246.38795,315.848,35.707638,-9.386452,163.62976,45.25874846010663
2008-06-29 12:00:00,2.191581,-0.139168,0.48676467,316.99033,154.29276,271.90414,317.56653,20.07541,0.06547679,137.17607,39.64350950549092
2008-06-30 12:00:00,1.4141539,-0.8060484,0.51675504,358.08566,176.91133,240.83812,314.0678,12.563662,-2.941721,117.56658,32.40916070579005
2008-07-01 12:00:00,1.2793792,-1.0689251,0.5217217,349.53558,175.63365,240.08853,312.92188,12.485081,-3.484505,110.06916,31.974359740248655
2008-07-02 12:00:00,1.5328779,-0.88115764,0.514297,358.3064,177.16603,243.0253,313.8999,13.779543,-3.4937525,120.55155,33.28156779449731
2008-07-03 12:00:00,1.7605708,-0.9339416,0.5157101,364.7616,179.699,236.16309,313.43085,25.75444,-4.566163,128.98311,35.07807508607093
2008-07-04 12:00:00,4.8401604,0.0,0.514316,360.8697,177.29543,246.86642,318.47366,120.82232,-25.802357,206.98698,56.27740069574605
2008-07-05 12:00:00,3.9138346,-0.019575331,0.45129392,355.92615,150.88223,245.29575,318.0962,78.79923,-18.394268,192.64842,52.780924033837465
2008-07-06 12:00:00,3.3064723,0.0,0.45070308,309.0583,134.57382,277.70212,318.56396,43.837357,10.022263,187.48224,51.36647274533549
2008-07-07 12:00:00,2.4525335,-0.24851015,0.44787776,347.40576,149.3352,254.26236,316.7336,28.414803,-2.5922189,161.42188,41.38741233550555
2008-07-08 12:00:00,3.549419,-0.08633338,0.4480176,337.08804,143.44217,247.52179,317.571,63.43985,-1.8198342,185.21666,49.27957115302093
2008-07-09 12:00:00,3.5576038,-0.049375217,0.4515086,264.22186,115.21626,277.5797,318.23026,60.15914,11.361521,179.87572,48.371254095282666
2008-07-10 12:00:00,3.4054258,-0.015649477,0.45453215,307.2142,134.30713,260.91022,317.98718,52.304344,8.485614,176.62007,49.545248972326604
2008-07-11 12:00:00,2.8077817,-0.07725294,0.4464702,331.79904,141.66536,260.20654,318.1997,14.404715,1.9915402,148.53677,39.632688311692895
2008-07-12 12:00:00,1.9451667,-0.066240735,0.4517513,133.87671,58.320717,310.0803,317.9322,14.91869,11.736544,94.35933,27.401413970254836
2008-07-13 12:00:00,1.7227069,-0.020568954,0.44578397,309.18445,131.25162,276.43884,317.83932,12.439405,4.5469494,153.5187,39.511082588348785
2008-07-14 12:00:00,2.1199872,-0.3639181,0.44604743,338.46573,143.29398,248.91537,315.98633,20.867554,-3.5279403,145.44041,37.45015128888612
2008-07-15 12:00:00,2.0068212,-0.48715538,0.44737315,341.43134,144.6338,240.82007,315.1579,28.877876,-9.273404,142.06418,37.2849925060184
2008-07-16 12:00:00,2.1480668,-0.6835293,0.44748372,342.37015,145.07245,237.41849,314.4842,30.331924,-7.4957275,143.06819,36.94586021382846
2008-07-17 12:00:00,2.0787046,-0.6838058,0.44852158,320.9894,136.32373,247.3373,314.62396,24.16945,-2.908732,138.63972,35.629584673904326
2008-07-18 12:00:00,2.7028508,-0.38014773,0.44781023,334.2159,141.7644,246.14111,316.01178,40.113823,2.76438,165.45905,43.717049750337594
2008-07-19 12:00:00,2.6215277,-0.4403514,0.44686365,337.72723,143.23157,237.95108,315.49683,42.971756,-13.384669,146.537,39.76006621203534
2008-07-20 12:00:00,2.1441526,-0.6730839,0.4509092,323.9091,139.36957,243.03241,314.5761,29.213129,-14.304947,127.90401,34.13500300139483
2008-07-21 12:00:00,2.3193734,-0.13821486,0.45238015,117.36393,51.17182,309.39502,317.0202,18.242153,2.6222367,79.43132,22.738937287826605
2008-07-22 12:00:00,-0.7270505,-0.6066631,0.5135682,237.39267,118.3022,277.88904,314.44165,-6.202789,-7.129916,69.205154,18.495707385569375
2008-07-23 12:00:00,-2.0196002,-3.4431987,0.7464763,326.84473,229.09146,229.22112,301.7876,4.098046,-7.751682,21.533146,10.552298901684813
2008-07-24 12:00:00,2.312239,-0.75769997,0.63128054,200.8287,114.89097,282.98322,314.38278,43.087036,-25.343998,72.281204,14.632140671743674
2008-07-25 12:00:00,2.4352021,-0.46611288,0.57859254,309.89792,170.57095,258.18243,315.5319,30.037458,-7.195533,104.819435,25.424976489371712
2008-07-26 12:00:00,2.462448,-0.070048966,0.5351094,286.14905,141.46419,279.69876,317.9242,22.341858,-1.375868,127.425415,34.56428823614629
2008-07-27 12:00:00,3.658752,-0.4326547,0.5166718,310.79898,153.2988,249.87955,315.77768,83.81143,-12.774799,162.63869,43.20898086547791
2008-07-28 12:00:00,3.523707,-0.17910756,0.4788989,312.40332,134.98518,245.06976,316.73242,67.31221,-11.680056,161.38763,42.68496609809226
2008-07-29 12:00:00,4.5736475,-0.023220487,0.4488899,304.74017,129.53934,250.05719,318.13812,107.75392,-4.005047,210.86877,54.633932451894545
2008-07-30 12:00:00,3.518663,-0.006220394,0.44944704,298.4557,126.918396,256.5288,318.04755,57.570198,4.1990027,171.78775,51.67213410305095
2008-07-31 12:00:00,2.7847142,-0.3467172,0.44981787,298.98813,127.53868,250.83801,315.9459,43.036568,-3.887601,145.49054,38.511767390672034
2008-08-01 12:00:00,2.897232,-0.26735294,0.45216683,282.69867,122.091805,253.79933,316.36707,43.707535,-5.899884,135.84679,36.54409126228015
2008-08-02 12:00:00,2.6623108,-0.21521865,0.45027786,278.4003,120.52375,262.07312,316.70752,34.055992,-3.2630649,134.0351,34.72360152400416
2008-08-03 12:00:00,2.7157173,-0.5107204,0.44951692,289.63745,123.34166,253.61227,315.34518,40.854202,-1.8912531,143.52583,36.39715636920033
2008-08-04 12:00:00,3.2457418,-0.071391106,0.4502186,251.64606,107.55196,275.3544,317.8616,44.348763,6.5995016,152.53514,39.75573337911845
2008-08-05 12:00:00,2.7040458,-0.011531406,0.44925168,227.22124,97.78816,296.85294,318.21094,29.132317,11.697975,148.90536,40.819455610993536
2008-08-06 12:00:00,2.0141993,-0.65073544,0.4504575,269.40295,115.04562,254.23035,314.57776,22.853176,4.5442476,121.40735,30.89173210641372
2008-08-07 12:00:00,1.9961176,-0.6234883,0.45005983,271.98242,116.02521,251.23451,314.51324,25.322943,-1.6745176,116.32691,29.142337372259295
2008-08-08 12:00:00,1.4536275,-1.0677139,0.45024616,277.37885,118.351906,239.96503,312.48944,16.472462,-2.2568493,100.71814,26.172193933274283
2008-08-09 12:00:00,1.142363,-1.2406161,0.45031673,275.0194,117.38764,236.35141,311.5548,14.367527,-2.621892,94.174,23.903966865766247
2008-08-10 12:00:00,1.2725266,-1.033673,0.45193198,247.47546,106.21962,249.25641,312.5517,18.472687,0.73632085,97.16956,25.112882046840426
2008-08-11 12:00:00,1.143256,-1.3552806,0.44996688,261.5974,111.658554,239.96332,310.83636,26.663021,-12.4324465,93.29639,23.63268949680021
2008-08-12 12:00:00,1.4902308,-1.1272172,0.45291126,212.48523,92.31505,259.48242,312.22357,16.597235,-3.5514784,80.47479,20.8183303816669
2008-08-13 12:00:00,1.8471534,-0.79979825,0.4511647,159.96655,69.45941,278.90723,313.68384,47.046265,5.717465,108.49426,24.68617930374301
2008-08-14 12:00:00,1.8212975,0.0,0.47593296,118.187454,55.530296,317.06665,318.18658,14.033394,11.374718,86.945335,27.330749155234287
2008-08-15 12:00:00,0.68473685,-0.52118504,0.5183158,191.79056,93.187485,275.6416,314.6161,4.5853724,1.5232533,65.73721,16.836833440623746
2008-08-16 12:00:00,-0.6089381,-2.12413,0.5517146,253.686,134.50642,230.72397,306.6424,14.668588,-14.8833065,43.046432,11.45073535959248
2008-08-17 12:00:00,0.29487917,-1.868569,0.525396,167.77927,83.79509,267.1967,308.28894,44.28967,-24.00843,63.173164,13.527189201405237
2008-08-18 12:00:00,3.7947726,0.0,0.47427493,70.16208,30.693827,316.0918,318.52338,88.031784,27.806286,152.87474,39.023400001133794
2008-08-19 12:00:00,2.6830075,-8.720822e-05,0.4531886,132.54579,57.870377,293.5526,317.8111,40.39389,14.275513,105.086334,32.631710104374854
2008-08-20 12:00:00,2.3312576,-0.036536533,0.448691,230.76453,98.91434,267.0567,316.98123,32.806232,5.944002,120.67589,28.327151832918844
2008-08-21 12:00:00,2.1906276,-0.05299546,0.51534903,51.881695,27.410305,286.67596,316.77377,46.40989,11.153749,51.937218,18.359380811651487
2008-08-22 12:00:00,-0.5577204,-1.4369535,0.5934695,164.9182,90.385216,262.7826,309.6584,11.489794,-8.494946,30.652035,6.764563609381536
2008-08-23 12:00:00,-1.2102847,-1.1169603,0.8440747,142.89352,113.05815,295.7154,311.28976,-3.8936872,-3.8935864,6.473728,1.9430831821128465
2008-08-24 12:00:00,-1.8423345,-1.5796025,0.8420033,161.07059,127.19638,292.70007,309.12537,-7.290097,-7.1511927,3.0076237,0.19462701622605114
2008-08-25 12:00:00,-5.0851107,-5.891432,0.83087564,213.36847,168.3305,234.93143,290.04254,3.2449875,-4.965804,-11.793967,0.00022417607375462714
2008-08-26 12:00:00,-6.0760784,-7.8338833,0.8334911,219.99721,173.27332,218.43413,282.06,14.497812,-7.5896473,-9.993813,0.0
2008-08-27 12:00:00,-0.434421,-2.3131108,0.8076919,152.51265,117.081215,268.13824,306.06375,32.86315,-13.1639595,17.20512,0.7377811541390462
2008-08-28 12:00:00,-0.7798409,-1.3330088,0.7929416,157.91615,114.688,288.06937,311.03592,-1.4577487,-2.3362956,16.467552,1.6038416719423698
2008-08-29 12:00:00,-3.1922505,-3.915681,0.8265558,175.50566,139.13533,255.5789,299.1751,3.7723866,-2.5021465,-5.955636,0.40916479921186943
2008-08-30 12:00:00,-0.8058426,-3.731744,0.7968825,208.93645,153.02032,222.2818,299.36987,66.0322,-34.9854,9.874851,1.3561348247971732
2008-08-31 12:00:00,-0.049859703,-2.8684278,0.7932485,204.61462,151.8405,225.52211,303.0105,67.01905,-35.068535,7.236252,1.2622437354599725
2008-09-01 12:00:00,1.4489945,-1.0095971,0.71161115,140.34326,87.98957,276.2181,312.3545,56.033546,-13.658598,58.592255,10.662306637411772
2008-09-02 12:00:00,3.2533553,0.0,0.6178129,101.98578,63.25181,306.64218,318.69403,62.947495,8.544941,98.17456,26.00945511904011
2008-09-03 12:00:00,1.521438,0.0,0.5709639,119.914825,65.78415,308.47952,317.7379,11.324651,7.753191,63.950127,18.952540763943603
2008-09-04 12:00:00,0.5712611,-1.0755937,0.58635485,177.31035,98.88449,255.35547,310.98547,25.194532,-23.632793,24.357594,6.362541362048541
2008-09-05 12:00:00,2.4841065,-0.072963186,0.55341583,59.59934,33.052017,316.75784,317.5772,42.05581,20.73824,88.522,18.270111805505813
2008-09-06 12:00:00,0.4851533,-0.01741653,0.5998802,55.69964,36.165173,313.82928,316.6443,3.2014391,2.2205665,22.141468,9.917749961378284
2008-09-07 12:00:00,-0.48063502,-0.554086,0.83862233,91.07474,72.81256,306.82288,313.8714,-2.01352,-1.8459888,7.3541446,1.7886660256419287
2008-09-08 12:00:00,-2.2669609,-3.3502607,0.8604955,151.22345,123.72337,267.02863,301.7004,0.8083563,-1.0755292,-7.43888,0.3699886221059866
2008-09-09 12:00:00,-6.7405686,-8.594803,0.8594227,156.80081,127.62636,222.91394,278.5638,11.5749855,-1.7630295,-16.663462,0.0
2008-09-10 12:00:00,-2.3429446,-4.7351694,0.85658616,146.0199,118.88211,245.4385,294.6338,34.826206,-11.770517,0.99819374,0.0
2008-09-11 12:00:00,-3.5109894,-6.084633,0.85542923,166.93172,135.07416,220.57224,288.58423,46.944313,-17.219856,-6.4299774,-1.1189795648433978e-05
2008-09-12 12:00:00,-4.4895387,-7.4843626,0.8534328,162.37057,131.48691,208.004,282.96094,44.31054,-8.184203,-7.9469366,-1.0206373307639007e-07
2008-09-13 12:00:00,-6.233771,-8.5873575,0.8487272,154.20401,124.20018,223.21545,278.6839,19.562946,-1.5970676,-7.4987364,-2.7437391009039497e-07
2008-09-14 12:00:00,-2.5045037,-5.4765577,0.8469535,148.52574,119.957344,224.26404,291.30258,56.1427,-13.554796,4.117758,-0.0001278779638690353
2008-09-15 12:00:00,-1.1304035,-2.5017047,0.8411739,86.64537,69.95323,274.54144,304.6843,36.622322,-13.819475,9.352133,-0.001551469602662847
2008-09-16 12:00:00,-9.52191,-11.512545,0.85307884,152.92374,123.53636,194.3237,265.8074,21.986217,-4.28407,-24.39418,1.3459984054727052e-15
2008-09-17 12:00:00,-6.8074384,-8.862001,0.84880066,125.30908,101.247025,218.99518,276.85678,28.880018,1.4714763,-3.4480507,1.3459984054727052e-15
2008-09-18 12:00:00,-5.6183844,-7.506256,0.8478739,99.36102,80.3534,235.1804,282.7577,38.255203,-8.738642,0.9468975,-0.000580446313280817
2008-09-19 12:00:00,-5.4189577,-5.6494937,0.8463661,89.17231,71.73451,278.69598,290.84967,-0.16021688,-3.7073545,1.4165397,1.3459984054727052e-15
2008-09-20 12:00:00,-6.1496954,-7.0172195,0.83226967,95.80211,76.6504,258.49643,285.09033,5.0011897,-0.19560719,-2.6366096,1.3459984054727052e-15
2008-09-21 12:00:00,-5.7220445,-7.5581136,0.83427984,90.065605,71.84573,232.59631,282.63437,50.746025,-16.96613,1.9617119,-0.00198603523528888
2008-09-22 12:00:00,-4.0757003,-6.1824512,0.8485955,113.709305,93.50319,240.58266,288.18677,37.651237,-13.156393,-2.9031506,-8.438475070656021e-05
2008-09-23 12:00:00,-7.4656696,-9.438538,0.8480864,119.72279,98.04252,222.79047,274.50485,23.23427,0.47452345,-6.3253174,4.3117365147032904e-15
2008-09-24 12:00:00,-14.994592,-16.620857,0.85013914,124.20497,101.584045,186.53632,245.81993,22.564274,-3.608262,-17.706676,4.31259455907886e-15
2008-09-25 12:00:00,-13.004198,-14.996172,0.8451818,117.98891,96.17337,195.92706,251.99815,31.127892,-4.7602024,-7.887865,4.312956242147337e-15
2008-09-26 12:00:00,-4.2297077,-5.8248415,0.84237576,62.338104,50.664955,274.60168,289.76813,47.88453,-35.0559,9.335335,-0.00012423507219425797
2008-09-27 12:00:00,-0.12165165,-1.0531813,0.81366014,30.218803,23.195154,305.21634,311.09137,27.182728,-12.080238,16.251108,-0.012548512196609319
2008-09-28 12:00:00,-2.3618588,-2.4149616,0.83933103,49.10997,40.186577,299.21735,304.82733,0.53183883,-0.9990763,2.8461704,-0.000519267507666419
2008-09-29 12:00:00,-7.495962,-9.195061,0.8467629,86.25497,71.46269,246.64957,275.77243,4.773561,1.6215286,-7.935499,4.312956242147337e-15
2008-09-30 12:00:00,-7.984659,-9.507863,0.83636737,82.98163,68.00278,244.2842,274.03726,17.820625,-5.2989078,-2.2524981,4.312956242147337e-15
2008-10-01 12:00:00,-5.404648,-5.9244823,0.82913864,46.615425,37.89585,281.2934,289.3103,8.383204,-6.0945,2.9913716,4.309348305308508e-15
2008-10-02 12:00:00,-12.153062,-14.555805,0.8320253,98.62072,80.46007,189.20224,253.46948,30.564726,-1.1615971,-16.70346,4.3121316555731846e-15
2008-10-03 12:00:00,-14.8696375,-17.737886,0.8307885,91.07218,74.1035,176.02621,241.28275,40.81484,-2.0595262,-9.532537,4.3117365147032904e-15
2008-10-04 12:00:00,-9.33016,-12.278019,0.8266369,78.57857,63.932587,205.82176,262.45587,31.236,5.622197,-5.1299314,4.31259455907886e-15
2008-10-05 12:00:00,-10.808483,-12.862549,0.8258996,67.91643,55.118275,228.06891,260.5699,13.104912,0.7978182,-5.8000937,4.312956242147337e-15
2008-10-06 12:00:00,-19.595451,-21.513147,0.8314817,85.04068,69.32782,170.11891,227.27289,21.92324,0.3544917,-19.163383,4.312956242147337e-15
2008-10-07 12:00:00,-6.3482676,-9.577415,0.8263154,62.099743,50.313164,237.5999,273.95068,59.091896,-26.549685,7.9780064,-2.636743094667715e-07
2008-10-08 12:00:00,-5.7156043,-8.790116,0.83152294,76.70384,62.193,206.769,276.484,82.569916,-24.724028,2.641718,-1.1912185492936402e-09
2008-10-09 12:00:00,-8.664349,-11.256565,0.83127546,75.701385,61.214798,203.80925,266.46716,57.59147,-13.002234,-3.5820913,4.312956242147337e-15
2008-10-10 12:00:00,-8.140872,-10.359432,0.8275018,56.836517,45.60442,226.73755,270.36746,41.612373,-8.169413,1.045145,4.312956242147337e-15
2008-10-11 12:00:00,-7.1843004,-7.7569547,0.8169162,44.360382,35.70665,270.0449,281.4148,2.4362867,1.1108053,0.8309207,4.309348305308508e-15
2008-10-12 12:00:00,-13.1748,-14.309908,0.8124392,52.68523,42.454124,225.73624,254.52568,8.87988,0.5411037,-9.137355,4.3121316555731846e-15
2008-10-13 12:00:00,-16.765347,-19.17279,0.81609917,55.913086,45.142303,183.56473,235.74799,28.741875,-0.37369013,-13.044291,4.3117365147032904e-15
2008-10-14 12:00:00,-8.858417,-9.970848,0.8120949,34.132828,27.476393,250.14667,272.01776,27.403168,-5.483293,6.705216,4.31259455907886e-15
2008-10-15 12:00:00,-5.8152723,-6.879572,0.8114012,33.947853,27.346462,270.11475,284.9677,17.737574,-5.6123657,3.8736324,4.312956242147337e-15
2008-10-16 12:00:00,-8.666641,-9.89183,0.810961,36.386192,29.43496,253.51785,272.6264,5.1931853,1.5044162,-5.459717,4.312956242147337e-15
2008-10-17 12:00:00,-9.871374,-10.350812,0.81058574,31.734715,25.71643,260.66898,270.49457,5.765248,0.21428974,2.1722293,4.312956242147337e-15
2008-10-18 12:00:00,-12.27191,-14.537258,0.81244105,48.169456,39.060425,199.68927,253.27798,38.316402,-1.3023332,-7.465614,4.312956242147337e-15
2008-10-19 12:00:00,-8.607901,-9.360663,0.81034684,32.765133,26.548824,260.32428,274.4881,19.162928,-6.917953,4.297465,4.312956242147337e-15
2008-10-20 12:00:00,-5.779546,-6.090089,0.818418,16.95798,14.113052,282.13977,288.47125,9.816439,-3.5445619,2.7853217,4.312956242147337e-15
2008-10-21 12:00:00,-17.386497,-19.13583,0.81835103,34.33973,28.093596,194.93243,236.07054,15.236225,1.7701647,-17.885586,4.309348305308508e-15
2008-10-22 12:00:00,-18.23429,-19.413803,0.816887,39.47148,32.267494,202.29471,234.87512,17.580807,0.38116688,-7.414453,4.3121316555731846e-15
2008-10-23 12:00:00,-23.629963,-25.436409,0.8200052,42.362244,34.87251,158.92453,213.11572,30.068333,0.7044337,-15.928692,4.3117365147032904e-15
2008-10-24 12:00:00,-21.15999,-22.480812,0.8164815,33.66371,27.433216,185.65271,223.71028,21.059425,0.7373803,-10.030271,4.31259455907886e-15
2008-10-25 12:00:00,-23.032364,-25.362946,0.82299256,38.438484,31.626198,151.89241,213.37088,48.923912,-3.8182945,-9.560566,4.312956242147337e-15
2008-10-26 12:00:00,-13.705124,-16.402477,0.8183584,27.117558,22.0845,190.62476,246.31093,76.76577,-20.92658,5.186075,4.312956242147337e-15
2008-10-27 12:00:00,-1.34422,-2.6114252,0.81422555,7.938521,6.4592447,297.01593,303.72662,54.715313,-34.036674,15.44722,-0.012459144292655785
2008-10-28 12:00:00,-1.4943097,-2.0632355,0.8244231,7.8474655,6.4826527,301.3312,306.1839,21.833763,-10.745357,7.600528,-0.03006413793178687
2008-10-29 12:00:00,-1.6258497,-3.0130444,0.8361264,25.766197,21.588188,268.70056,301.64178,43.085915,-9.964625,4.358075,-0.0019732701425525553
2008-10-30 12:00:00,3.111539,-0.10295254,0.72913593,6.4445333,4.5596538,311.31134,318.88232,91.33367,17.828905,103.47647,4.616251290993461
2008-10-31 12:00:00,-6.3968344,-6.4988174,0.81379235,18.753792,15.329889,259.99585,286.873,6.7319655,-8.891909,-25.613176,2.215999102925768
2008-11-01 12:00:00,-13.488569,-15.046957,0.82577133,23.555801,19.365353,208.71524,251.51907,17.86534,-2.7098384,-23.457884,0.004889807441461799
2008-11-02 12:00:00,-8.48385,-9.573175,0.8194514,15.60408,12.646202,255.2243,273.87207,25.667547,-7.983923,1.9937363,1.0856669846902935e-05
2008-11-03 12:00:00,-10.368204,-10.92366,0.81226814,12.959131,10.522987,253.89192,268.02478,12.394636,-6.10636,-5.408438,0.0
2008-11-04 12:00:00,-14.482336,-16.18896,0.8157195,19.777079,16.207916,198.09477,247.12854,34.3938,-6.2734895,-17.344297,0.0
2008-11-05 12:00:00,-17.974602,-19.758728,0.814905,11.592182,9.403977,193.01137,233.60068,34.740334,-6.9479313,-10.608702,0.0
2008-11-06 12:00:00,-18.287474,-20.995316,0.81495357,17.38986,14.218599,173.87903,228.84277,35.93696,-1.1421474,-16.997673,0.0
2008-11-07 12:00:00,-17.41156,-18.66975,0.81223273,9.2395735,7.4922285,220.90024,237.92027,11.674919,-0.7195612,-4.317332,0.0
2008-11-08 12:00:00,-12.335941,-15.0385,0.81188524,10.490093,8.506062,219.84811,251.51508,26.056581,-1.3174108,-4.9437594,0.0
2008-11-09 12:00:00,-14.493426,-17.516108,0.8170421,13.553544,11.083994,190.17535,241.72926,39.36109,0.94639254,-8.776875,0.0
2008-11-10 12:00:00,-16.404364,-19.252579,0.8209648,13.798346,11.314547,169.62418,235.0796,52.593994,1.8873544,-8.490282,0.0
2008-11-11 12:00:00,-12.249966,-15.684067,0.8204968,12.684971,10.398046,170.61101,248.45374,75.19271,-2.2266047,-2.5896952,4.309348305308508e-15
2008-11-12 12:00:00,-12.848322,-15.837585,0.8151809,8.69949,7.062906,198.20752,248.27963,41.098625,5.892563,-1.4443398,4.3121316555731846e-15
2008-11-13 12:00:00,-9.14022,-10.221352,0.81167555,5.928073,4.806773,256.63098,270.8642,18.093452,-0.18507785,4.796459,4.3117365147032904e-15
2008-11-14 12:00:00,-9.535635,-10.335723,0.81078583,5.1141047,4.145922,261.23462,270.5044,8.43651,2.7987444,2.9336617,4.31259455907886e-15
2008-11-15 12:00:00,-5.9517107,-6.673947,0.8102379,4.188645,3.3935366,279.4261,285.85294,20.25346,-7.278793,7.3429265,4.312956242147337e-15
2008-11-16 12:00:00,-4.7511425,-5.3301973,0.8158184,2.681427,2.211719,287.13202,291.6958,14.103574,-3.8947654,6.114735,4.312956242147337e-15
2008-11-17 12:00:00,-8.314314,-10.129433,0.820423,2.7035627,2.2272854,249.6213,271.9275,20.799335,3.5703623,2.5397913,-0.03767071170238679
2008-11-18 12:00:00,-2.8115559,-3.2289412,0.8017804,1.7870088,1.4886949,296.82782,301.1751,14.876404,-6.477615,4.349813,-0.06249815532705508
2008-11-19 12:00:00,-10.008572,-10.542322,0.81599545,3.493011,2.8471913,254.83923,269.58667,12.266047,-3.3313284,-5.1668987,4.312956242147337e-15
2008-11-20 12:00:00,-15.881311,-17.98597,0.81923854,5.0868244,4.1907005,186.47073,240.14993,44.573387,-4.6583276,-12.868013,4.312956242147337e-15
2008-11-21 12:00:00,-3.8477135,-5.0477123,0.792483,0.76544577,0.5735408,289.92422,293.6748,20.955029,-0.6362611,16.760094,-0.05063021450640974
2008-11-22 12:00:00,-4.7088656,-5.845554,0.817155,2.3160043,1.9015009,266.4905,289.33423,29.803143,-6.4954042,0.8785219,-3.8924464938136495e-05
2008-11-23 12:00:00,-11.679279,-13.745623,0.8163156,2.7475266,2.236992,216.72906,256.5759,33.693993,-2.34934,-7.9916434,4.3117365147032904e-15
2008-11-24 12:00:00,-7.6522007,-8.193708,0.81277275,2.1375728,1.7413701,265.62146,279.4555,14.742027,2.1632352,3.46742,4.31259455907886e-15
2008-11-25 12:00:00,-14.894318,-16.572563,0.8119031,2.2019887,1.7856996,214.00418,245.89381,15.461697,1.8429337,-14.168715,4.312956242147337e-15
2008-11-26 12:00:00,-19.096817,-21.130314,0.8113953,1.6665654,1.3514882,189.17642,228.4382,28.108072,1.1868992,-9.65173,4.312956242147337e-15
2008-11-27 12:00:00,-16.809464,-18.855858,0.8147141,1.4045565,1.1390147,188.29465,236.89346,50.91275,-5.056871,-2.4773955,4.312956242147337e-15
2008-11-28 12:00:00,-16.17334,-18.650337,0.8185802,1.3999549,1.1480658,181.1011,237.52725,48.87255,-0.6279894,-7.9296975,4.312956242147337e-15
2008-11-29 12:00:00,-6.783801,-8.7260475,0.82257354,0.8168683,0.6798424,240.77777,277.39984,59.4849,-10.656103,12.343756,4.312956242147337e-15
2008-11-30 12:00:00,-4.620074,-7.112854,0.8314534,0.817783,0.67918223,235.45416,283.62967,61.5554,-10.0869465,3.4315472,4.312956242147337e-15
2008-12-01 12:00:00,-1.3635305,-4.016677,0.7986477,0.32320374,0.2645818,264.1892,297.53802,91.19733,-50.808952,7.098179,-0.12831101889223634
2008-12-02 12:00:00,-7.870101,-10.513411,0.8106615,0.48614556,0.39690042,213.87549,269.49445,79.67056,-29.644852,-5.5040016,4.3121316555731846e-15
2008-12-03 12:00:00,-10.239827,-12.505577,0.8092081,0.29052734,0.2349739,224.10184,261.40802,38.2158,-2.5964487,-1.6312768,4.3117365147032904e-15
2008-12-04 12:00:00,-11.064922,-12.841789,0.8090303,0.1788224,0.14462619,223.65532,260.0829,38.157356,-2.682193,-0.91820836,4.31259455907886e-15
2008-12-05 12:00:00,-9.594541,-11.836353,0.8088397,0.18989566,0.15350917,221.98608,264.0194,62.18023,-21.544044,-1.3607559,4.312956242147337e-15
2008-12-06 12:00:00,-13.196355,-14.899439,0.8107594,0.10217134,0.0826094,209.05066,252.07397,37.55138,-3.8269799,-9.279353,4.312956242147337e-15
2008-12-07 12:00:00,-17.083414,-18.996601,0.8090172,0.059638087,0.04821959,188.82986,236.37546,50.352646,-6.8821697,-4.0636997,4.312956242147337e-15
2008-12-08 12:00:00,-12.778257,-14.646787,0.82476604,0.0,0.0,213.00203,252.95442,57.588745,-18.47113,-0.83477783,4.312956242147337e-15
2008-12-09 12:00:00,-5.4299073,-7.287182,0.8108394,0.0,0.0,273.68384,283.13416,93.751945,-71.76771,12.53392,4.312956242147337e-15
2008-12-10 12:00:00,-11.853565,-13.040296,0.8105376,0.0,0.0,231.13687,259.78943,32.958847,-14.6856575,-10.379368,4.312956242147337e-15
2008-12-11 12:00:00,-21.40148,-22.785463,0.809813,0.0,0.0,195.0215,222.7253,13.775986,0.52139825,-13.406412,4.309348305308508e-15
2008-12-12 12:00:00,-20.688808,-22.133263,0.80987275,0.0,0.0,207.5658,225.16437,7.3609324,0.52637935,-9.71126,4.3121316555731846e-15
2008-12-13 12:00:00,-19.638226,-20.934532,0.80976033,0.0,0.0,210.57373,229.35147,12.342499,-0.8973025,-7.3325443,4.3117365147032904e-15
2008-12-14 12:00:00,-13.035645,-15.007158,0.8097404,0.0,0.0,230.50139,251.70084,26.065092,-1.0906527,3.7749918,4.31259455907886e-15
2008-12-15 12:00:00,-19.344433,-20.458042,0.8097385,0.0,0.0,201.81326,231.28412,14.452852,1.2944967,-13.723507,4.312956242147337e-15
2008-12-16 12:00:00,-27.423302,-29.001373,0.81087804,0.0,0.0,156.22691,201.3641,23.351936,0.3626312,-21.422625,4.312956242147337e-15
2008-12-17 12:00:00,-25.33215,-25.855328,0.80961967,0.0,0.0,202.24846,212.14331,6.262598,-0.13772187,-3.7699754,4.312956242147337e-15
2008-12-18 12:00:00,-25.555906,-26.589935,0.80960834,0.0,0.0,176.18915,209.55069,19.913445,-1.8136809,-15.261778,4.312956242147337e-15
2008-12-19 12:00:00,-26.941797,-29.398163,0.8096183,0.0,0.0,146.64247,199.92557,46.624046,-1.4836104,-8.14266,4.312956242147337e-15
2008-12-20 12:00:00,-18.715904,-22.293596,0.80961734,0.0,0.0,168.24637,224.06494,54.244766,-0.56290925,-2.136716,4.312956242147337e-15
2008-12-21 12:00:00,-20.189,-22.446182,0.8096168,0.0,0.0,193.95227,223.82874,21.621313,0.6896671,-7.5654845,4.309348305308508e-15
2008-12-22 12:00:00,-18.024424,-20.856943,0.8095916,0.0,0.0,195.9494,229.6757,33.201576,-0.7788533,-1.3035802,4.3121316555731846e-15
2008-12-23 12:00:00,-23.190052,-24.914316,0.81308025,0.0,0.0,177.48354,215.4079,23.048162,-1.5043316,-16.380531,4.3117365147032904e-15
2008-12-24 12:00:00,-24.898655,-26.450283,0.8096197,0.0,0.0,180.58958,210.03735,25.019535,-0.16148737,-4.5897217,4.31259455907886e-15
2008-12-25 12:00:00,-19.508062,-21.1364,0.8101914,0.0,0.0,187.38197,228.47156,42.99698,-2.3587818,-0.4513874,4.312956242147337e-15
2008-12-26 12:00:00,-9.826569,-12.592321,0.8103808,0.0,0.0,232.67184,261.79715,112.83626,-71.14844,12.562515,4.312956242147337e-15
2008-12-27 12:00:00,-10.913071,-12.932199,0.8097651,0.0,0.0,219.23291,260.37592,75.06094,-39.904415,-5.986477,4.312956242147337e-15
2008-12-28 12:00:00,-20.549168,-22.138424,0.80984294,0.0,0.0,185.17044,224.79364,29.519897,0.41564396,-9.687658,4.312956242147337e-15
2008-12-29 12:00:00,-23.464672,-25.73584,0.816257,0.0,0.0,147.08153,211.94954,56.58995,-4.007023,-12.285084,4.312956242147337e-15
2008-12-30 12:00:00,-8.39859,-11.292103,0.8096142,0.0,0.0,228.63547,266.51794,71.11401,-16.799936,16.4316,4.312956242147337e-15
2008-12-31 12:00:00,-6.589941,-9.760425,0.8139981,0.0,0.0,208.93521,272.2768,96.97061,-27.57861,6.050419,4.312956242147337e-15
2009-01-01 12:00:00,-7.2389984,-10.854703,0.81941485,0.0,0.0,189.86105,267.61987,114.7035,-33.725304,3.2193756,4.309348305308508e-15
2009-01-02 12:00:00,-6.0070953,-9.681965,0.8142258,0.0,0.0,193.84506,272.45233,103.09252,-20.273605,4.211647,4.3121316555731846e-15
2009-01-03 12:00:00,-8.430211,-12.157964,0.8195975,0.0,0.0,202.14938,262.58524,57.979904,0.21802194,-2.237926,4.3117365147032904e-15
2009-01-04 12:00:00,-12.219109,-15.421274,0.81735504,0.0,0.0,203.43652,249.75885,35.411278,7.12682,-3.7842288,4.31259455907886e-15
2009-01-05 12:00:00,-8.540125,-11.684051,0.8105053,0.0,0.0,210.8536,264.7193,63.7722,-2.1316743,7.774835,-7.356749153949453e-07
2009-01-06 12:00:00,-3.044784,-6.373767,0.81178975,0.0,0.0,223.0951,286.60266,123.22894,-52.503597,7.2177773,-1.3709109883420096e-06
2009-01-07 12:00:00,-7.0477467,-10.384287,0.81045306,0.0,0.0,210.92404,269.8156,67.77162,-10.159554,-1.2795029,4.312956242147337e-15
2009-01-08 12:00:00,-6.627791,-9.331414,0.81063616,0.17774734,0.14409138,248.94449,274.4975,33.594917,-3.8918395,4.183724,4.312956242147337e-15
2009-01-09 12:00:00,-11.631048,-12.943626,0.8107697,0.2876423,0.2331607,239.14673,260.02936,17.510946,-3.1577983,-6.475,4.312956242147337e-15
2009-01-10 12:00:00,-17.092636,-18.006252,0.8106326,0.32050943,0.2597586,220.04294,240.3613,10.9096985,-1.2340539,-10.581964,4.312956242147337e-15
2009-01-11 12:00:00,-22.640987,-25.176075,0.81609464,0.47552878,0.388915,152.38493,213.96152,47.76105,1.6594257,-12.069494,4.309348305308508e-15
2009-01-12 12:00:00,-16.761261,-18.596676,0.81052625,0.52137303,0.42250106,196.18106,237.74933,37.40487,0.7283386,-3.336187,4.3121316555731846e-15
2009-01-13 12:00:00,-16.371178,-18.6209,0.81046665,0.6347662,0.51438427,189.15306,237.67996,52.36575,-6.5104523,-2.5512238,4.3117365147032904e-15
2009-01-14 12:00:00,-22.777348,-24.825733,0.81232035,0.8782811,0.71171737,168.99924,215.35883,29.58786,0.19401662,-16.411146,4.31259455907886e-15
2009-01-15 12:00:00,-29.192526,-31.17722,0.8178544,1.4520552,1.1899129,125.06233,193.80315,52.21186,-2.4077563,-18.674564,4.312956242147337e-15
2009-01-16 12:00:00,-27.99184,-30.72389,0.81045365,1.5129888,1.2260365,148.53685,195.4769,34.42215,-0.1528152,-12.38376,4.312956242147337e-15
2009-01-17 12:00:00,-25.07885,-27.194294,0.8104499,1.6522585,1.3388999,187.13239,207.42456,10.968917,0.37394157,-8.635959,4.312956242147337e-15
2009-01-18 12:00:00,-26.001398,-27.42408,0.8103142,2.0153408,1.6328564,184.93362,206.61874,10.843592,0.7121602,-9.746883,4.312956242147337e-15
2009-01-19 12:00:00,-26.826855,-29.288342,0.811479,2.6491413,2.1463661,144.52017,200.02963,43.454468,0.40730554,-11.14491,4.312956242147337e-15
2009-01-20 12:00:00,-22.390762,-25.067429,0.81029665,2.7927947,2.2627473,181.40692,215.13809,38.366074,-3.1848457,1.9801056,4.312956242147337e-15
2009-01-21 12:00:00,-6.982599,-14.091963,0.81035596,3.414792,2.7666955,197.23651,254.93848,78.206955,-14.723429,6.429659,-1.5181630679856885e-10
2009-01-22 12:00:00,-9.596859,-15.09864,0.81028056,3.5400043,2.868116,192.9217,250.96255,63.813164,-6.1959724,0.2482338,4.3121316555731846e-15
2009-01-23 12:00:00,-11.615093,-14.566101,0.8102852,3.474709,2.8152301,210.78949,253.11194,61.804867,-17.897285,2.2446098,4.3117365147032904e-15
2009-01-24 12:00:00,-15.860369,-18.344086,0.8119556,5.081418,4.1258764,178.69246,238.4839,66.166626,-12.710478,-5.379751,4.31259455907886e-15
2009-01-25 12:00:00,-10.500823,-13.432839,0.81028455,3.8764505,3.1407278,206.51337,257.82928,91.22,-32.510117,8.129688,4.312956242147337e-15
2009-01-26 12:00:00,-9.072548,-11.824698,0.81037676,4.979804,4.0350833,201.20541,263.83942,121.36192,-57.69297,1.9796715,4.312956242147337e-15
2009-01-27 12:00:00,-8.941642,-11.748634,0.81041837,5.083821,4.1192417,208.61731,264.22446,99.95816,-41.836815,3.4787788,4.312956242147337e-15
2009-01-28 12:00:00,-12.889593,-15.98638,0.8182297,8.457717,6.931318,166.46523,247.25084,94.22604,-20.14643,-5.1796017,4.312956242147337e-15
2009-01-29 12:00:00,-14.230455,-17.172089,0.8165899,8.960564,7.3433123,167.63196,242.73643,82.5392,-12.810476,-3.7585049,4.312956242147337e-15
2009-01-30 12:00:00,-15.05762,-16.996471,0.81052214,7.524149,6.0974245,205.37503,243.78165,42.321342,-7.8076887,-2.466239,4.312956242147337e-15
2009-01-31 12:00:00,-17.355377,-19.170918,0.8127295,7.770952,6.297502,189.8874,235.6161,38.43248,-2.1420732,-7.9648423,4.312956242147337e-15
2009-02-01 12:00:00,-19.391426,-21.949839,0.81360877,10.443323,8.500542,163.35825,225.21939,58.35229,-5.215169,-6.7812433,4.309348305308508e-15
2009-02-02 12:00:00,-15.080397,-18.319302,0.81689227,12.412941,10.144609,167.16748,238.56392,81.79193,-11.011897,1.6519289,4.3121316555731846e-15
2009-02-03 12:00:00,-4.814505,-8.273667,0.81112677,9.628992,7.8134613,216.1222,278.53308,124.19351,-50.254017,13.344135,-2.723589760491716e-08
2009-02-04 12:00:00,-3.3813334,-6.072255,0.8111483,7.473179,6.063472,245.86125,288.12286,85.15285,-33.93934,10.361603,-8.457326051433501e-06
2009-02-05 12:00:00,-4.308583,-7.143755,0.81206506,13.468919,10.956306,240.86136,283.49405,93.79147,-49.087612,4.583782,-6.442072897724565e-10
2009-02-06 12:00:00,-6.9624267,-9.738195,0.81317544,15.1223345,12.317253,218.0776,272.50452,104.61623,-52.389153,0.6052437,4.312956242147337e-15
2009-02-07 12:00:00,-7.126109,-10.03956,0.8118957,15.079408,12.227039,213.02133,271.1673,120.51241,-62.050507,3.1683044,4.312956242147337e-15
2009-02-08 12:00:00,-4.6470585,-7.4796705,0.8111603,11.989944,9.721803,246.82208,282.1238,112.01255,-72.08796,6.8910065,4.312956242147337e-15
2009-02-09 12:00:00,-7.8698034,-11.520721,0.8168664,22.34985,18.327396,188.47755,264.99466,91.926575,-22.982906,-3.5509834,4.312956242147337e-15
2009-02-10 12:00:00,-11.262978,-14.240982,0.8207295,22.98161,18.888096,182.0129,254.13895,88.78825,-23.293118,-2.537403,4.312956242147337e-15
2009-02-11 12:00:00,-9.388029,-12.578833,0.8225173,24.707705,20.317394,176.65694,260.58093,126.346466,-46.144154,0.6686287,4.309348305308508e-15
2009-02-12 12:00:00,-7.1055145,-10.262524,0.8164898,20.25386,16.469547,206.48145,270.21097,112.50149,-47.83612,4.7201576,4.3121316555731846e-15
2009-02-13 12:00:00,-9.4694195,-12.341764,0.8194977,27.992748,22.99243,192.21959,261.78802,98.242935,-37.56536,-3.890541,4.3117365147032904e-15
2009-02-14 12:00:00,-14.187223,-16.950361,0.81724334,26.156975,21.238308,180.57138,243.75916,61.61485,-9.676498,-6.330757,4.31259455907886e-15
2009-02-15 12:00:00,-15.1121235,-18.2642,0.8208706,32.106346,26.326454,168.72351,238.83214,56.513638,-3.718742,-11.53384,4.312956242147337e-15
2009-02-16 12:00:00,-20.971552,-23.337498,0.81910855,31.359867,25.547962,158.23695,220.33939,43.47995,-0.5867324,-13.39731,4.312956242147337e-15
2009-02-17 12:00:00,-21.206688,-22.603878,0.8133377,26.534382,21.517649,180.99185,223.08322,28.428871,-1.3237082,-9.969476,4.312956242147337e-15
2009-02-18 12:00:00,-23.361958,-24.851147,0.81321,27.73785,22.490366,168.79741,215.1784,29.162926,-0.007929683,-11.9785185,4.312956242147337e-15
2009-02-19 12:00:00,-22.90542,-25.093735,0.8169358,39.77871,32.54966,154.31488,214.21147,38.968704,-0.14385006,-13.842688,4.312956242147337e-15
2009-02-20 12:00:00,-28.535189,-30.420296,0.81757784,33.16251,26.889256,146.20715,196.46843,23.88565,0.23782803,-19.864544,4.312956242147337e-15
2009-02-21 12:00:00,-31.621181,-33.167923,0.81856716,46.799248,38.33097,131.31451,187.63431,28.614319,-0.73000747,-19.967205,4.309348305308508e-15
2009-02-22 12:00:00,-26.314896,-29.167795,0.822008,49.84922,40.814278,132.37003,200.42265,51.317787,-0.9253516,-8.62525,4.3121316555731846e-15
2009-02-23 12:00:00,-22.174896,-25.406414,0.82186735,50.667065,41.47649,149.50583,212.9992,44.46785,3.2150908,-6.6198626,4.3117365147032904e-15
2009-02-24 12:00:00,-18.65841,-21.594944,0.8164225,48.78035,39.560257,167.08228,226.67276,51.96515,1.1340344,2.7287915,4.31259455907886e-15
2009-02-25 12:00:00,-13.700734,-15.998919,0.81392324,42.26499,34.265892,197.99078,247.48746,53.734165,-6.275757,5.9608345,4.312956242147337e-15
2009-02-26 12:00:00,-12.436691,-14.42104,0.8131406,44.36139,35.94506,218.00017,253.73445,40.09762,-8.790758,3.988905,4.312956242147337e-15
2009-02-27 12:00:00,-11.466489,-13.169544,0.8131913,37.26045,30.182316,228.88596,258.8708,38.177406,-8.318364,6.952342,4.312956242147337e-15
2009-02-28 12:00:00,-17.620636,-19.414825,0.8142463,59.68595,48.55777,178.85236,234.78549,34.13376,-1.7245755,-12.395771,4.312956242147337e-15
2009-03-01 12:00:00,-22.539997,-23.81797,0.8126396,49.642155,40.155357,182.98239,218.86642,15.438791,-0.48988062,-11.448325,4.309348305308508e-15
2009-03-02 12:00:00,-24.029024,-25.174221,0.8123836,45.316162,36.661934,184.15158,214.22008,10.517242,-0.8209581,-11.717984,4.3121316555731846e-15
2009-03-03 12:00:00,-24.686874,-25.4971,0.8123609,51.52024,41.67791,186.10704,213.10532,8.058916,-0.5869291,-9.683958,4.3117365147032904e-15
2009-03-04 12:00:00,-27.349619,-27.867006,0.8120891,61.447693,49.749187,170.64182,205.122,7.4530296,-1.2211795,-16.549824,4.31259455907886e-15
2009-03-05 12:00:00,-27.261757,-28.027517,0.8133116,43.724243,35.391014,183.51474,205.08356,8.542111,-1.0633122,-5.7567887,4.312956242147337e-15
2009-03-06 12:00:00,-14.871606,-17.828354,0.8145691,76.25217,61.96531,186.88763,240.48059,50.54911,-7.518208,3.7248034,4.312956242147337e-15
2009-03-07 12:00:00,-19.141907,-21.90337,0.8195344,82.5391,67.14979,151.55731,225.29483,59.367397,-6.658994,-5.6398025,4.312956242147337e-15
2009-03-08 12:00:00,-19.606972,-21.84964,0.81451905,84.89705,68.87889,158.64041,225.54773,55.752586,-9.421431,-4.5580044,4.312956242147337e-15
2009-03-09 12:00:00,-20.235271,-22.840336,0.8187945,91.68091,74.459854,144.88647,221.93568,61.494877,-8.1532345,-6.486513,4.312956242147337e-15
2009-03-10 12:00:00,-21.721558,-23.53267,0.81202155,70.70683,57.125156,175.58133,219.84709,23.987679,-1.2475477,-7.943955,4.312956242147337e-15
2009-03-11 12:00:00,-21.70065,-23.467377,0.81169546,73.77017,59.588173,184.13998,220.30157,17.925068,-0.06123905,-4.1157627,4.309348305308508e-15
2009-03-12 12:00:00,-17.848642,-20.460949,0.8177228,98.04905,79.51713,161.11743,230.59357,53.415695,-3.2173471,-0.7458658,4.3121316555731846e-15
2009-03-13 12:00:00,-15.530742,-18.359152,0.8187952,102.365776,82.95746,164.28937,238.29865,61.55632,-6.7350583,0.2203021,4.3117365147032904e-15
2009-03-14 12:00:00,-13.199251,-16.363647,0.8186814,104.74151,84.81315,167.98703,245.8747,75.61071,-13.892153,3.7592525,4.31259455907886e-15
2009-03-15 12:00:00,-15.254431,-17.927288,0.81710017,104.618774,84.48059,166.74684,239.98642,60.636826,-10.152639,-2.6172085,4.312956242147337e-15
2009-03-16 12:00:00,-18.556747,-20.703178,0.81691384,110.53201,89.3436,166.00095,229.83736,40.657436,-4.7166257,-6.7071843,4.312956242147337e-15
2009-03-17 12:00:00,-14.207513,-17.229488,0.8176106,116.1357,93.80141,164.14914,242.86658,79.743324,-17.7466,5.613577,4.312956242147337e-15
2009-03-18 12:00:00,-7.957368,-10.163308,0.8140136,88.89217,71.77677,233.75482,270.97394,62.219273,-33.164986,8.950573,4.312956242147337e-15
2009-03-19 12:00:00,-13.544434,-16.360712,0.8189869,123.31135,99.39049,160.9961,245.85858,71.5811,-13.995857,-3.3563843,4.312956242147337e-15
2009-03-20 12:00:00,-8.304074,-10.951603,0.81487465,75.205734,60.4532,225.9019,268.23694,50.76141,-10.80413,12.374776,-9.490697537434789e-11
2009-03-21 12:00:00,-10.544071,-11.919205,0.8125409,80.73085,64.87659,231.903,264.36707,26.83515,-14.568294,-4.342946,4.309348305308508e-15
2009-03-22 12:00:00,-18.445131,-20.554403,0.8125855,118.123886,94.92903,174.67163,230.73744,22.622387,0.4831187,-9.7654505,4.3121316555731846e-15
2009-03-23 12:00:00,-18.325382,-20.34853,0.8150862,135.79498,109.00065,167.40715,231.40439,28.4665,-1.1218512,-9.858255,4.3117365147032904e-15
2009-03-24 12:00:00,-20.023548,-21.035378,0.81237245,112.962296,90.7946,188.67393,229.22185,12.765903,0.86442256,-4.749892,4.31259455907886e-15
2009-03-25 12:00:00,-17.990734,-19.040337,0.81219363,107.485535,86.45619,201.70215,236.36969,16.841816,-3.705634,-0.502017,4.312956242147337e-15
2009-03-26 12:00:00,-14.253216,-14.670301,0.81190425,97.33635,78.23476,236.91286,253.12408,4.9678583,-2.3808665,5.4773574,4.312956242147337e-15
2009-03-27 12:00:00,-12.98872,-12.8900795,0.810964,68.80138,55.316704,249.70877,260.41797,1.8818828,-4.8944016,-0.23704433,4.312956242147337e-15
2009-03-28 12:00:00,-26.629131,-27.68395,0.8114598,151.26776,121.6915,143.33315,205.76523,9.72967,0.16798958,-22.95816,4.312956242147337e-15
2009-03-29 12:00:00,-28.260517,-29.500502,0.8142247,159.9089,128.62552,136.59282,199.75198,15.683928,-0.44995368,-16.641804,4.312956242147337e-15
2009-03-30 12:00:00,-26.620941,-28.466465,0.8152803,166.94376,134.18842,135.56673,203.25818,26.891598,-1.2509634,-9.295477,4.312956242147337e-15
2009-03-31 12:00:00,-17.137018,-19.480213,0.8151182,170.01166,136.5383,151.72385,234.32278,66.70263,-12.445717,5.1313324,4.312956242147337e-15
2009-04-01 12:00:00,-16.690638,-18.781355,0.8149896,171.93808,137.92389,158.87007,236.808,56.26332,-13.399931,-1.0603466,4.309348305308508e-15
2009-04-02 12:00:00,-10.474276,-13.282711,0.8147031,171.30927,137.27118,186.42355,258.5628,75.42915,-25.692696,11.635292,4.3121316555731846e-15
2009-04-03 12:00:00,-9.534649,-12.187061,0.8135177,173.88603,138.84595,188.58752,262.47522,59.7724,-16.490927,4.4338627,4.3117365147032904e-15
2009-04-04 12:00:00,-12.782822,-15.152908,0.81175065,174.56879,139.88094,185.25171,251.05157,28.547264,0.059039645,-2.505711,4.31259455907886e-15
2009-04-05 12:00:00,-17.562351,-19.588978,0.813993,182.89804,146.00153,167.69827,234.3861,23.78439,-0.1514621,-6.158378,4.312956242147337e-15
2009-04-06 12:00:00,-16.660524,-17.692642,0.81373596,155.6302,124.83307,195.61642,241.61703,18.33376,-2.902372,0.22791147,4.312956242147337e-15
2009-04-07 12:00:00,-18.81426,-18.734488,0.81034803,168.26701,135.10742,200.22485,237.60245,-2.4331775,-1.146163,-7.797343,4.312956242147337e-15
2009-04-08 12:00:00,-23.36961,-24.673477,0.8126881,198.50748,158.40964,147.9756,216.15015,18.46811,-1.9587747,-11.567371,4.312956242147337e-15
2009-04-09 12:00:00,-16.802364,-19.420427,0.81525886,201.11876,161.5157,156.75078,235.09201,46.37229,-5.428438,2.205679,4.312956242147337e-15
2009-04-10 12:00:00,-6.8343143,-8.583427,0.81045747,137.4621,110.475525,245.93083,278.20135,28.48393,-5.363348,17.836632,-1.520486440768956e-09
2009-04-11 12:00:00,-9.227428,-9.426746,0.8105986,172.89815,138.93181,241.98474,274.29742,1.733046,-0.86684084,2.5198612,4.309348305308508e-15
2009-04-12 12:00:00,-15.153168,-17.129414,0.81012404,211.17313,168.41187,175.82144,243.62418,18.317287,0.881419,-5.842767,4.3121316555731846e-15
2009-04-13 12:00:00,-11.574198,-13.941898,0.81222534,203.19785,162.79431,190.78674,256.05508,40.78004,-10.106087,5.809147,4.3117365147032904e-15
2009-04-14 12:00:00,-10.323267,-11.447649,0.8104297,186.00479,149.12654,214.6195,265.82166,24.296904,-8.541008,1.4319973,4.31259455907886e-15
2009-04-15 12:00:00,-17.77348,-17.686733,0.8109317,105.8137,84.877266,223.84451,241.6528,-6.279086,-3.748438,-6.8993807,4.312956242147337e-15
2009-04-16 12:00:00,-18.4234,-17.685497,0.81011677,111.76857,90.482315,236.60219,241.53876,-15.579216,-4.7544727,-3.984003,4.312956242147337e-15
2009-04-17 12:00:00,-15.849119,-15.894558,0.8103462,199.62955,161.6918,213.61737,248.16623,-0.8652743,-2.4495564,0.07405472,4.312956242147337e-15
2009-04-18 12:00:00,-10.376133,-12.013825,0.80855316,226.25418,181.66245,210.41547,263.42703,13.8265915,-0.35932586,5.0474353,4.312956242147337e-15
2009-04-19 12:00:00,-5.6645184,-8.388678,0.809482,222.94202,179.75049,212.19641,278.1986,49.675484,-17.395489,9.469326,-1.793523888926506e-08
2009-04-20 12:00:00,-7.505082,-8.125282,0.80993253,176.38867,142.86304,254.75653,279.7106,5.025438,-7.854529,5.742473,-1.0728219507519879e-07
2009-04-21 12:00:00,-11.656124,-12.23794,0.80992997,213.95297,173.28642,214.38281,262.5487,5.367445,-0.53421223,-2.666111,4.309348305308508e-15
2009-04-22 12:00:00,-13.657845,-14.596642,0.80726,240.67386,192.89746,195.66846,253.1037,8.899675,-1.3342371,-2.0934057,4.3121316555731846e-15
2009-04-23 12:00:00,-10.237015,-12.205744,0.8138745,230.22583,186.56,198.70956,262.6983,35.295467,-10.15285,4.8197107,4.3117365147032904e-15
2009-04-24 12:00:00,-4.1141214,-5.617027,0.8098664,213.50198,172.06952,247.44388,290.32983,22.74508,-7.338784,13.9528055,-0.0001617420858638001
2009-04-25 12:00:00,-1.2432727,-2.6089387,0.83474565,194.55725,161.73692,269.49976,303.44296,36.776806,-25.587223,10.066704,-0.00019078251717317857
2009-04-26 12:00:00,-7.7857294,-9.401776,0.82969385,245.74844,203.7518,208.02141,273.8723,35.57702,-13.674835,-1.9520798,4.312956242147337e-15
2009-04-27 12:00:00,-8.351164,-10.15975,0.8266639,190.64923,157.18625,232.3216,271.4679,34.563416,-24.570288,4.3098087,4.312956242147337e-15
2009-04-28 12:00:00,-5.534526,-8.121305,0.80908704,270.98853,217.2843,208.80145,279.1608,54.656166,-35.25666,2.7443848,4.312956242147337e-15
2009-04-29 12:00:00,-11.462116,-12.672236,0.8155879,246.19237,199.55106,196.24606,260.68665,24.438873,-9.040745,-2.4011421,4.312956242147337e-15
2009-04-30 12:00:00,-9.7331295,-11.257067,0.8117282,262.49628,212.12164,210.68997,266.43005,18.321535,-12.279179,0.6769085,4.312956242147337e-15
2009-05-01 12:00:00,-11.523166,-13.53247,0.81149983,281.14798,224.62335,176.3235,257.21756,31.536812,-8.784244,-1.6168623,4.309348305308508e-15
2009-05-02 12:00:00,-9.072434,-11.250006,0.8153175,260.75726,210.7977,197.50937,266.9195,45.579132,-19.1247,7.00387,-2.1175714746928072e-07
2009-05-03 12:00:00,-7.1630936,-8.543521,0.8127909,280.8991,226.21274,200.81125,277.41885,36.88083,-13.139654,1.8199406,-2.5221523109611805e-07
2009-05-04 12:00:00,-11.464869,-12.795643,0.8099892,290.69263,232.69328,181.65273,260.1134,26.20211,-8.094949,-2.3541727,4.31259455907886e-15
2009-05-05 12:00:00,-13.193363,-14.755911,0.8122644,289.4394,231.74352,176.94458,252.76712,23.440449,-7.2982817,-1.9844961,4.312956242147337e-15
2009-05-06 12:00:00,-10.982918,-12.467466,0.8064928,296.05038,234.89944,189.3586,261.8109,17.202393,-3.9058013,1.9952149,4.312956242147337e-15
2009-05-07 12:00:00,-12.850949,-13.947641,0.80706584,298.73965,236.8754,184.13809,256.17584,12.899492,-2.6322882,0.093711615,4.312956242147337e-15
2009-05-08 12:00:00,-6.6693025,-8.168247,0.8146573,218.1104,176.38261,231.08688,279.62625,41.750717,-25.716671,9.222462,-8.5407288136697e-07
2009-05-09 12:00:00,-8.838697,-9.251109,0.8136967,255.83717,205.79471,229.19928,274.9228,7.19329,-11.25051,0.26173496,4.312956242147337e-15
2009-05-10 12:00:00,-16.102781,-16.85067,0.8096322,314.56317,249.5556,171.25409,244.9914,3.7874312,-3.446606,-8.388911,4.312956242147337e-15
2009-05-11 12:00:00,-17.812767,-18.350283,0.8110682,316.37616,250.65576,163.26825,239.5006,7.2942467,-3.6944318,-6.9121327,4.309348305308508e-15
2009-05-12 12:00:00,-17.454618,-18.44543,0.81090677,322.71136,255.49323,157.75371,239.13086,14.462004,-5.0455523,-4.7425604,4.3121316555731846e-15
2009-05-13 12:00:00,-13.250759,-12.541172,0.8128314,247.81061,198.81635,232.64127,262.2307,-5.385898,-8.328916,5.6900015,4.3117365147032904e-15
2009-05-14 12:00:00,-10.472759,-10.564798,0.8104273,301.9984,238.97433,216.82373,270.55185,0.011553101,-2.9913406,6.3161716,4.31259455907886e-15
2009-05-15 12:00:00,-6.310666,-8.662437,0.8098713,325.7088,253.4512,192.83136,277.68652,48.75246,-26.206486,9.94841,-1.002839084270786e-10
2009-05-16 12:00:00,-2.2433693,-4.7935276,0.782864,327.47394,240.75792,210.73691,294.36218,55.854156,-31.519464,27.425436,-1.939586851190724e-08
2009-05-17 12:00:00,1.4408541,-1.4721673,0.7685555,315.07916,220.07831,230.14142,309.63364,59.91255,-38.15645,37.26474,-6.83394215952318e-07
2009-05-18 12:00:00,0.7289926,-1.8439137,0.7613963,300.3728,213.45267,236.7169,308.1718,39.515465,-26.204544,28.776146,1.256398680362109
2009-05-19 12:00:00,1.5193948,-0.11070728,0.7132824,239.72397,162.11674,283.61957,316.6391,22.010838,-21.74464,44.853886,7.331213042381882
2009-05-20 12:00:00,-1.3593122,-2.8879776,0.7549341,328.9182,228.0083,219.51015,304.0449,11.838474,-12.532761,15.6808815,2.8357570184558445
2009-05-21 12:00:00,-0.9615773,-3.0360773,0.76709414,315.39923,226.75937,226.46423,302.93893,30.612646,-37.059875,5.7179337,1.6208881168490752
2009-05-22 12:00:00,2.0850954,-1.5674047,0.7416017,293.13095,199.33452,242.8762,310.26532,83.286026,-62.087833,47.60551,6.375907530462907
2009-05-23 12:00:00,2.342644,-1.1926715,0.6963917,340.64807,212.84258,225.49556,311.53113,96.90619,-79.82695,58.849167,13.386464011991176
2009-05-24 12:00:00,2.0160174,-1.0048821,0.6044065,308.13794,179.08334,243.41501,312.39435,71.33234,-65.89428,65.51331,18.284074783699904
2009-05-25 12:00:00,0.49074137,-1.9097648,0.60146946,339.2422,193.70697,225.92973,308.7655,17.78986,-17.824207,62.665096,18.381738177948282
2009-05-26 12:00:00,-0.7918978,-2.4087276,0.6058358,346.521,199.34218,216.07893,306.25226,5.3126564,-14.581256,47.736893,16.06694554593568
2009-05-27 12:00:00,-1.5139533,-2.8510294,0.6041989,349.22052,200.46658,214.43765,304.27017,3.5651844,-14.381924,48.10468,15.417287873114589
2009-05-28 12:00:00,-1.878244,-3.1490488,0.60972816,352.40845,206.12993,210.90315,302.52472,8.844424,-27.264858,36.23652,13.912792759195852
2009-05-29 12:00:00,-2.064368,-3.1482122,0.60888386,350.50726,204.3303,216.56491,302.453,4.436541,-19.226118,45.499283,14.486884774013634
2009-05-30 12:00:00,-0.40093985,-2.4873762,0.6016149,353.11987,202.03143,222.27002,305.61407,26.965012,-30.455128,64.25427,17.79574299400674
2009-05-31 12:00:00,1.4377555,-1.132838,0.59565854,341.7782,194.54294,234.30316,311.64453,47.985214,-43.37777,74.501335,22.035767681352052
2009-06-01 12:00:00,2.716789,-0.44491744,0.59504974,267.57785,154.45119,269.22687,315.6187,56.812973,-31.999249,91.54854,24.740979034973297
2009-06-02 12:00:00,3.864432,0.0,0.57022774,333.7152,184.5669,268.40564,318.904,70.59352,3.673009,172.91649,48.32596489226199
2009-06-03 12:00:00,2.804494,-0.41551718,0.5836606,353.74655,194.1683,246.64505,316.41644,30.851685,-5.4971333,115.16141,35.45466487182847
2009-06-04 12:00:00,3.336053,-0.07018396,0.57610035,352.66034,194.07922,246.62254,318.0971,45.651234,-15.16021,117.59757,37.218505216887486
2009-06-05 12:00:00,3.919138,-0.12724474,0.58079636,349.32526,190.29866,254.79169,318.21213,53.177113,-4.4824853,144.30078,42.33688008301115
2009-06-06 12:00:00,3.178189,-0.13183965,0.5782785,339.88312,185.46848,258.50043,318.10028,24.822777,0.99344206,120.631004,37.843478549155975
2009-06-07 12:00:00,1.8004352,-0.15942383,0.6064205,269.24005,159.27902,286.38983,318.59015,3.2762413,-2.373001,78.663956,23.806772603577823
2009-06-08 12:00:00,0.9041927,-1.1981685,0.648235,318.8364,197.72559,253.53821,312.7925,8.499397,0.29564643,70.65155,20.068626665866958
2009-06-09 12:00:00,0.96550065,-0.0017435286,0.6364864,142.44188,89.27694,310.7583,317.70264,3.539619,0.0844059,49.844627,13.867762139595504
2009-06-10 12:00:00,-0.44457307,-1.7066636,0.6774332,358.57208,230.58548,234.68417,309.74393,4.0562406,-9.116511,47.866577,16.48367202771575
2009-06-11 12:00:00,-0.6776083,-2.450187,0.67155504,368.18414,234.38776,225.03693,306.69092,5.2218924,-9.765211,47.599075,15.185624811381402
2009-06-12 12:00:00,0.28382212,-1.6006814,0.66736686,361.20728,226.7753,236.272,310.65686,7.888524,-6.8688145,61.066833,18.14047096543081
2009-06-13 12:00:00,-0.21107513,-1.9603586,0.66372275,367.76587,230.09883,230.36281,308.89413,5.378875,-11.290076,53.22451,16.69815252325387
2009-06-14 12:00:00,-0.019206047,-2.0118456,0.6436779,372.5047,224.90472,225.18091,308.62595,8.263305,-9.520792,62.897453,17.334345743365912
2009-06-15 12:00:00,1.48374,-1.2829962,0.5692011,372.63498,194.92468,225.85234,311.34155,40.508713,-32.984604,99.74519,23.261927542486195
2009-06-16 12:00:00,1.762995,-1.0007603,0.57095647,370.33496,199.47147,230.64104,312.5476,42.091774,-26.480085,104.56862,26.443069858854944
2009-06-17 12:00:00,1.6973357,-0.8659506,0.5638558,366.45117,196.38635,235.53432,313.164,37.680588,-15.410931,114.70479,28.956813940988926
2009-06-18 12:00:00,1.5451157,-0.46666825,0.5129567,295.88147,148.46896,264.18008,315.19427,24.43343,-8.72743,112.10431,32.67563850729576
2009-06-19 12:00:00,1.4543277,-1.1328217,0.51528,310.6195,154.61043,252.50195,312.2326,36.31902,-14.79097,117.80647,32.31171474890886
2009-06-20 12:00:00,0.44063228,-0.41116005,0.5188074,219.39682,106.3658,288.24313,315.55905,5.333816,-7.479929,83.56899,24.4259034845696
2009-06-21 12:00:00,-0.58978796,-0.53311443,0.7637223,269.20407,184.13095,298.03424,315.92505,-8.896137,-5.657054,52.62912,12.779308103640597
2009-06-22 12:00:00,0.39394504,-0.90027577,0.7689096,363.00922,267.62985,254.12791,313.33276,4.7217655,-12.24464,28.651638,10.74434735064592
2009-06-23 12:00:00,0.49972567,-1.785912,0.680105,360.89624,230.83012,231.09227,308.7417,37.54947,-30.579819,59.386337,16.362445646726254
2009-06-24 12:00:00,1.2132964,-0.7603741,0.5704392,323.208,171.49582,257.2267,314.03357,23.516893,-14.540766,103.88146,25.487621397790935
2009-06-25 12:00:00,0.92988634,-0.6709445,0.5922358,183.38036,105.17932,283.69577,314.0727,19.127232,-8.742481,58.20886,14.162841283879999
2009-06-26 12:00:00,1.0507119,0.0,0.6393487,134.95001,83.65445,309.5631,316.8648,18.616169,-13.432054,49.177982,17.288833446944192
2009-06-27 12:00:00,0.6507576,-0.17518234,0.69170076,332.86188,208.34988,271.96548,317.7684,-3.9457674,-3.9222288,70.84108,17.910890139112716
2009-06-28 12:00:00,0.88789463,-1.4512002,0.6101373,364.42804,213.44084,232.7615,310.88885,22.573566,-11.053778,84.37963,23.000589753515886
2009-06-29 12:00:00,2.687423,-0.20190471,0.5744895,190.785,103.14128,281.4261,316.7789,57.13343,-2.7621317,106.66221,28.392922825139955
2009-06-30 12:00:00,1.8159878,-0.004852507,0.5356581,127.20491,63.23452,313.00037,317.94104,36.335526,6.3414965,101.70674,31.755960273897024
2009-07-01 12:00:00,-0.64277804,-0.5824255,0.77096605,282.4496,200.11426,289.38635,314.89886,-7.074068,-9.63401,40.11474,11.42642021126522
2009-07-02 12:00:00,0.23955896,-1.1100297,0.67565644,285.93,182.48807,275.82126,312.55515,8.843685,-11.126101,64.42563,17.36690731519528
2009-07-03 12:00:00,1.1790373,-0.39555866,0.59349525,190.22604,110.587036,300.13058,316.10822,10.063084,-6.644806,67.07965,17.38795504099141
2009-07-04 12:00:00,0.6081343,-0.03445742,0.66552085,296.59576,183.83896,290.96716,317.87018,-3.1356807,-4.0099583,78.70815,20.784613085296726
2009-07-05 12:00:00,-0.2624659,-1.4786611,0.5452591,361.42722,183.31836,226.45718,310.73657,3.3638844,-4.1950397,92.998314,23.610179120146235
2009-07-06 12:00:00,2.9601858,-0.6262681,0.5146267,314.4073,155.56503,262.5547,315.6638,51.710144,-5.988552,151.45474,36.77379938255639
2009-07-07 12:00:00,4.6673245,0.0,0.4999605,349.48145,168.20882,261.56598,318.73413,98.68921,-15.894459,206.89923,58.64786015078434
2009-07-08 12:00:00,3.8735714,-0.022783067,0.4518832,342.7511,148.13107,251.34317,317.9174,70.2887,-13.161265,185.17323,51.56188433847686
2009-07-09 12:00:00,2.5905075,-0.32959163,0.4485101,345.02966,146.88425,250.2497,316.45575,28.969812,-1.2566324,159.65254,42.742246500297675
2009-07-10 12:00:00,2.8998332,-0.12707826,0.4530484,319.15485,139.20515,265.10992,317.74054,29.143173,3.425583,159.88783,42.89351852704973
2009-07-11 12:00:00,2.88733,-0.34016377,0.4466406,342.23145,144.84854,252.80524,316.5791,36.234062,4.0997167,173.94283,44.71011078481286
2009-07-12 12:00:00,4.2562914,0.0,0.45131758,297.24188,128.01015,275.40283,319.0993,77.695724,25.544296,228.77528,61.49594940490901
2009-07-13 12:00:00,4.3649936,0.0,0.45144728,191.86952,83.821785,307.98035,319.3446,81.69487,18.619392,196.99774,55.612466706892114
2009-07-14 12:00:00,5.0117784,0.0,0.4452793,331.85938,140.54474,267.6108,319.4536,125.13539,20.575558,285.1828,76.3533355876413
2009-07-15 12:00:00,3.9875183,0.0,0.44668335,333.55304,141.28766,269.7439,319.06024,65.42464,17.084034,225.4577,65.9837807806955
2009-07-16 12:00:00,4.0898747,0.0,0.44800544,330.26437,140.28268,255.25659,318.75897,75.15547,18.68024,220.31502,60.566233262844584
2009-07-17 12:00:00,4.6410646,-0.0001637141,0.44756997,337.91724,143.20386,248.05011,318.2998,101.38623,-13.798309,212.0516,58.20804242680302
2009-07-18 12:00:00,4.169165,-0.02002536,0.44934005,333.41388,142.45502,246.30676,317.92343,84.877304,-12.27731,191.94218,53.80821958230052
2009-07-19 12:00:00,3.415411,-0.12289238,0.45175856,318.58725,137.53476,252.81639,317.4605,53.304558,1.5545473,171.26747,47.06393771552037
2009-07-20 12:00:00,3.1542041,-0.041491296,0.44870466,324.21246,137.98172,252.99203,317.88272,40.571297,7.449744,169.36108,47.32656259833804
2009-07-21 12:00:00,2.2230952,-0.5216862,0.4476351,317.74255,134.8607,254.1745,315.68118,20.218122,3.2767553,144.87004,39.07725358924444
2009-07-22 12:00:00,2.518832,-0.478266,0.44892234,299.97266,128.08797,260.65134,316.27014,13.095312,4.35463,133.71582,35.826780569742205
2009-07-23 12:00:00,2.3381526,-0.74204767,0.45075715,276.56152,118.906815,266.80103,315.28052,7.0195475,1.7278352,117.9226,30.312822051730162
2009-07-24 12:00:00,2.41869,-0.36856735,0.45233133,247.38312,107.894135,282.66766,316.69354,16.26646,5.838992,127.56856,33.89238792175704
2009-07-25 12:00:00,2.4790332,-0.06760364,0.48186547,295.8098,138.05304,275.01562,318.0579,14.185432,-3.6636744,125.23626,31.092957267746144
2009-07-26 12:00:00,1.9007391,-0.90898377,0.51121235,311.51733,149.49675,235.72244,312.9595,36.436546,-14.180138,107.03993,26.12739351955018
2009-07-27 12:00:00,2.3191571,-0.070323944,0.5102024,259.08588,125.8217,282.0714,318.0417,12.271591,5.0808964,114.646385,29.198277175715983
2009-07-28 12:00:00,1.0154883,-1.2406676,0.5071484,321.58643,153.04694,224.32016,311.4123,17.098518,-10.350832,88.195045,21.99366136961291
2009-07-29 12:00:00,0.717438,-1.6620153,0.50817674,317.929,151.40479,219.64056,309.393,20.801537,-12.837926,84.73537,20.68007780971189
2009-07-30 12:00:00,1.4440405,-1.1148164,0.50807834,310.20398,147.65695,229.55673,311.77484,31.604298,-14.026525,97.906685,23.385142872909938
2009-07-31 12:00:00,1.4001937,-1.0250795,0.47126377,306.23608,131.1113,230.7894,312.38287,25.540737,-11.004581,108.067474,28.16867821378596
2009-08-01 12:00:00,1.7560434,-0.9858476,0.45180428,293.94135,127.99444,236.74927,312.64178,30.830513,-9.989021,110.895874,29.67586359250585
2009-08-02 12:00:00,1.6220711,-0.9226545,0.44834813,286.1255,121.66557,249.34784,313.1877,26.475468,-8.854124,118.24138,30.718389808249388
2009-08-03 12:00:00,2.2575252,-0.06529744,0.48599002,232.08064,114.10091,290.95657,317.6807,23.79599,-0.8821151,114.16949,33.05304172872818
2009-08-04 12:00:00,1.6345377,-1.0203394,0.5181492,296.60275,146.90727,235.77223,312.23,35.491997,-14.2733,94.4564,27.765330262398628
2009-08-05 12:00:00,2.21736,-0.80662906,0.518204,289.74545,143.42798,237.25806,313.14197,53.033073,-23.339748,100.12689,28.179457815153246
2009-08-06 12:00:00,1.8559116,-0.918547,0.5177674,287.98303,142.48962,237.53238,312.73068,37.89939,-13.291045,94.90345,27.458824094501303
2009-08-07 12:00:00,2.8339498,-0.41297,0.5186253,255.39029,128.15974,255.59438,315.4005,53.27894,-8.293062,112.410286,30.434077460036292
2009-08-08 12:00:00,2.655294,-0.26676452,0.5182977,225.82962,114.16402,267.617,316.28912,33.7459,-0.19203117,96.54735,28.207225155467686
2009-08-09 12:00:00,2.833825,0.0,0.5176215,185.90828,93.99896,301.47803,318.17572,27.712288,3.0925372,106.01645,29.121244587071356
2009-08-10 12:00:00,2.6312768,-0.1361601,0.5001076,202.03738,98.74039,287.68063,317.07123,34.655735,1.8708557,110.43299,28.879318828335077
2009-08-11 12:00:00,2.531078,-0.01805041,0.44968235,200.90408,86.68973,299.39932,318.0809,25.05635,11.199397,131.78853,35.998297653504544
2009-08-12 12:00:00,2.610411,-0.6255155,0.45204216,258.18872,112.02505,246.48016,314.33557,55.148453,1.0962486,134.55296,33.80571372348405
2009-08-13 12:00:00,2.8106356,-0.21307373,0.45068607,250.2558,108.841446,255.36539,316.3813,36.33464,4.9234705,121.65656,34.235493329811135
2009-08-14 12:00:00,3.5501516,-0.11626932,0.45083213,251.07903,107.681885,253.133,316.85696,73.46422,-8.86978,144.26761,38.05146512066855
2009-08-15 12:00:00,2.61674,-0.21899468,0.45181382,236.77396,103.48818,258.85422,316.2572,37.8575,-3.4441845,110.2961,32.65988397522931
2009-08-16 12:00:00,1.778599,-0.63403296,0.45135787,204.469,89.38501,269.49942,314.73212,9.9086075,0.9071376,80.66703,22.17143219701401
2009-08-17 12:00:00,1.1539493,-1.023574,0.44839084,240.31976,103.23996,247.7435,312.50958,11.566558,0.60703784,84.48732,21.53682169414769
2009-08-18 12:00:00,0.94504344,-1.2473776,0.45025516,229.57718,98.32931,247.81757,311.75967,7.627363,-1.5892289,73.343895,19.48755848739394
2009-08-19 12:00:00,0.11833668,-1.5260199,0.45631146,140.99564,61.713398,266.59125,309.6098,13.417755,-6.517131,43.16431,10.24847807814613
2009-08-20 12:00:00,1.0507777,0.0,0.52470255,66.27821,34.76766,316.48755,317.15942,5.3562384,5.699223,41.894142,11.417068473922122
2009-08-21 12:00:00,0.8105755,-0.027491707,0.57595444,122.64373,73.18354,306.51245,317.27835,0.13436538,-0.01031518,38.81834,12.683797946774611
2009-08-22 12:00:00,-1.0967556,-1.9682723,0.7347988,234.2196,170.31927,253.02676,307.1516,10.348281,-17.414434,2.7093296,5.283208097533276
2009-08-23 12:00:00,-1.1404712,-3.895543,0.70185935,234.63596,158.30244,217.17865,298.33264,71.78085,-57.570522,9.389851,4.524252173149333
2009-08-24 12:00:00,-0.18841076,-2.9261827,0.6628684,228.27115,144.89398,224.23947,302.91858,53.496796,-28.995794,29.19906,9.02374319577913
2009-08-25 12:00:00,-0.46460497,-2.5654788,0.6161237,217.86691,128.38133,230.66998,304.63327,37.218273,-24.248209,28.492357,10.234545226865508
2009-08-26 12:00:00,-0.3647622,-2.443386,0.5660099,208.71707,113.45669,235.38873,305.1308,28.6581,-19.230938,34.94548,10.192254756834982
2009-08-27 12:00:00,2.2317052,-0.95338523,0.51231426,192.85776,92.23445,244.85394,312.0349,70.32446,-29.064983,74.70181,17.835237614455366
2009-08-28 12:00:00,0.99012655,-1.3341627,0.50250584,206.82028,100.03725,238.23627,310.121,43.716103,-26.012014,52.602386,15.895535703605434
2009-08-29 12:00:00,1.3138964,-1.571446,0.50647813,205.78989,101.02278,231.67108,308.9603,63.30406,-33.774555,57.007397,15.710279678020063
2009-08-30 12:00:00,0.8670701,-1.3971325,0.5253855,169.68515,86.24793,255.33423,310.2472,35.962875,-11.968953,52.518177,13.319071850844963
2009-08-31 12:00:00,0.19454205,-0.933776,0.5243329,151.20352,77.88435,271.24792,311.80298,17.748539,-9.817419,40.695236,12.004084435625614
2009-09-01 12:00:00,-0.75639755,-1.5795147,0.5419258,162.20389,86.18637,260.94843,308.73434,10.270577,-11.181355,27.32082,9.927485086923033
2009-09-02 12:00:00,-2.4460962,-3.5461946,0.5366718,194.36423,100.04835,216.63232,299.43207,15.3648815,-21.618591,5.2624264,5.667463977976067
2009-09-03 12:00:00,-1.2462676,-3.1172595,0.51234835,140.00337,69.0313,246.39746,301.89136,35.659225,-25.819075,25.318323,5.624759778781822
2009-09-04 12:00:00,-0.041953802,-1.6654003,0.49559203,165.63327,79.43742,251.10043,308.38446,21.696667,-15.092654,35.51583,9.204580532029537
2009-09-05 12:00:00,-0.73350406,-1.6065285,0.49416217,132.43904,62.293808,276.01495,309.23053,6.439126,-6.9683156,36.400467,8.60471977704211
2009-09-06 12:00:00,-2.1274765,-3.0389647,0.71381533,176.51562,121.20765,243.03085,301.87497,18.443747,-21.772326,-6.8647194,1.9054992053660922
2009-09-07 12:00:00,-0.059611857,-1.8866875,0.58487856,108.91716,58.896667,270.2511,307.49725,54.990036,-42.443336,25.321037,5.098182415133144
2009-09-08 12:00:00,0.14561516,-2.0283701,0.52959913,155.50626,81.06105,243.05524,306.72076,44.63957,-36.255333,19.163914,5.748900291675682
2009-09-09 12:00:00,-3.233611,-4.5541368,0.53876364,165.73276,85.60456,218.57385,295.2915,18.410812,-20.101273,1.7200851,3.3726437333157144
2009-09-10 12:00:00,0.29757583,-2.1621306,0.53744996,88.167694,47.1743,281.8669,306.50958,84.20343,-69.64639,30.90776,5.427115865783293
2009-09-11 12:00:00,0.16104588,-0.26743165,0.6766889,32.206974,25.135094,311.61932,314.58386,15.712425,-14.4603195,5.3594475,-1.6144195748096823
2009-09-12 12:00:00,-1.1124692,-0.8182859,0.8447988,100.59018,86.8741,304.05707,311.80087,-3.7471786,-4.876442,-2.6513457,0.47310779342580767
2009-09-13 12:00:00,-5.7009797,-5.9713078,0.8571047,126.66524,108.488556,259.2332,288.91614,3.184405,-1.4118963,-9.733763,0.004290229121004958
2009-09-14 12:00:00,-4.9022985,-5.285227,0.84595925,113.6398,95.7302,269.8813,291.90204,-0.15094191,-1.0235949,-5.2856894,0.0
2009-09-15 12:00:00,-9.492605,-11.408768,0.8448399,154.3254,129.66284,203.57379,265.70322,34.09374,-9.372529,-12.745664,0.0
2009-09-16 12:00:00,-5.7788563,-7.093895,0.8423744,117.2113,98.60181,253.29468,284.20682,12.095232,-0.7388021,-0.9462129,0.0
2009-09-17 12:00:00,-4.037184,-3.8627539,0.8430016,82.14667,69.247154,288.43042,298.17273,-0.11615628,-1.9919301,1.0491172,0.0
2009-09-18 12:00:00,-6.0516586,-6.7784824,0.8530792,122.92729,104.59438,254.78699,285.41794,4.0905604,0.74673104,-7.4607506,0.0
2009-09-19 12:00:00,-12.904718,-14.595024,0.8487932,137.5863,116.107414,195.58655,253.02454,20.95193,0.31627238,-14.690897,0.0
2009-09-20 12:00:00,-13.905216,-15.976317,0.8482621,133.75226,112.682755,184.80646,247.67029,31.199932,-0.6378088,-11.2322035,0.0
2009-09-21 12:00:00,-7.8893194,-9.731979,0.84349,82.19644,69.27254,241.65634,273.00894,36.0558,-17.269459,0.35764694,4.309348305308508e-15
2009-09-22 12:00:00,-5.247957,-5.8945875,0.8340242,100.175705,83.75334,268.15344,289.19702,3.7966857,0.92565215,0.10112202,4.3121316555731846e-15
2009-09-23 12:00:00,-7.0601525,-7.3683434,0.8270951,104.106735,85.97286,259.26703,282.77686,4.0631957,-0.48716265,-1.7999206,4.3117365147032904e-15
2009-09-24 12:00:00,-9.38048,-10.03247,0.8159664,89.53306,72.941986,248.0165,271.71237,3.5423057,-1.1909316,-4.753431,4.31259455907886e-15
2009-09-25 12:00:00,-7.3784585,-7.46031,0.81739193,59.02732,48.356953,272.95438,282.56195,-0.5665597,-0.92148226,-0.4252482,4.312956242147337e-15
2009-09-26 12:00:00,-7.916271,-9.382097,0.82778156,96.08357,79.53311,230.9354,274.1349,22.43565,1.565221,-2.648162,4.312956242147337e-15
2009-09-27 12:00:00,-2.7168884,-3.800136,0.83249617,52.256733,43.74234,283.58575,298.4317,28.26456,-15.566117,6.366889,-0.0002735422658832731
2009-09-28 12:00:00,-1.5592473,-2.1849675,0.833814,61.074776,50.83484,289.7282,305.56964,16.214043,-9.075306,1.5372429,-0.0002006582891922255
2009-09-29 12:00:00,-5.1557226,-7.170175,0.8349697,92.54677,76.980774,227.00534,283.33264,36.866558,1.1024964,-2.7922523,-6.0319059937856746e-06
2009-09-30 12:00:00,-10.372744,-12.386691,0.8335025,101.426956,84.29527,209.63232,261.82214,20.785423,3.7516098,-10.521103,4.312956242147337e-15
2009-10-01 12:00:00,-14.579733,-16.560223,0.8313993,98.982254,82.213196,192.46095,245.3827,21.6887,2.396428,-12.067567,4.309348305308508e-15
2009-10-02 12:00:00,-10.062107,-11.4294195,0.8283534,59.00821,48.825108,245.3472,266.3022,18.057915,-4.1472654,3.1387644,4.3121316555731846e-15
2009-10-03 12:00:00,-8.444156,-9.201719,0.82531166,60.247665,49.66098,254.697,275.16473,6.614197,0.34035134,-2.9264944,4.3117365147032904e-15
2009-10-04 12:00:00,-8.921379,-9.153595,0.8186564,51.87143,42.427658,264.6177,275.4008,3.3015256,-2.0472147,-0.084998846,4.31259455907886e-15
2009-10-05 12:00:00,-10.55414,-12.129353,0.81238604,60.433727,49.022648,237.12787,263.22015,5.0236983,1.4585112,-8.198996,4.312956242147337e-15
2009-10-06 12:00:00,-14.590706,-16.148804,0.811137,64.48679,52.295303,205.40097,247.09052,23.23728,-1.3694462,-7.630221,4.312956242147337e-15
2009-10-07 12:00:00,-16.783987,-18.705486,0.81518996,81.20633,66.19057,179.67091,237.2218,35.459526,-4.9168906,-11.992491,4.312956242147337e-15
2009-10-08 12:00:00,-21.990128,-24.246876,0.818696,80.93544,65.99184,152.62216,217.10757,36.70517,-1.805624,-14.642263,4.312956242147337e-15
2009-10-09 12:00:00,-20.923069,-23.500687,0.8187158,79.08851,64.50897,145.8909,219.73929,57.89518,-6.3540173,-7.7276897,4.312956242147337e-15
2009-10-10 12:00:00,-11.60425,-14.55056,0.8140105,62.042576,50.311043,185.58447,253.177,77.87276,-18.389858,3.6219025,4.312956242147337e-15
2009-10-11 12:00:00,-5.256878,-8.287771,0.8111325,63.146828,51.259583,221.61603,278.52808,87.13068,-37.72279,4.3830833,-1.0474012016107081e-12
2009-10-12 12:00:00,-1.8746345,-4.8728046,0.8113974,47.179962,38.299397,246.44366,293.3144,157.85217,-113.84242,6.0195923,-1.0485897107155956e-06
2009-10-13 12:00:00,-2.001134,-4.696835,0.8126073,53.2949,43.325516,238.44351,293.96252,93.95714,-46.56575,1.8417587,-1.6253319465034213e-06
2009-10-14 12:00:00,-6.7009273,-9.032731,0.8148613,56.27539,45.826984,225.06409,275.49573,50.03725,-13.268913,-3.2148972,4.31259455907886e-15
2009-10-15 12:00:00,-4.975448,-7.2526765,0.814642,59.114067,48.362473,234.6572,283.04034,74.909424,-34.786446,2.4914246,-4.9961643845271485e-06
2009-10-16 12:00:00,-0.9348932,-3.1560814,0.8184483,46.340523,37.772087,270.54535,301.01453,94.69681,-66.93572,5.860344,-5.884842720985748e-05
2009-10-17 12:00:00,-5.5024776,-5.831741,0.84283435,31.893555,26.774132,279.8496,289.4882,7.1535625,-3.5048852,-0.87048006,4.312956242147337e-15
2009-10-18 12:00:00,-6.800453,-8.202152,0.8323877,46.019127,38.39212,237.12976,279.0804,29.757177,0.7582021,-3.808267,4.312956242147337e-15
2009-10-19 12:00:00,-6.0801888,-6.9005976,0.82958186,16.124268,13.373997,271.0044,284.84363,28.69003,-14.866276,2.7347908,4.312956242147337e-15
2009-10-20 12:00:00,-5.187766,-5.5758166,0.82558763,19.094425,15.789073,284.41626,290.61,11.311937,-7.1025953,1.3209686,4.312956242147337e-15
2009-10-21 12:00:00,-9.481499,-11.233872,0.82542884,43.51825,36.072334,226.27881,266.70346,22.0865,1.1909893,-9.701247,4.309348305308508e-15
2009-10-22 12:00:00,-11.691465,-14.456522,0.82475793,40.06684,32.89807,186.92554,253.37701,61.654747,-6.2774377,-3.905398,4.3121316555731846e-15
2009-10-23 12:00:00,-5.85849,-7.981569,0.82068324,28.89881,23.718178,238.98494,279.96063,49.59266,-10.209963,3.587637,4.3117365147032904e-15
2009-10-24 12:00:00,-6.8623114,-8.23782,0.81971663,21.8265,17.90078,250.72162,279.03137,30.099655,-6.396567,-0.6809449,4.31259455907886e-15
2009-10-25 12:00:00,-10.391441,-12.012184,0.81526697,28.450485,23.194159,233.53604,263.5041,17.875866,1.3508595,-5.484996,4.312956242147337e-15
2009-10-26 12:00:00,-4.9115458,-6.673742,0.81460077,19.201511,15.638777,263.45956,285.7327,34.79357,-10.857214,5.22596,-1.1763709471444905e-09
2009-10-27 12:00:00,-4.6165733,-7.775958,0.8175771,29.331156,23.972528,219.91083,280.69525,96.17659,-42.99193,-2.2411346,-8.005304691877942e-09
2009-10-28 12:00:00,-6.8000393,-8.89189,0.8167274,15.80098,12.866674,236.73361,276.20135,51.93239,-15.514344,-0.115395546,4.312956242147337e-15
2009-10-29 12:00:00,-16.59468,-18.316666,0.81940764,28.885548,23.74226,191.97397,239.18954,23.130802,0.58966994,-18.351816,4.312956242147337e-15
2009-10-30 12:00:00,-15.677662,-16.308445,0.81326973,13.027564,10.584003,236.26819,246.93365,8.804423,-0.54327047,0.039247155,4.312956242147337e-15
2009-10-31 12:00:00,-13.861643,-14.689081,0.81109476,17.84959,14.467587,235.26898,253.16318,6.1229115,0.7377968,-7.6514845,4.312956242147337e-15
2009-11-01 12:00:00,-9.727686,-12.2705145,0.8126779,14.352178,11.632869,230.47426,262.76562,42.131245,-7.769511,4.7896757,4.309348305308508e-15
2009-11-02 12:00:00,-10.40321,-10.876469,0.81031835,10.275774,8.3249855,260.64124,268.3073,2.1788907,0.40529948,-3.131098,4.3121316555731846e-15
2009-11-03 12:00:00,-14.228071,-15.219009,0.8100311,13.1486,10.650795,227.20865,250.8208,14.766436,1.330755,-5.0171566,4.3117365147032904e-15
2009-11-04 12:00:00,-15.187174,-17.136517,0.8154571,21.290531,17.438393,187.5299,243.2042,61.321,-18.158928,-8.660076,4.31259455907886e-15
2009-11-05 12:00:00,-10.336628,-13.3402815,0.8107164,12.166564,9.854399,201.16025,257.92892,71.39702,-15.376135,1.5643711,4.312956242147337e-15
2009-11-06 12:00:00,-11.336643,-13.149683,0.80994415,11.498533,9.313278,222.81503,258.79175,38.463444,-7.139164,-2.4671783,4.312956242147337e-15
2009-11-07 12:00:00,-12.060035,-14.06942,0.8121207,9.271437,7.5088816,215.31372,255.27734,46.05423,-9.565077,-1.711916,4.312956242147337e-15
2009-11-08 12:00:00,-13.548686,-16.566666,0.8172325,15.277037,12.512165,189.83704,245.5635,48.115547,-1.397812,-6.243866,4.312956242147337e-15
2009-11-09 12:00:00,-11.181139,-14.408308,0.8148737,14.1223545,11.529018,187.35547,253.57881,68.574615,-10.08951,-5.1448994,4.312956242147337e-15
2009-11-10 12:00:00,-21.870365,-24.320992,0.8173635,13.588848,11.117544,159.35852,216.99309,38.13333,0.30704415,-16.722885,4.312956242147337e-15
2009-11-11 12:00:00,-27.85126,-30.304321,0.81851304,12.784003,10.465189,136.87155,196.7127,40.11898,-0.4865137,-17.889875,4.309348305308508e-15
2009-11-12 12:00:00,-24.911135,-27.519945,0.81186646,8.328431,6.745125,168.98366,206.24408,29.103363,0.45331898,-6.1204343,4.3121316555731846e-15
2009-11-13 12:00:00,-23.196901,-26.31098,0.8172585,10.283529,8.416504,162.72449,210.06421,33.265015,3.4048746,-8.802805,4.3117365147032904e-15
2009-11-14 12:00:00,-16.767673,-20.017181,0.81461585,8.386924,6.799347,174.85046,232.60892,58.933968,0.58273673,3.3458288,4.31259455907886e-15
2009-11-15 12:00:00,-6.565651,-8.62333,0.8098887,5.407717,4.3796463,249.04338,277.4266,43.378593,-7.65141,8.372029,4.312956242147337e-15
2009-11-16 12:00:00,-10.968282,-13.81937,0.8098881,6.0646877,4.9117217,201.86682,255.98201,52.617096,-4.4321156,-4.7772427,4.312956242147337e-15
2009-11-17 12:00:00,-10.476311,-12.325146,0.80988246,4.461359,3.6132154,230.36752,262.21057,34.414093,-2.0952008,1.3239887,4.312956242147337e-15
2009-11-18 12:00:00,-13.723776,-15.113379,0.81030554,4.534505,3.6759915,224.82977,251.35236,16.917936,0.9048393,-7.8412943,4.312956242147337e-15
2009-11-19 12:00:00,-19.829552,-21.605877,0.81132126,4.592062,3.7256737,187.11594,226.76741,25.560791,1.0186095,-12.205687,4.312956242147337e-15
2009-11-20 12:00:00,-25.942875,-28.094782,0.8176929,5.0451584,4.1308184,148.03644,204.00592,39.60798,0.57702994,-14.870132,4.312956242147337e-15
2009-11-21 12:00:00,-22.629774,-25.546906,0.8103095,3.3988826,2.7526135,170.43854,212.76924,36.309044,0.44594175,-4.929447,4.309348305308508e-15
2009-11-22 12:00:00,-7.936855,-11.988777,0.809847,2.0884194,1.6913183,256.6426,263.92426,27.632507,-8.512758,12.235205,-1.1758575918481526e-09
2009-11-23 12:00:00,-9.30831,-12.058106,0.8105031,2.7524104,2.2290578,213.38753,263.32748,66.26312,-21.542252,-4.695732,-3.869731116122886e-11
2009-11-24 12:00:00,-15.7296,-19.05737,0.817842,2.8119226,2.3029003,178.27885,235.81906,47.599625,2.6089706,-6.82259,4.31259455907886e-15
2009-11-25 12:00:00,-17.155563,-20.059582,0.81531775,2.2210665,1.8006306,178.18677,232.1587,45.433098,0.785289,-7.3331156,4.312956242147337e-15
2009-11-26 12:00:00,-19.257572,-21.662071,0.8100332,1.7348112,1.404944,185.57169,226.46341,31.534012,0.89252394,-8.13532,4.312956242147337e-15
2009-11-27 12:00:00,-23.203794,-25.651768,0.8137947,1.7275987,1.4143559,157.73312,212.28348,41.57274,1.1272032,-11.5371685,4.312956242147337e-15
2009-11-28 12:00:00,-23.689926,-26.077276,0.81761676,1.3076427,1.0664496,157.94934,210.82397,45.057816,-0.90372586,-8.479352,4.312956242147337e-15
2009-11-29 12:00:00,-22.699581,-25.31158,0.8188964,1.1637812,0.9531188,154.73148,213.39594,54.262558,-2.4946928,-6.685931,4.312956242147337e-15
2009-11-30 12:00:00,-21.435026,-24.701038,0.8189595,0.51853853,0.4246395,149.5441,215.42729,60.453117,-1.9928503,-7.3290243,4.312956242147337e-15
2009-12-01 12:00:00,-21.34372,-24.561373,0.81890106,0.70182157,0.57471097,153.24564,215.96231,56.917664,-0.55741036,-6.229312,4.309348305308508e-15
2009-12-02 12:00:00,-21.589104,-24.283897,0.8176584,0.5230762,0.42839468,158.80853,216.99051,52.746468,-1.8107231,-7.1515512,4.3121316555731846e-15
2009-12-03 12:00:00,-22.274612,-24.907362,0.81777877,0.15084858,0.12354305,160.67618,214.81906,49.68637,-2.212819,-6.642026,4.3117365147032904e-15
2009-12-04 12:00:00,-23.658106,-26.084019,0.81420016,0.23259783,0.19011623,167.42093,210.96446,35.412205,-1.3823373,-9.471186,4.31259455907886e-15
2009-12-05 12:00:00,-21.740238,-24.425774,0.81456137,0.16695759,0.1367253,167.87592,217.0044,51.357635,-2.118735,0.1406529,4.312956242147337e-15
2009-12-06 12:00:00,-11.657102,-15.030281,0.8136232,0.10825217,0.08866087,200.19241,251.2527,61.23137,-6.431002,3.7596717,4.312956242147337e-15
2009-12-07 12:00:00,-6.7272463,-10.456095,0.8101357,0.06271629,0.050793536,204.71152,269.43115,90.02452,-20.15121,5.1656,4.312956242147337e-15
2009-12-08 12:00:00,-15.026804,-17.885288,0.8111267,0.0,0.0,200.79156,240.54855,29.92596,1.1564014,-8.674626,4.312956242147337e-15
2009-12-09 12:00:00,-20.24962,-23.01406,0.81164634,0.0,0.0,182.47632,221.6748,25.760466,2.0940228,-11.343998,4.312956242147337e-15
2009-12-10 12:00:00,-14.3558235,-17.558947,0.81062394,0.0,0.0,203.67259,242.00589,46.930847,-2.2833855,6.314164,4.312956242147337e-15
2009-12-11 12:00:00,-4.139859,-7.3748684,0.81457007,0.0,0.0,218.25966,282.3572,142.26521,-68.431656,9.736008,-2.568687780557966e-07
2009-12-12 12:00:00,-2.068221,-5.304738,0.81361425,0.0,0.0,235.03732,291.2709,179.57599,-116.533646,6.8087616,-1.6224142926198997e-06
2009-12-13 12:00:00,-1.2902286,-4.4033556,0.8132852,0.0,0.0,247.86917,295.33508,175.5055,-121.00527,7.0343094,-1.8520744340651614e-06
2009-12-14 12:00:00,0.18659338,-2.968068,0.81569517,0.0,0.0,262.68787,301.8668,174.3238,-129.71758,5.427307,-5.440601929020902e-05
2009-12-15 12:00:00,-5.071788,-8.303397,0.8170619,0.0,0.0,217.34442,278.39282,95.05144,-34.316483,-0.31344604,4.312956242147337e-15
2009-12-16 12:00:00,-13.419952,-16.03999,0.81952226,0.0,0.0,174.25519,247.25748,63.39795,-1.862115,-11.4664545,4.312956242147337e-15
2009-12-17 12:00:00,-4.8962646,-7.4880185,0.81313074,0.0,0.0,251.0263,282.37976,63.956276,-21.501999,11.100822,-1.912577673899037e-05
2009-12-18 12:00:00,-5.4804707,-8.577241,0.8131749,0.0,0.0,219.81424,277.31097,74.35591,-17.75375,-0.8945732,-4.385556113081883e-08
2009-12-19 12:00:00,-6.792103,-9.98403,0.81379294,0.0,0.0,216.68304,271.46283,73.44608,-18.842056,-0.17575836,4.312956242147337e-15
2009-12-20 12:00:00,-7.5715837,-10.586142,0.8150041,0.0,0.0,212.83029,268.97983,74.586685,-19.730389,-1.2932396,4.312956242147337e-15
2009-12-21 12:00:00,-10.227787,-13.2217865,0.81508654,0.0,0.0,205.38202,258.36896,59.25383,-10.003281,-3.7363892,4.309348305308508e-15
2009-12-22 12:00:00,-10.688799,-12.859969,0.81522965,0.0,0.0,230.98407,260.02667,32.380302,-4.5324593,-1.1947594,4.3121316555731846e-15
2009-12-23 12:00:00,-20.06659,-21.296589,0.8145654,0.0,0.0,192.62656,228.17836,17.843582,0.16308819,-17.545134,4.3117365147032904e-15
2009-12-24 12:00:00,-19.083858,-21.515446,0.8221003,0.0,0.0,151.80768,227.20743,92.53868,-18.311253,-1.1723213,4.31259455907886e-15
2009-12-25 12:00:00,-14.817445,-17.78902,0.81992596,0.0,0.0,163.48535,240.42276,87.099045,-15.647332,-5.485696,4.312956242147337e-15
2009-12-26 12:00:00,-14.118906,-15.630619,0.81295764,0.0,0.0,220.60866,249.15985,34.44348,-5.830936,0.061352253,4.312956242147337e-15
2009-12-27 12:00:00,-14.06711,-16.307474,0.81319296,0.0,0.0,194.54437,246.29906,50.545113,-1.5438762,-2.753448,4.312956242147337e-15
2009-12-28 12:00:00,-8.876534,-10.560345,0.8130659,0.0,0.0,243.62985,269.43103,52.288795,-20.323254,6.164364,4.312956242147337e-15
2009-12-29 12:00:00,-4.745613,-6.2925463,0.81294966,0.0,0.0,267.51074,287.35687,57.282375,-31.160955,6.2752895,4.312956242147337e-15
2009-12-30 12:00:00,-3.1113968,-5.8829317,0.81298095,0.0,0.0,266.29846,289.11197,80.777435,-53.00392,4.9600067,-2.057119425924241e-08
2009-12-31 12:00:00,-0.5882304,-2.904824,0.8181315,0.0,0.0,279.5071,302.21863,71.46211,-41.420734,7.3298607,-0.0007624589846788174
2010-01-01 12:00:00,-2.0715156,-3.519131,0.82828724,0.0,0.0,280.74884,299.62872,47.330963,-25.991186,2.4598942,-0.00019014902755895742
2010-01-02 12:00:00,-6.618313,-10.202268,0.825209,0.0,0.0,203.30052,270.43387,79.84639,-16.39658,-3.6835365,4.3121316555731846e-15
2010-01-03 12:00:00,-7.48613,-10.982294,0.8251666,0.0,0.0,201.7565,267.2823,80.0711,-17.162727,-2.6174164,4.3117365147032904e-15
2010-01-04 12:00:00,-6.6278715,-10.286355,0.8248532,0.008233249,0.0067864466,197.41618,270.03638,94.215,-20.571758,1.0244942,4.31259455907886e-15
2010-01-05 12:00:00,-9.587289,-12.378994,0.8261722,0.051302228,0.042290404,208.48763,261.72336,64.32255,-15.283333,-4.1875076,4.312956242147337e-15
2010-01-06 12:00:00,-10.377937,-13.478863,0.8187612,0.09887175,0.08094807,207.31706,257.35052,55.06964,-8.049078,-2.9949741,4.312956242147337e-15
2010-01-07 12:00:00,-8.370086,-10.349251,0.8176298,0.13155252,0.10750908,253.80017,270.31927,31.706203,-12.4257765,2.785367,4.312956242147337e-15
2010-01-08 12:00:00,-12.3301935,-14.217621,0.81761646,0.046790607,0.038241796,233.63873,254.78949,14.493785,-0.3722319,-7.020655,4.312956242147337e-15
2010-01-09 12:00:00,-13.697229,-13.907944,0.8155563,0.18351403,0.14947613,252.17072,256.11523,0.9572451,-0.4173024,-3.3705385,4.312956242147337e-15
2010-01-10 12:00:00,-16.22823,-18.844604,0.8131738,0.34665924,0.2826733,201.77435,237.27634,30.157707,1.8235835,-3.456705,-5.961273387917115e-11
2010-01-11 12:00:00,-1.500673,-4.3150263,0.8132662,0.37558967,0.30511197,271.49542,295.97388,101.74365,-67.35089,9.984787,-1.2285382448468834e-06
2010-01-12 12:00:00,-7.700156,-11.091152,0.81627166,0.5676339,0.46109825,198.95952,266.81445,83.307556,-20.086334,-4.527176,4.3121316555731846e-15
2010-01-13 12:00:00,-14.30561,-16.129934,0.81250083,0.674683,0.54818666,213.79962,247.30917,28.087215,-3.7366037,-9.032445,4.3117365147032904e-15
2010-01-14 12:00:00,-19.407017,-19.652159,0.8113754,0.8192302,0.6645431,218.90712,234.04108,4.7964563,1.2716237,-8.91119,4.31259455907886e-15
2010-01-15 12:00:00,-21.250546,-22.916391,0.81142515,1.1785758,0.9585278,196.12039,222.2243,13.254683,0.9308137,-11.698369,4.312956242147337e-15
2010-01-16 12:00:00,-18.487,-21.438507,0.81137806,1.4598428,1.1837218,191.29309,227.29314,29.403114,1.0145738,-5.306238,4.312956242147337e-15
2010-01-17 12:00:00,-20.529297,-23.820463,0.8179288,1.9825463,1.6252506,164.34067,218.60175,43.054108,0.8508126,-9.998861,4.312956242147337e-15
2010-01-18 12:00:00,-22.07201,-24.97491,0.815108,2.175269,1.7738535,162.70233,214.62926,39.890633,1.0082294,-10.626647,4.312956242147337e-15
2010-01-19 12:00:00,-27.53218,-29.458935,0.8148133,2.9793587,2.4421797,154.81,199.79639,26.997957,0.5298985,-16.921356,4.312956242147337e-15
2010-01-20 12:00:00,-27.916416,-30.231403,0.81218433,2.5781026,2.0900578,165.47192,197.33841,22.225418,0.22611892,-8.926904,4.312956242147337e-15
2010-01-21 12:00:00,-17.715345,-21.984516,0.81235564,2.9858496,2.4206004,196.17166,225.5235,28.45213,1.587164,1.2527047,4.309348305308508e-15
2010-01-22 12:00:00,-9.066296,-11.313198,0.8109624,2.3996677,1.9453515,250.91669,266.40225,31.603893,-7.1118116,9.460832,4.3121316555731846e-15
2010-01-23 12:00:00,-6.58541,-9.742703,0.8123702,2.6745214,2.1681652,227.46072,272.59875,92.26537,-41.672096,5.9616013,-5.9073552294186e-09
2010-01-24 12:00:00,-7.965089,-10.218658,0.8107482,3.62014,2.9347265,237.03572,270.76663,61.65551,-29.341438,-0.73142624,-6.034070038058557e-11
2010-01-25 12:00:00,-14.774744,-16.461994,0.81146073,4.4146576,3.578795,208.2493,245.95862,33.83644,-6.238368,-9.275386,4.312956242147337e-15
2010-01-26 12:00:00,-12.886075,-14.890945,0.8141016,4.244751,3.441021,205.44473,252.66992,59.810944,-7.0636115,6.325873,4.312956242147337e-15
2010-01-27 12:00:00,-2.785472,-4.2329445,0.81072384,2.7595084,2.2371554,282.6023,296.41513,57.254707,-35.446335,8.517891,-7.383175611300124e-06
2010-01-28 12:00:00,-3.9386926,-6.087933,0.81074846,3.6572595,2.9649708,252.2391,288.13715,63.044403,-23.519974,4.318676,-9.385530009257322e-07
2010-01-29 12:00:00,-5.7813816,-8.280975,0.81475174,8.149765,6.660389,218.19945,278.5696,63.363297,-5.2180414,-0.7355318,4.312956242147337e-15
2010-01-30 12:00:00,-0.038792938,-1.9630988,0.81343794,5.0482225,4.1612153,296.10864,306.6287,43.38555,-21.609194,12.143316,-0.0022748730193381133
2010-01-31 12:00:00,0.736912,-2.2486272,0.8154143,7.031005,5.72429,275.49255,305.09692,95.92784,-61.812416,5.817772,-8.163025509229163e-05
2010-02-01 12:00:00,-3.8002224,-6.6139364,0.81646013,6.049588,4.928153,249.43204,285.92407,77.6475,-44.693783,-2.4168816,-1.9366048364368025e-07
2010-02-02 12:00:00,-3.4588132,-6.587239,0.81389487,6.254945,5.085341,257.95663,286.19513,145.7619,-113.14775,5.5452576,-4.832767203562e-08
2010-02-03 12:00:00,-2.4385018,-5.224433,0.8130366,8.242131,6.7003098,259.53766,291.8838,145.74265,-111.645515,3.2928238,-5.1282959075481455e-08
2010-02-04 12:00:00,-6.226986,-9.6112175,0.8188484,14.729424,12.103117,194.0983,272.7709,123.270935,-50.136463,-2.911831,4.31259455907886e-15
2010-02-05 12:00:00,-9.001748,-12.210154,0.8207393,15.659008,12.850384,181.60532,262.11163,105.59298,-32.011757,-4.1164703,4.312956242147337e-15
2010-02-06 12:00:00,-10.2721405,-13.136402,0.8179161,11.399923,9.256585,188.09122,258.50565,95.08377,-29.982346,-3.1696625,4.312956242147337e-15
2010-02-07 12:00:00,-9.756399,-13.63862,0.82070184,18.378017,15.081905,182.79901,256.53284,72.88614,-4.428642,-1.9802165,4.312956242147337e-15
2010-02-08 12:00:00,-5.76153,-9.606207,0.8166566,19.238895,15.622032,203.6529,272.8833,78.4191,-10.494298,2.3112593,4.312956242147337e-15
2010-02-09 12:00:00,-8.367717,-10.9322,0.8119898,16.742577,13.591488,229.31354,268.12823,33.951942,-4.1837096,-5.8953757,-7.795847529457619e-08
2010-02-10 12:00:00,-18.044918,-20.400173,0.8148997,19.397873,15.747217,189.83064,231.04022,21.164732,3.1031966,-13.290993,4.312956242147337e-15
2010-02-11 12:00:00,-13.012622,-15.053644,0.8139876,18.24401,14.8549595,227.84018,251.6354,15.4455805,3.7864394,-1.1741557,4.309348305308508e-15
2010-02-12 12:00:00,-16.42405,-19.04073,0.81540215,18.028316,14.636196,197.59409,236.10266,22.916876,2.7207294,-9.478849,4.3121316555731846e-15
2010-02-13 12:00:00,-20.051476,-22.570335,0.8198306,28.728243,23.582344,165.49237,223.0324,36.550705,3.8382168,-12.005205,4.3117365147032904e-15
2010-02-14 12:00:00,-18.479279,-21.197094,0.82096404,30.865725,25.337574,166.44508,227.97131,53.07905,-2.915537,-5.834566,4.31259455907886e-15
2010-02-15 12:00:00,-9.551266,-12.392054,0.81471956,23.283016,18.899517,199.89142,261.76843,70.01039,-4.819816,7.69706,4.312956242147337e-15
2010-02-16 12:00:00,-5.272135,-6.4037514,0.81224036,15.913765,12.932486,276.03955,287.01144,23.172878,-6.22724,8.955025,4.312956242147337e-15
2010-02-17 12:00:00,-5.6563673,-6.385327,0.8161179,15.629532,12.826353,280.5849,287.1051,12.677248,-5.1996584,3.7605658,4.312956242147337e-15
2010-02-18 12:00:00,-10.205109,-12.013062,0.8161658,35.63434,29.251362,221.33022,263.47516,29.94477,-0.61749804,-6.434694,4.312956242147337e-15
2010-02-19 12:00:00,-7.368763,-9.735973,0.816684,36.690998,30.073349,223.29991,272.56805,58.724,-12.893388,3.1801176,4.312956242147337e-15
2010-02-20 12:00:00,-7.082291,-9.090937,0.81336486,26.92146,21.896826,239.71303,275.37024,55.395042,-21.387726,3.3747387,4.312956242147337e-15
2010-02-21 12:00:00,-5.712909,-6.7052956,0.81328845,29.441437,23.944324,267.68243,285.59918,26.33633,-9.73916,4.177535,4.309348305308508e-15
2010-02-22 12:00:00,-11.0294895,-12.14924,0.8130317,41.25914,33.560436,232.7687,263.41168,12.423178,0.54077494,-9.980318,4.3121316555731846e-15
2010-02-23 12:00:00,-16.852972,-19.272083,0.8199895,49.374756,40.47561,175.57874,235.08737,45.99255,-2.4902508,-7.10719,4.3117365147032904e-15
2010-02-24 12:00:00,-12.8386345,-15.459875,0.81605923,50.726593,41.56935,197.26685,249.582,47.693127,-8.550464,-4.01525,4.31259455907886e-15
2010-02-25 12:00:00,-13.557522,-15.920397,0.8162549,48.016018,39.1174,195.824,247.85803,48.55213,-6.2940273,-0.877306,4.312956242147337e-15
2010-02-26 12:00:00,-12.632066,-12.942942,0.8108163,33.677223,27.293041,245.20059,260.1161,3.8814273,-0.1466161,-4.7965035,4.312956242147337e-15
2010-02-27 12:00:00,-18.361998,-19.934422,0.81189203,38.925453,31.54597,198.4224,233.064,22.994946,-2.1022804,-6.3694544,4.312956242147337e-15
2010-02-28 12:00:00,-12.902027,-14.176464,0.8111319,36.8472,29.861921,225.10661,254.78246,35.477165,-12.130748,0.6558523,4.312956242147337e-15
2010-03-01 12:00:00,-21.371367,-22.922678,0.81248856,61.730865,50.25923,158.59355,222.07513,34.743942,-0.6818683,-17.947874,4.309348305308508e-15
2010-03-02 12:00:00,-22.561823,-24.397125,0.8116356,51.753242,41.9543,158.40213,216.60077,44.132248,-3.9377875,-8.205236,4.3121316555731846e-15
2010-03-03 12:00:00,-21.754108,-24.227016,0.8172965,70.85332,57.803444,139.81465,217.04245,63.082993,-6.351535,-7.4464674,4.3117365147032904e-15
2010-03-04 12:00:00,-21.240261,-23.591835,0.81559825,72.47449,59.065247,153.90588,219.55792,42.09585,-1.7161183,-11.863064,4.31259455907886e-15
2010-03-05 12:00:00,-26.436592,-28.089935,0.8129715,57.061424,46.24269,154.11191,204.15749,28.755005,-0.5936907,-11.065531,4.312956242147337e-15
2010-03-06 12:00:00,-23.782528,-25.429712,0.812755,68.82909,55.923943,161.84396,213.09834,32.630863,-2.704464,-8.422836,4.312956242147337e-15
2010-03-07 12:00:00,-19.029247,-21.76873,0.81599236,73.514206,59.637085,158.04652,226.28104,63.456047,-8.219414,0.87924194,4.312956242147337e-15
2010-03-08 12:00:00,-12.821222,-15.919882,0.8115897,66.96043,54.263214,195.63162,247.78491,41.32061,0.058080375,1.9226129,4.312956242147337e-15
2010-03-09 12:00:00,-7.931285,-11.074206,0.81037766,69.24908,56.11798,224.57643,267.19995,37.45381,-1.5129071,6.4484806,4.312956242147337e-15
2010-03-10 12:00:00,-4.115623,-5.5972567,0.8258625,61.11876,50.976856,268.1811,290.38315,22.258354,-1.3393137,8.858887,-1.7358057257917993e-08
2010-03-11 12:00:00,-6.07646,-8.696496,0.8337841,78.558014,65.276474,217.23056,276.89127,49.784695,-4.364594,-0.95906496,4.309348305308508e-15
2010-03-12 12:00:00,-10.551992,-13.3968315,0.8267338,97.06386,80.15752,191.14572,257.5011,54.04624,-6.9042144,-2.3070083,4.3121316555731846e-15
2010-03-13 12:00:00,-7.6930885,-9.667319,0.8227145,73.073746,60.114227,240.53944,273.0323,21.721493,2.2332206,4.421388,4.3117365147032904e-15
2010-03-14 12:00:00,-7.5075912,-7.823227,0.8259076,68.528046,56.85502,269.97403,280.93585,3.0333462,-0.3754974,3.3690534,4.31259455907886e-15
2010-03-15 12:00:00,-13.677656,-14.748039,0.81999004,103.231064,84.5047,210.343,252.50203,13.8821945,0.8068365,-8.743632,4.312956242147337e-15
2010-03-16 12:00:00,-12.109226,-14.873333,0.8180543,100.59601,82.26109,184.95334,251.80138,61.770226,-13.217533,0.039569855,4.312956242147337e-15
2010-03-17 12:00:00,-9.93239,-12.773896,0.8176644,104.83856,85.7202,193.44183,260.03723,60.528713,-12.297014,0.75466347,4.312956242147337e-15
2010-03-18 12:00:00,-7.172249,-10.202648,0.8185065,109.8012,89.799644,202.80804,270.4319,65.05218,-14.8275585,2.602335,4.312956242147337e-15
2010-03-19 12:00:00,-7.9209204,-10.731748,0.8180332,107.93565,88.20049,198.91473,268.24216,70.00134,-20.387608,0.02147293,4.312956242147337e-15
2010-03-20 12:00:00,-9.300631,-11.85051,0.8177339,111.883,91.40064,202.59348,263.7954,50.84594,-11.611713,-1.4853477,4.312956242147337e-15
2010-03-21 12:00:00,-12.891233,-15.485798,0.8204567,122.78677,100.32895,182.58699,249.31448,42.518513,-3.8108363,-5.561992,4.309348305308508e-15
2010-03-22 12:00:00,-11.191526,-13.855777,0.8191017,123.95784,101.19604,187.48645,255.7659,56.397038,-9.908598,0.9707928,4.3121316555731846e-15
2010-03-23 12:00:00,-10.520916,-13.1721,0.81488454,119.52031,97.191505,195.37047,258.46454,46.4603,-7.903368,-2.208334,4.3117365147032904e-15
2010-03-24 12:00:00,-12.762921,-14.323725,0.813143,99.358025,80.79526,207.15149,254.11372,31.017746,-6.3306127,-3.7123342,4.31259455907886e-15
2010-03-25 12:00:00,-16.621304,-18.724388,0.8143405,134.02748,108.62657,177.02286,237.362,34.465294,-3.9307778,-4.403716,4.312956242147337e-15
2010-03-26 12:00:00,-7.176135,-9.908401,0.8129171,128.51288,104.47005,212.99532,271.85858,66.26473,-24.66291,6.7813873,4.312956242147337e-15
2010-03-27 12:00:00,-5.872101,-8.631903,0.8126748,140.64241,114.21422,212.34778,277.01044,73.03298,-32.182575,2.61594,4.312956242147337e-15
2010-03-28 12:00:00,-7.243147,-9.841486,0.8124927,126.76688,102.91784,208.92358,272.07632,60.496025,-20.608528,0.58379364,4.312956242147337e-15
2010-03-29 12:00:00,-9.436915,-11.864719,0.8147863,148.89212,120.885315,196.59125,263.73376,49.458393,-11.93198,-1.6092987,4.312956242147337e-15
2010-03-30 12:00:00,-12.709614,-14.651558,0.81181127,150.68956,122.33089,193.85306,252.76315,31.062878,-4.8425975,-4.331142,4.312956242147337e-15
2010-03-31 12:00:00,-14.530638,-16.513962,0.8113673,163.31311,132.04036,180.2423,245.51385,32.832275,-3.31492,-4.4814544,4.312956242147337e-15
2010-04-01 12:00:00,-10.467606,-11.3015175,0.8115463,111.11398,90.15097,233.49332,266.5129,18.031925,-1.9684218,4.0069237,4.309348305308508e-15
2010-04-02 12:00:00,-9.563633,-11.533758,0.8150257,140.63202,114.094894,209.5971,265.43762,41.77909,-10.554641,1.9210596,4.3121316555731846e-15
2010-04-03 12:00:00,-5.4736204,-6.8356557,0.8111812,126.99704,103.01764,253.8111,285.0205,19.189112,-8.380334,3.5787668,4.3117365147032904e-15
2010-04-04 12:00:00,-8.340726,-8.539614,0.8110894,118.372635,96.012405,259.75418,277.99567,4.9204903,-5.9002414,3.1389928,4.31259455907886e-15
2010-04-05 12:00:00,-9.09934,-11.023109,0.81185293,178.52042,143.99817,203.26974,267.20013,27.244364,-0.9230896,-3.0868678,4.312956242147337e-15
2010-04-06 12:00:00,-12.667935,-14.650677,0.8126455,185.49045,149.5502,180.65512,252.65433,34.142303,-4.396874,-6.3135304,4.312956242147337e-15
2010-04-07 12:00:00,-13.337835,-15.024094,0.81199104,163.138,132.27362,196.52835,251.53262,23.453016,-0.58500826,-1.2718846,4.312956242147337e-15
2010-04-08 12:00:00,-11.494844,-12.94355,0.8101406,183.92827,148.21701,207.19507,259.5794,13.445309,0.5704567,-2.657315,4.312956242147337e-15
2010-04-09 12:00:00,-17.10807,-18.78991,0.8138871,198.89407,160.20534,169.1118,236.93707,20.660063,-0.3700504,-8.846523,4.312956242147337e-15
2010-04-10 12:00:00,-18.395456,-20.203184,0.81371605,204.14279,164.37985,162.42181,231.84607,23.742455,-0.6970883,-6.6159496,4.312956242147337e-15
2010-04-11 12:00:00,-14.417042,-16.753632,0.8126179,208.52596,167.8099,167.94656,244.69946,45.967453,-9.058469,0.8721342,4.309348305308508e-15
2010-04-12 12:00:00,-3.020049,-4.769083,0.81079185,139.00092,112.69357,256.9588,294.09644,44.65136,-19.935196,13.885872,-2.574846207114414e-05
2010-04-13 12:00:00,-2.2216685,-3.8127956,0.81200284,139.7305,113.30306,266.4674,298.12955,41.92263,-28.727146,7.960781,-1.583998937997551e-05
2010-04-14 12:00:00,-7.3919964,-7.2539735,0.8273705,152.20001,125.62892,266.82727,283.35852,3.725742,-15.241112,-1.4755287,4.31259455907886e-15
2010-04-15 12:00:00,-14.9792595,-16.42896,0.8215642,220.85583,179.77805,180.03017,245.8784,16.027885,-1.9059541,-10.648516,4.312956242147337e-15
2010-04-16 12:00:00,-12.26763,-13.998581,0.82169044,201.66943,165.20923,201.87839,255.78394,30.543533,-10.563364,2.5348263,4.312956242147337e-15
2010-04-17 12:00:00,-7.342531,-9.548114,0.81791955,211.18062,171.6651,216.88928,273.34668,30.373474,-11.428848,2.0027466,4.312956242147337e-15
2010-04-18 12:00:00,-5.1571445,-5.8184323,0.8253264,110.53584,90.86448,277.75177,289.83456,5.8482213,-4.4535093,8.983281,-1.9753691072528111e-07
2010-04-19 12:00:00,-2.9273202,-2.8330598,0.86154085,159.17583,137.10098,293.00226,302.6853,-2.3978612,-4.3423324,5.651606,-1.1162317933334623e-06
2010-04-20 12:00:00,-4.2200904,-5.409026,0.8593613,197.59375,169.65773,250.90189,291.16498,11.848645,0.5813916,0.10296464,-1.2215094628873197e-08
2010-04-21 12:00:00,-6.861035,-8.939253,0.85627925,234.76768,199.37335,211.87946,275.87048,29.81099,-2.3820848,-1.1677904,-7.089203059893159e-13
2010-04-22 12:00:00,-9.076232,-10.915825,0.85533255,242.92557,205.44855,201.81421,267.63882,24.939705,-0.7330131,-4.1409035,4.3121316555731846e-15
2010-04-23 12:00:00,-12.8521,-13.155893,0.8545905,195.42805,166.70699,222.92392,259.2947,7.4702797,-1.3524394,-1.531879,4.3117365147032904e-15
2010-04-24 12:00:00,-9.30572,-10.895081,0.8472028,233.70717,196.60172,219.01332,267.99988,16.739319,-4.60655,0.25166512,4.31259455907886e-15
2010-04-25 12:00:00,-7.8132973,-10.304547,0.8458948,258.27557,216.05553,197.35846,270.08997,36.205544,-5.514056,0.18002796,4.312956242147337e-15
2010-04-26 12:00:00,-5.7690134,-8.45297,0.8448607,261.49475,218.37024,200.84534,277.8625,48.935013,-10.248022,4.7943516,-1.8096988814049677e-10
2010-04-27 12:00:00,-4.5841355,-7.2250857,0.8430437,265.86905,221.49112,201.18158,282.87042,56.720505,-16.63139,2.778202,-1.0843709375559016e-09
2010-04-28 12:00:00,-5.7310095,-8.1117735,0.840302,265.46765,220.54233,202.87527,279.19153,40.96949,-8.608173,0.9703865,4.312956242147337e-15
2010-04-29 12:00:00,-5.5787287,-7.9677544,0.8381157,268.08203,222.05325,205.90494,279.88214,35.44007,-4.8119326,2.6797132,-6.135755604785616e-08
2010-04-30 12:00:00,-1.5470895,-3.83785,0.7959423,215.0968,167.99174,250.90651,298.3501,37.47786,-15.328081,21.811247,-7.632331180538965e-08
2010-05-01 12:00:00,2.0441499,-0.071273066,0.729491,141.26172,100.65019,305.8133,316.2182,30.77592,-16.629982,44.35256,-0.5083719339629473
2010-05-02 12:00:00,2.3532307,-0.041780047,0.7200811,211.78342,150.35364,275.8303,316.14688,46.361862,-5.419049,62.056004,8.958363212617737
2010-05-03 12:00:00,1.312407,-0.4982744,0.74360675,130.47522,93.45296,276.2292,313.53638,39.482937,-11.213237,27.984772,4.7951503127321855
2010-05-04 12:00:00,1.4799302,-0.021485223,0.7251775,104.56771,73.118484,306.63705,316.5133,26.338612,-2.3620696,45.54952,7.634624754789769
2010-05-05 12:00:00,-5.4509993,-5.4175997,0.86395526,292.5791,244.76651,229.43764,291.6812,-3.1806664,-4.5224743,-22.134125,0.9894561746210535
2010-05-06 12:00:00,-6.2216797,-7.5923157,0.86388934,276.84534,229.45589,219.65094,282.72226,11.557468,-1.6413993,-5.7658005,0.0017732115003808242
2010-05-07 12:00:00,1.2204461,-2.0498643,0.78312,272.523,189.72722,253.89844,307.85303,48.81726,-9.485512,68.17295,5.506272784190583
2010-05-08 12:00:00,3.1759186,-0.31303704,0.7219766,269.20532,179.83096,254.51184,315.6873,58.728394,-15.268042,71.65926,14.206858586812736
2010-05-09 12:00:00,3.6248496,-0.006107542,0.6470425,274.47476,165.18486,263.90945,317.761,51.288483,-1.9115863,104.81527,26.40027832946267
2010-05-10 12:00:00,4.0058317,-0.005924755,0.61926436,203.42984,122.681625,284.21393,318.2739,57.55268,-2.851336,101.389595,28.90095285251501
2010-05-11 12:00:00,0.63350123,-0.40787828,0.6143024,112.568954,73.95762,292.01666,314.30072,19.975334,-18.693798,17.608814,9.777605910009335
2010-05-12 12:00:00,-2.1526976,-1.4920154,0.67287195,220.99718,146.72366,284.36768,309.67538,-10.754217,-17.659971,20.551615,6.548967762288842
2010-05-13 12:00:00,-4.7172594,-3.698329,0.8305269,258.7198,207.21799,267.42328,299.66257,-16.099901,-13.167763,-10.005152,1.0597763576821408
2010-05-14 12:00:00,-8.587363,-9.923838,0.83713794,326.75116,256.7515,186.4768,273.2329,6.058408,-7.2494497,-17.947481,0.002187356816463143
2010-05-15 12:00:00,-6.985525,-9.388901,0.83595216,326.73785,256.42554,192.9824,276.15015,14.955948,-8.653845,-6.55332,0.0
2010-05-16 12:00:00,-6.1366963,-8.296119,0.83477926,331.15918,259.7131,197.38815,280.35278,24.67207,-14.146307,-0.9927921,-4.0285354576744264e-08
2010-05-17 12:00:00,-3.2938247,-5.7143774,0.8349509,284.6563,225.07275,231.86742,291.79218,27.991535,-20.945198,6.7051353,0.0
2010-05-18 12:00:00,-3.4227273,-5.7476764,0.82794535,328.60556,255.47241,214.97162,291.44968,23.778027,-15.580404,4.8527126,-1.0071338644186066e-08
2010-05-19 12:00:00,-1.406492,-3.9070058,0.765123,312.51895,221.07426,227.2039,299.3177,41.954845,-31.05936,30.226387,4.663702926486352
2010-05-20 12:00:00,0.025482178,-2.1077151,0.66160727,270.70642,177.33519,258.64108,307.4385,29.87577,-30.065174,44.384403,9.868878056687624
2010-05-21 12:00:00,3.4051988,0.0,0.5845323,189.45346,108.69469,301.97482,319.01224,65.237236,6.9800367,135.93863,28.657966995327957
2010-05-22 12:00:00,4.829991,0.0,0.5727605,300.37677,168.37057,270.6433,318.95844,80.58005,-8.502875,155.76825,45.66993000314011
2010-05-23 12:00:00,4.2674713,-0.39297113,0.58265156,339.89734,186.07928,228.8536,315.95905,92.85277,-33.636208,125.92918,37.938557729409204
2010-05-24 12:00:00,4.597606,-0.117463745,0.5794481,335.75333,184.36469,240.65102,317.6012,118.44715,-54.396164,138.48946,41.842436651297895
2010-05-25 12:00:00,4.0852556,-0.35415936,0.5807097,341.79333,186.4524,235.42792,316.33337,88.73863,-38.79151,124.38261,39.39813480860794
2010-05-26 12:00:00,3.9564774,-0.27747652,0.5502678,342.19733,171.04803,239.48703,316.79578,71.29611,-22.868214,142.26845,40.58932773538627
2010-05-27 12:00:00,2.7936385,-0.47300327,0.51058495,339.58185,165.64874,241.47821,315.59546,35.314255,-7.475464,127.65465,37.49281418771742
2010-05-28 12:00:00,1.9468123,-0.9521867,0.5145168,285.9342,143.04482,256.88983,313.68555,16.45953,-3.500206,99.053,28.350821248384204
2010-05-29 12:00:00,2.22959,-0.4812157,0.5056825,338.9665,164.51529,250.87921,315.80518,16.851974,-2.7111328,123.66608,32.837931301101015
2010-05-30 12:00:00,1.7628601,-0.8022227,0.5081549,345.43326,167.57382,237.1554,313.9358,23.047955,-4.945759,119.181244,33.62084605833466
2010-05-31 12:00:00,2.083719,-0.91402996,0.51543224,337.0653,167.94617,239.35974,313.1046,40.773346,-21.056301,115.09131,31.841944328542958
2010-06-01 12:00:00,2.666688,-0.36033157,0.48462218,332.0149,150.75455,243.4507,315.69965,51.60457,-16.103725,144.51224,38.58377943903337
2010-06-02 12:00:00,2.3655214,-0.15730476,0.44948664,334.8473,144.79712,256.82556,317.18518,23.542744,-7.48543,145.74786,38.849618642501554
2010-06-03 12:00:00,1.6824046,-0.75538826,0.4469437,341.73633,144.58893,240.91061,314.02658,22.918392,-10.672186,136.27765,35.07800881698636
2010-06-04 12:00:00,2.4406629,-0.7903361,0.4495677,330.07172,141.02277,243.46307,313.87546,52.090347,-24.68875,146.03816,38.21426523577835
2010-06-05 12:00:00,4.7903967,0.0,0.4460315,335.2586,142.73988,262.28973,318.831,104.32219,-16.1492,224.15045,60.54540848579266
2010-06-06 12:00:00,3.8051267,-0.002653228,0.44949162,331.90607,143.28632,263.29535,318.52216,53.124664,-1.620096,184.8975,52.334586998932224
2010-06-07 12:00:00,2.7593272,-0.1467637,0.45286396,289.0287,125.90553,273.88525,317.65936,28.629314,5.8562164,153.83458,41.986170124227016
2010-06-08 12:00:00,1.9046285,-0.0026994282,0.4911785,103.6215,50.911556,320.92776,318.2947,10.578861,5.7332745,71.655136,23.596192518422228
2010-06-09 12:00:00,1.6653507,-0.8260566,0.5389679,337.6546,172.84041,250.7186,313.92032,21.519901,-5.6286635,117.50371,29.240293871989905
2010-06-10 12:00:00,3.1174817,-0.032146454,0.51571244,333.08453,165.6239,275.03113,318.10468,39.87775,-2.8646708,161.40016,43.49181160487925
2010-06-11 12:00:00,3.7549615,-0.016337322,0.48826462,283.49023,127.88547,274.14212,318.49203,73.37521,0.254093,184.88416,51.87631716877447
2010-06-12 12:00:00,2.658258,-0.10966958,0.45140165,260.5618,113.80632,284.67755,317.78406,23.955688,2.8315358,140.4362,38.789355609489924
2010-06-13 12:00:00,1.8579092,-0.008396149,0.46202794,264.9141,114.50654,287.20013,318.18646,16.011955,3.6143386,139.04753,39.41959999296588
2010-06-14 12:00:00,0.52731717,-0.6761929,0.6986723,303.32043,207.10611,268.4768,314.83688,0.9615364,-9.384005,41.431778,13.296392074656078
2010-06-15 12:00:00,0.9279436,-0.063137904,0.63065565,175.69547,101.05008,304.6521,317.92532,-0.40125048,-0.5492446,60.42167,14.709737673911325
2010-06-16 12:00:00,1.0970615,-0.99813986,0.6594331,350.88248,224.45926,251.69641,313.06802,17.970594,-13.8657875,69.15642,19.3693273002677
2010-06-17 12:00:00,3.4680042,-0.59346825,0.5575038,302.70612,162.32063,266.22565,315.6414,104.22285,-34.031548,161.16104,39.20700073778776
2010-06-18 12:00:00,4.4773293,0.0,0.45375693,321.52075,136.42798,280.99078,319.23053,111.93352,-19.251963,239.53459,65.6324330479566
2010-06-19 12:00:00,2.5574603,-0.0015739865,0.4513775,176.733,77.09845,296.09808,317.99268,32.44307,6.761779,116.94481,36.95450371310214
2010-06-20 12:00:00,2.2827911,-0.5584829,0.44631225,371.41418,156.9996,233.1813,314.54504,39.73787,-15.45639,157.33232,38.86035584120158
2010-06-21 12:00:00,3.4758186,-0.14344534,0.45207813,297.6765,128.88882,270.1407,317.58075,65.35123,-2.2186227,184.48022,48.88444920824649
2010-06-22 12:00:00,2.4954565,-0.0037314098,0.45542824,154.56717,67.78821,311.07098,318.2708,28.19598,13.958532,121.73365,37.802911090716684
2010-06-23 12:00:00,1.5027182,0.0,0.53929776,180.66168,94.99368,315.2249,318.34073,7.1901255,8.250883,97.993195,28.77187054367122
2010-06-24 12:00:00,2.1473112,-0.41423863,0.6459148,350.66815,215.53143,261.76727,316.41913,26.05634,-6.615384,99.92581,26.97460305527337
2010-06-25 12:00:00,3.9119692,0.0,0.521893,274.02716,137.1778,290.85925,318.97675,56.53801,2.1579518,167.42784,45.61286432848814
2010-06-26 12:00:00,4.705965,-0.0011520386,0.50108296,361.14987,174.32956,256.9071,318.66754,88.07865,-7.528223,205.61029,56.52403682259847
2010-06-27 12:00:00,3.9284601,0.0,0.44919658,317.70795,137.37701,284.20148,318.90115,42.497776,-1.68115,186.44788,52.093901415206794
2010-06-28 12:00:00,3.5683637,0.0,0.44894183,332.26038,142.41519,270.51428,318.71954,54.973133,10.791172,207.40422,57.701711414620426
2010-06-29 12:00:00,2.770936,-0.00077671476,0.4512152,253.37073,110.49504,304.29816,319.07257,18.130821,6.5068607,152.73895,42.845377373326656
2010-06-30 12:00:00,2.4298186,-0.0434227,0.48789048,286.35,136.992,293.2402,319.04492,1.6211988,2.6838138,127.8583,33.08590512906296
2010-07-01 12:00:00,1.6354744,-0.7285725,0.51498204,309.9478,151.78717,258.05487,314.75708,16.293766,2.3360288,120.08823,29.410430969785583
2010-07-02 12:00:00,1.8917724,-0.50139385,0.50733554,351.71136,168.2168,243.68332,315.50635,18.561714,-1.3085208,128.92473,31.891315504612468
2010-07-03 12:00:00,2.0069954,-0.36419752,0.5101791,319.836,154.19846,258.46982,316.299,17.864532,0.8691219,126.54201,32.42229284635124
2010-07-04 12:00:00,2.5052161,-0.13742034,0.49129027,307.07715,142.08232,276.96094,318.30835,4.513656,0.7614183,128.92249,31.54877652945466
2010-07-05 12:00:00,2.2035127,-0.5744164,0.4461366,354.08163,150.38235,245.70326,315.47583,18.956568,-1.970608,150.91267,38.482583014799175
2010-07-06 12:00:00,2.3145835,-0.518233,0.44875574,351.86133,150.03123,249.81006,315.99796,17.660295,-0.37765375,152.92484,40.84042851915149
2010-07-07 12:00:00,2.142051,-0.44601408,0.44703925,334.1624,141.57932,257.66293,316.2038,17.653732,2.4496465,154.14561,41.29543960473012
2010-07-08 12:00:00,2.7060966,-0.17066807,0.44867402,301.1155,128.60692,273.5049,317.68713,23.976362,3.8597198,156.16246,43.216467575255315
2010-07-09 12:00:00,2.520253,-0.23866166,0.45036292,320.84686,138.98978,266.5654,317.1057,29.4789,3.76695,164.56262,43.313353554664396
2010-07-10 12:00:00,2.9479516,-0.07112079,0.44574577,322.05652,136.75644,271.0292,318.20648,31.500614,8.494261,178.11768,46.71934348029806
2010-07-11 12:00:00,2.7651687,-0.23471144,0.4469142,330.46152,139.87317,256.31525,317.01398,31.752026,3.0918741,164.73352,45.50455878133058
2010-07-12 12:00:00,2.5636058,-0.48681387,0.45209682,328.63898,142.12592,255.72852,315.91394,30.207573,-2.6228247,153.9124,40.94667782744753
2010-07-13 12:00:00,4.319564,-0.050493028,0.45399922,148.67242,65.02959,295.76135,318.30334,100.07108,-7.194068,153.97787,42.63307559744413
2010-07-14 12:00:00,4.845016,0.0,0.45143682,200.75864,87.704254,301.0407,319.35162,123.88411,-3.768352,214.85922,60.15509106098982
2010-07-15 12:00:00,3.5036302,-0.0018573337,0.45150346,231.74973,101.23952,291.29523,318.56262,49.9863,-0.82160294,152.4075,44.48698899308229
2010-07-16 12:00:00,3.604845,-0.022482025,0.4515981,244.50014,106.79755,288.7771,318.49738,48.037273,2.45387,158.47346,39.50966728181798
2010-07-17 12:00:00,4.1314163,0.0,0.45137656,300.01294,130.99261,273.7182,318.64188,66.175735,-5.204192,185.06819,50.18873492457914
2010-07-18 12:00:00,2.9987736,-0.10660299,0.44541597,334.693,141.85657,250.98221,317.73483,29.011864,1.9844224,157.0801,42.28606035161899
2010-07-19 12:00:00,2.8455591,-0.4690734,0.44780552,301.5985,128.06871,263.35022,316.03067,37.176514,-5.8692665,152.1566,39.864897135565
2010-07-20 12:00:00,4.1851177,-0.0056673684,0.44785553,327.2309,138.82538,255.9227,318.4679,67.63434,-2.6538162,190.84085,51.28855968062165
2010-07-21 12:00:00,3.8559902,-0.06769241,0.45311433,293.81097,127.266785,263.85162,317.97717,63.608273,-3.6466212,172.3803,47.008866871799206
2010-07-22 12:00:00,3.1725965,-0.160207,0.45402545,311.58777,135.8836,256.70752,317.2583,42.29592,-1.0961734,156.35313,42.07282776038401
2010-07-23 12:00:00,4.008055,-0.016053729,0.44598374,314.80753,133.56276,264.26697,318.53564,61.75473,0.44279623,189.17361,49.77192898805005
2010-07-24 12:00:00,3.3786733,-0.044811353,0.45374155,285.03284,124.16682,270.1502,318.36682,35.7221,4.844228,153.21574,44.19046407398754
2010-07-25 12:00:00,2.652464,-0.010314835,0.45046255,259.74008,112.92987,291.71844,318.623,21.491089,3.351347,144.74811,38.01273746198907
2010-07-26 12:00:00,2.3114374,0.0,0.4513761,117.24366,51.2622,321.67578,318.23517,15.605611,7.2284822,92.25617,24.9814614622963
2010-07-27 12:00:00,2.3869882,0.0,0.47548202,206.30777,96.26841,316.13678,319.2654,5.9889984,4.449895,117.349625,30.948423606672577
2010-07-28 12:00:00,3.2817035,-0.0806356,0.4588675,285.39728,124.73605,273.76834,318.03665,46.526524,9.980158,172.8996,41.459755656807154
2010-07-29 12:00:00,4.0664625,0.0,0.44650638,283.10574,120.88759,288.88745,319.1032,67.22945,8.361041,207.59288,58.65358782464528
2010-07-30 12:00:00,4.4623413,0.0,0.4513759,167.5847,73.26991,306.375,319.20807,91.97807,16.409258,189.86905,52.287687495692694
2010-07-31 12:00:00,3.0837357,0.0,0.4486403,272.0041,116.462585,271.69067,317.95404,66.51755,17.432219,193.2279,54.20398555973025
2010-08-01 12:00:00,2.8033483,-0.19869037,0.4479863,263.79895,112.27323,262.83374,316.76746,42.661903,2.6332622,142.88716,38.98957820548225
2010-08-02 12:00:00,2.5468493,0.0,0.4517969,95.4259,41.569626,318.6522,318.13452,48.773674,24.394978,127.5426,35.11310364151685
2010-08-03 12:00:00,1.9607916,0.0,0.45845383,112.47788,50.02157,320.44678,317.9721,22.421967,17.451859,104.80481,32.110750104684044
2010-08-04 12:00:00,1.9006565,-0.32010704,0.49004203,285.38843,135.66547,255.06415,315.54434,19.169891,4.174424,112.58708,29.1085068631589
2010-08-05 12:00:00,2.1382196,-0.7193915,0.51984817,287.6862,142.83113,245.0025,313.81238,38.728172,11.391474,126.164825,32.979680752006566
2010-08-06 12:00:00,4.2671676,-0.0019891527,0.51107365,270.7972,133.63515,268.54114,318.4096,87.01419,-3.38904,170.91875,48.95421912460873
2010-08-07 12:00:00,4.0634646,0.0,0.45116377,276.16132,118.33432,257.79236,318.19867,77.285324,0.13306093,174.83907,49.139721629834305
2010-08-08 12:00:00,4.126161,-0.06162336,0.45029205,265.7859,114.41486,256.4685,317.57874,78.27772,-9.999273,158.53925,42.30531585650691
2010-08-09 12:00:00,3.3778503,0.0,0.4513756,73.685234,32.15585,312.65308,318.19656,54.41729,22.108498,112.51168,32.92809814176944
2010-08-10 12:00:00,2.8047123,-0.0074739456,0.45217425,217.43668,94.82508,298.52008,318.28745,30.495365,14.3013735,147.64098,36.31369755215498
2010-08-11 12:00:00,2.9142752,-0.0061106714,0.44885135,243.55264,104.95628,281.64423,318.10492,29.938622,6.482958,138.55724,38.6888374869996
2010-08-12 12:00:00,2.8097363,-0.014448166,0.44739842,252.23734,107.64081,283.57254,318.34622,22.746344,8.174925,140.74411,37.760639041880836
2010-08-13 12:00:00,2.7381139,-0.30466336,0.45098248,260.56995,111.41177,249.51083,315.91763,40.149742,1.4260983,124.32722,31.30482575219975
2010-08-14 12:00:00,3.4987464,-0.14408684,0.45114657,245.02124,106.2688,259.6484,317.00244,54.277145,1.7785819,137.45413,35.67799348686969
2010-08-15 12:00:00,3.5618136,-0.0027192433,0.44781697,247.39478,105.84241,262.03668,317.65723,47.291294,-1.9093337,131.31378,35.68619924767364
2010-08-16 12:00:00,2.808029,-0.23922157,0.45094085,242.57285,104.49309,254.70718,316.20844,40.01008,2.6361318,119.22472,32.02710496849687
2010-08-17 12:00:00,3.550948,-0.20665666,0.45295435,220.21333,96.23526,265.83557,316.70392,68.855995,-4.9194546,137.04628,34.764166859180456
2010-08-18 12:00:00,4.8414545,0.0,0.45174092,228.7943,99.87882,268.35358,318.7171,115.087494,4.778214,198.41765,53.26716345540844
2010-08-19 12:00:00,3.392809,-0.006474071,0.4527674,233.77261,100.81885,262.1725,317.94443,56.896217,13.257452,147.33548,45.664681189303884
2010-08-20 12:00:00,3.024791,-0.0711298,0.45465133,163.29674,71.170044,284.74512,317.39862,44.967316,5.917886,110.35839,29.717745779578426
2010-08-21 12:00:00,2.9408264,-0.02962699,0.44876814,217.32556,93.10812,288.13733,318.05643,32.7921,8.072046,135.16249,36.18835476433086
2010-08-22 12:00:00,2.2337341,-0.5225833,0.45242995,220.30267,94.653305,260.3312,314.85718,30.901482,3.0030417,105.02792,27.0197562197154
2010-08-23 12:00:00,3.1472197,-0.0675016,0.45234877,132.5882,58.001137,307.61835,317.96313,44.662476,14.076065,122.98081,31.553055551823107
2010-08-24 12:00:00,2.49647,0.0,0.45206612,65.142456,28.431246,328.83197,318.01465,34.393204,22.832424,104.754166,29.112737971902476
2010-08-25 12:00:00,2.3707192,-0.017735798,0.5019599,180.73761,90.04935,295.7235,317.8214,12.237838,6.2308216,87.05902,24.404245343109277
2010-08-26 12:00:00,3.018097,-0.0014052921,0.5113522,105.6214,53.362,311.48804,318.20398,56.808456,23.516914,125.86883,30.012058142166502
2010-08-27 12:00:00,2.4080653,0.0,0.4513745,84.45914,36.737907,321.58997,318.2268,55.382828,40.312283,146.7795,41.590387894447176
2010-08-28 12:00:00,3.5838752,0.0,0.45166582,128.6285,56.11976,318.7776,319.08548,89.752655,47.716225,209.66971,58.28929023524546
2010-08-29 12:00:00,3.488143,0.0,0.4513745,85.51131,37.28173,319.24075,318.81525,93.45378,33.84984,175.9587,53.307285337028766
2010-08-30 12:00:00,3.516993,-0.009369426,0.4513746,147.59424,64.45951,298.70618,317.84564,59.772514,10.573744,134.34152,38.46274411457374
2010-08-31 12:00:00,3.0091214,-0.59104073,0.45080546,194.83481,84.40909,249.70319,314.0829,68.36298,-11.348976,103.06003,25.594465868217444
2010-09-01 12:00:00,4.9574757,-0.023673538,0.4532592,157.81473,69.02109,268.1136,317.84863,121.98479,-12.939703,148.10368,37.36694801600729
2010-09-02 12:00:00,6.2609596,0.0,0.45172828,148.53604,64.81497,295.71985,320.3202,187.24536,1.9150043,248.2811,68.2693776733418
2010-09-03 12:00:00,3.2935896,-0.008194711,0.45221335,103.60826,45.359238,292.98846,317.6754,49.03559,1.8640724,84.46174,29.83136808541112
2010-09-04 12:00:00,2.606308,-0.010228263,0.45152035,98.769745,43.130157,302.662,317.44827,21.032986,6.644135,68.530426,16.992997621485976
2010-09-05 12:00:00,0.9490941,-0.009300338,0.48061913,98.100555,46.440895,310.77924,316.9191,6.9614496,5.8100147,58.29126,15.78148091795031
2010-09-06 12:00:00,-0.1589509,-1.4659643,0.51562816,178.69495,87.09017,242.31857,309.38358,6.649075,1.7347828,32.92363,8.787404999547242
2010-09-07 12:00:00,-1.5418262,-3.0666244,0.5185629,175.40668,85.680786,221.21616,302.22876,8.773609,-0.6654877,16.82141,4.333173779643064
2010-09-08 12:00:00,-0.94480324,-3.1306784,0.5186989,171.96553,84.03987,222.89172,301.82837,23.611757,-7.366142,25.234627,4.8587028252725935
2010-09-09 12:00:00,-1.2271665,-2.1484125,0.5610993,134.18997,74.49977,256.53906,306.37662,3.803988,-1.1901729,12.46646,3.6330811605918676
2010-09-10 12:00:00,-2.7655883,-3.609169,0.65644467,93.555046,60.889565,264.7202,299.9082,4.695641,-0.99611783,1.1770165,0.942914651235429
2010-09-11 12:00:00,-3.8668513,-4.2200403,0.8544612,114.38872,92.839035,267.27545,297.1978,-0.27326256,-1.0007671,-9.64671,0.07936174673405892
2010-09-12 12:00:00,-3.0827613,-2.9996772,0.85356057,80.541176,65.89285,294.8022,302.4018,-2.0209823,-1.7349886,3.2927427,-0.0006756999086150338
2010-09-13 12:00:00,-3.90552,-4.767944,0.85429007,146.13174,119.2926,257.25256,294.78384,7.8942275,-0.69589025,-3.4938014,-0.00073739046210726
2010-09-14 12:00:00,-2.6487591,-5.51842,0.85436416,143.88396,116.611176,226.84064,291.06433,63.75037,-26.71991,0.07954788,-3.0496652382627923e-08
2010-09-15 12:00:00,1.7510148,-1.4625314,0.7902904,109.658676,78.02911,274.01593,309.85916,68.02255,-36.795074,27.01381,1.6399825508161514
2010-09-16 12:00:00,2.2454023,-0.05187914,0.7322446,85.66497,58.546425,289.2613,316.43542,35.470997,-9.1802025,26.235207,5.195408631280108
2010-09-17 12:00:00,0.8356656,-0.60231113,0.74939895,98.11148,66.80597,287.45233,313.6665,6.103545,-0.1081246,11.08676,2.26990787940755
2010-09-18 12:00:00,-2.1114602,-3.7872229,0.7560247,109.56184,79.22145,251.9457,298.8067,20.103466,-7.752919,-4.1700754,0.3484575193056191
2010-09-19 12:00:00,0.13595498,-0.9884213,0.75038326,96.23064,67.05844,285.154,311.67874,12.540218,-0.7508021,14.436862,1.41881632817007
2010-09-20 12:00:00,0.3439698,-2.0232306,0.73178995,79.24034,54.566856,263.6208,306.9035,50.18228,-14.789365,16.783688,2.3985449580395173
2010-09-21 12:00:00,1.9430968,-0.6113808,0.68729055,91.48576,57.58966,258.23822,313.173,48.816425,-7.780391,19.997353,4.351603448915341
2010-09-22 12:00:00,2.7926168,-0.3718656,0.644688,53.80076,33.4121,296.60297,315.28894,71.71711,-29.520252,43.89954,7.871935340732549
2010-09-23 12:00:00,3.4625602,-0.18865722,0.6278162,45.23329,29.216343,305.76978,316.24323,149.6687,-120.98102,34.231186,12.097990468822696
2010-09-24 12:00:00,2.3936121,-1.0969872,0.6341233,118.217255,73.4748,243.18427,310.98065,107.02702,-63.357277,20.615814,8.721411066334676
2010-09-25 12:00:00,2.3099334,-1.3353219,0.62655336,86.99111,53.077023,246.31847,309.84454,95.53041,-42.631844,23.286583,6.326144795913875
2010-09-26 12:00:00,0.20516598,-2.4154587,0.632802,111.66304,69.40436,245.13759,305.0312,59.167862,-37.007362,4.5255814,3.6435447541958155
2010-09-27 12:00:00,-3.0941615,-4.3226748,0.65230674,104.689804,67.49573,245.23376,296.07385,18.872269,-12.569382,-7.3431244,0.3442359911427961
2010-09-28 12:00:00,-3.7802277,-6.3478985,0.6426896,108.03024,67.51256,205.32635,286.96744,69.423355,-39.024094,-10.724136,-3.6620331498258433e-06
2010-09-29 12:00:00,-4.3748326,-6.1644936,0.6343312,61.597054,39.635414,242.74425,288.07574,32.182976,-11.549984,-2.736866,-3.257448592728931e-08
2010-09-30 12:00:00,-6.674634,-7.523212,0.6331156,70.00682,44.146152,237.4272,282.1728,7.098694,-4.5874534,-16.373682,0.0
2010-10-01 12:00:00,-7.396738,-9.112391,0.6338181,93.23567,58.171516,212.25064,275.36932,21.283146,-5.5490837,-12.320465,4.309348696514331e-15
2010-10-02 12:00:00,-6.6380434,-8.76888,0.637395,92.612656,57.970406,207.41592,276.64392,30.632,-3.872864,-7.8266106,4.312131785975126e-15
2010-10-03 12:00:00,-8.019791,-9.020329,0.641631,65.43922,41.320816,236.58263,276.00092,9.300087,-1.6732917,-7.6730933,4.3117365147032904e-15
2010-10-04 12:00:00,-11.116257,-12.735928,0.7008824,89.97977,61.020283,186.61273,260.3757,23.085175,-4.866418,-26.584728,4.31259455907886e-15
2010-10-05 12:00:00,-5.9502845,-8.092021,0.6878965,46.77234,31.981161,239.26909,279.95068,61.912567,-18.536098,17.48605,4.312956242147337e-15
2010-10-06 12:00:00,-4.2904487,-4.932776,0.80660844,55.797337,44.577587,282.9417,293.82553,5.9279194,2.8843727,9.148222,4.312956242147337e-15
2010-10-07 12:00:00,-8.536579,-9.963049,0.8331933,79.47611,63.392654,223.60678,272.1607,19.583178,-3.1343515,-16.02164,4.312955720539572e-15
2010-10-08 12:00:00,-1.6522363,-4.396861,0.82994187,35.21927,27.941313,276.12,296.12732,62.302414,-30.242783,19.330261,-1.5466772599903078e-05
2010-10-09 12:00:00,1.9571353,-1.5587631,0.8207818,62.093777,48.86736,268.18384,308.61145,83.63755,-38.805435,17.63092,-3.766816964335872e-05
2010-10-10 12:00:00,5.350757,-0.4033823,0.6921096,32.622242,19.847065,295.24133,317.30737,164.46178,-40.330647,114.84027,20.135547662995588
2010-10-11 12:00:00,4.4501553,-0.04729572,0.51581883,43.001125,21.57613,286.9646,317.39954,173.77023,-75.139114,89.62117,27.2090211426427
2010-10-12 12:00:00,2.28763,-0.77508587,0.51489043,43.270096,21.815445,269.9973,312.43158,72.05745,-36.781628,14.296207,4.324203307068894
2010-10-13 12:00:00,-2.3560662,-4.9720907,0.4766968,62.42064,27.808239,214.14291,292.85315,67.70629,-31.72501,-8.116554,0.09783615639158383
2010-10-14 12:00:00,-2.99224,-5.1079683,0.45362824,48.181496,21.298374,229.68472,292.31952,48.178547,-16.911179,-4.4843063,-6.856550825671911e-07
2010-10-15 12:00:00,-5.7149343,-7.9092464,0.45964164,56.492176,25.19823,205.92389,280.12543,42.017765,-14.141921,-15.031749,0.0
2010-10-16 12:00:00,-6.8996277,-8.511295,0.45321882,38.959213,17.154053,230.70984,277.85156,29.414457,-8.905907,-4.8280125,0.0
2010-10-17 12:00:00,-4.8389087,-6.0721292,0.46696165,45.913895,20.329617,248.79948,288.31006,22.732903,-0.76737773,8.039228,0.0
2010-10-18 12:00:00,-5.28513,-7.876548,0.5702567,52.079338,27.96049,203.78177,280.31647,79.9384,-37.27819,-9.755638,-6.557695339026331e-06
2010-10-19 12:00:00,-0.22588575,-3.2376497,0.5760716,36.046894,20.047829,262.9024,301.1247,73.25188,-24.25818,26.770472,-1.1620722125012994e-05
2010-10-20 12:00:00,0.7362882,-2.221075,0.5750144,30.445183,16.851612,247.47044,305.33478,74.11553,-16.914627,12.930141,0.14403848010991732
2010-10-21 12:00:00,-2.499207,-5.1663485,0.5697261,30.761293,16.818424,227.81589,292.05005,60.685802,-18.948116,-8.553604,0.024583755378993905
2010-10-22 12:00:00,-5.946167,-7.9219537,0.56718576,39.924416,21.934408,218.76315,280.16306,35.141983,-8.684719,-16.952633,5.337261600729143e-05
2010-10-23 12:00:00,-6.788273,-9.040594,0.55962276,33.655525,18.151081,212.97278,275.48477,58.425686,-22.486355,-11.068218,1.3275960835228832e-15
2010-10-24 12:00:00,-6.306592,-9.05605,0.5547018,35.626015,19.003078,204.80371,275.38876,74.14978,-28.581219,-8.393555,1.3278602778558648e-15
2010-10-25 12:00:00,-4.944482,-8.276028,0.5506253,35.869072,18.931202,199.23965,278.6568,100.8401,-37.621216,0.7396126,1.327971641113696e-15
2010-10-26 12:00:00,-7.9880304,-10.444679,0.54517925,34.05463,17.940796,194.6853,269.45544,47.801186,-10.268335,-21.123457,1.327971641113696e-15
2010-10-27 12:00:00,-12.122604,-13.739265,0.5380017,29.784298,15.53063,192.67163,256.16037,18.898655,1.0704553,-29.265959,1.327971641113696e-15
2010-10-28 12:00:00,-15.575541,-16.44493,0.57344925,28.992435,16.722988,186.98837,245.62883,11.050678,-1.509599,-36.82993,1.327971641113696e-15
2010-10-29 12:00:00,-19.569298,-21.015987,0.59638476,30.877373,17.818373,151.22794,228.27693,21.02635,-3.2402916,-46.203938,1.327971641113696e-15
2010-10-30 12:00:00,-18.815105,-21.144836,0.595382,28.663765,16.520178,157.16031,227.97234,33.652916,-1.3890384,-26.404564,1.327971641113696e-15
2010-10-31 12:00:00,-16.566643,-19.300104,0.59224486,25.69468,14.778858,168.17511,234.81696,40.650387,-1.6491709,-16.724808,1.327971641113696e-15
2010-11-01 12:00:00,-18.666046,-21.010136,0.59253514,24.442848,14.0558605,160.72603,228.47961,30.87807,-1.1926738,-27.681204,4.309348305308508e-15
2010-11-02 12:00:00,-16.411154,-19.024712,0.5902589,22.622488,12.969701,173.23465,236.00766,55.88427,-7.0128603,-4.2488146,4.3121316555731846e-15
2010-11-03 12:00:00,-15.980093,-18.481537,0.586864,21.750525,12.398815,166.71707,237.88907,60.31617,-8.1716175,-9.675737,4.3117365147032904e-15
2010-11-04 12:00:00,-11.186972,-13.883423,0.5781985,12.400303,6.9363823,211.3386,256.14383,76.619934,-9.820128,27.458488,4.31259455907886e-15
2010-11-05 12:00:00,-4.688379,-6.5721335,0.5870874,6.259896,3.5547009,274.7767,286.52264,63.081642,-12.064041,41.976852,4.312956242147337e-15
2010-11-06 12:00:00,-6.2052784,-7.776918,0.7171805,11.489227,8.457649,256.07068,281.21838,34.254562,-9.785222,2.3532133,4.312956242147337e-15
2010-11-07 12:00:00,-9.4411545,-10.881561,0.7677416,10.267364,7.720946,245.4549,268.1847,19.00117,-0.38969374,-1.5719047,4.312956242147337e-15
2010-11-08 12:00:00,-6.225525,-7.081376,0.79576087,5.9861984,4.5866957,278.18073,284.24365,21.19395,-1.9797511,14.550774,4.312956242147337e-15
2010-11-09 12:00:00,-6.29228,-7.0293255,0.80564106,6.6170797,5.1499267,276.7113,284.4439,18.680103,-5.4744534,6.9401984,4.312956242147337e-15
2010-11-10 12:00:00,-8.996407,-9.785166,0.80842674,7.6944456,5.988197,259.92157,272.81998,9.97764,-1.443765,-2.6582828,4.312956242147337e-15
2010-11-11 12:00:00,-10.917738,-11.731222,0.8092359,7.7227774,6.035961,251.30658,264.94144,3.5948164,1.1195807,-7.233644,4.309348305308508e-15
2010-11-12 12:00:00,-13.9780445,-15.977499,0.81107765,8.112764,6.347457,201.16214,247.88268,50.85868,-18.211618,-12.308165,4.3121316555731846e-15
2010-11-13 12:00:00,-6.037324,-7.909482,0.80943537,6.1320477,4.7880507,265.31274,280.68903,61.0506,-35.619034,11.399281,4.3117365147032904e-15
2010-11-14 12:00:00,-5.127641,-6.3078427,0.8094599,5.654153,4.4126964,270.97055,287.4513,33.61412,-9.178122,9.1967125,4.31259455907886e-15
2010-11-15 12:00:00,-9.720582,-10.596663,0.81019276,4.7902927,3.748355,253.34373,269.72998,7.474208,1.274138,-6.595962,4.312956242147337e-15
2010-11-16 12:00:00,-16.04639,-17.713335,0.81504047,7.541935,5.9822598,194.26372,241.36447,24.628475,0.30603194,-20.60657,4.312956242147337e-15
2010-11-17 12:00:00,-19.151697,-21.21857,0.81682503,6.320079,4.9819884,159.39905,227.87161,54.933834,-7.722389,-19.92303,4.312956242147337e-15
2010-11-18 12:00:00,-11.212791,-14.143593,0.8141767,5.435169,4.258151,178.71239,254.65845,89.68547,-13.999369,0.91705894,4.312956242147337e-15
2010-11-19 12:00:00,-9.734894,-12.949106,0.8102022,4.799869,3.7536964,188.24184,259.4199,98.46147,-28.220581,0.10900879,4.312956242147337e-15
2010-11-20 12:00:00,-3.6668203,-7.031785,0.81299496,3.9976022,3.1235933,215.55447,283.9102,149.42511,-67.83458,14.108826,-1.5519594137818566e-08
2010-11-21 12:00:00,-0.4414555,-3.4202082,0.8099383,3.4686117,2.7037487,273.03088,300.26367,159.52142,-111.36429,21.689209,-0.0004336614594333805
2010-11-22 12:00:00,-0.38687962,-3.709536,0.80985045,3.2443817,2.5203085,256.06274,298.8236,148.15326,-91.28781,14.828659,-0.00019950074903943383
2010-11-23 12:00:00,-4.666441,-7.483317,0.8108559,2.7671149,2.1556146,233.09756,282.25824,66.36607,-17.181654,0.63524437,-4.083259016073873e-06
2010-11-24 12:00:00,-6.7596474,-9.961491,0.8161727,2.7216883,2.1357229,208.06552,271.7047,73.91929,-14.080214,-3.2141514,-1.808513384503873e-07
2010-11-25 12:00:00,-4.6565228,-8.182289,0.8168843,2.3147004,1.8170931,208.65944,279.09482,100.71147,-27.262606,3.5110912,-5.3818711566913055e-08
2010-11-26 12:00:00,-4.1273017,-7.746319,0.78275055,1.9594381,1.468214,207.7187,280.92554,115.00927,-34.842117,7.4515457,-5.282157229019585e-05
2010-11-27 12:00:00,3.2319217,-0.5719013,0.6956409,0.75591266,0.46185172,302.4912,315.31012,91.154816,-8.898309,69.73166,5.397585770378043
2010-11-28 12:00:00,2.9507039,-0.022025637,0.6011224,0.50526625,0.29282808,310.448,317.06683,83.33466,-22.471992,54.456276,11.306454172360562
2010-11-29 12:00:00,2.455439,-0.02075831,0.55244446,0.3542865,0.19734532,312.23633,316.7417,67.14652,-13.049931,49.74816,10.19792384057988
2010-11-30 12:00:00,-3.3730168,-4.6737566,0.61512697,0.75037146,0.45566273,237.86911,294.0453,49.40664,-10.728457,-17.203289,1.255253826125321
2010-12-01 12:00:00,-5.793828,-6.758087,0.6127386,0.59019405,0.35836986,259.76218,285.39117,24.757162,-9.631157,-10.271168,7.90969178375777e-06
2010-12-02 12:00:00,-5.041545,-5.868608,0.7043756,0.13569632,0.103433326,282.3312,289.47778,23.258549,-8.364059,7.780176,1.9158948458370946e-08
2010-12-03 12:00:00,-1.636462,-2.3236635,0.83685726,0.16120726,0.13122174,294.57947,305.0171,19.465113,0.5400999,9.597576,-0.005617381390747787
2010-12-04 12:00:00,-1.6522162,-2.742492,0.83324444,0.15994984,0.12984054,286.92218,303.09412,26.766232,-5.6824436,4.9419613,-0.001630925660825994
2010-12-05 12:00:00,-3.6752982,-4.3548136,0.8330647,0.13258049,0.10770194,289.3995,295.97516,15.256914,-6.1557956,2.550344,2.9849846010336407e-15
2010-12-06 12:00:00,-3.0475683,-3.7531252,0.84450924,0.06158278,0.052183196,286.15262,298.5937,17.353943,-3.0205321,1.9017396,-0.00014018358700843684
2010-12-07 12:00:00,-3.276874,-4.737393,0.8401764,0.050472487,0.042339273,271.7819,294.11267,39.237236,-15.156452,1.7581367,-6.733948797983924e-06
2010-12-08 12:00:00,-0.57825404,-2.7184505,0.83761847,0.0,0.0,282.31287,303.109,60.458023,-33.350986,6.310894,-0.00012124671972903466
2010-12-09 12:00:00,-2.0941672,-3.9073553,0.83625025,0.0,0.0,260.28995,297.665,51.623833,-13.427294,0.8214779,-9.779263500335631e-05
2010-12-10 12:00:00,-4.3102427,-6.0789747,0.83533674,0.0,0.0,242.53558,288.07953,56.975693,-13.070284,-1.6385365,-5.602182117843515e-06
2010-12-11 12:00:00,-10.15596,-11.2680855,0.8299522,0.0,0.0,240.80814,266.6443,24.048063,-8.209558,-9.997645,4.309348305308508e-15
2010-12-12 12:00:00,-3.0210862,-4.756749,0.8248819,0.0,0.0,275.00702,294.2124,44.28071,-16.777905,8.2974205,-1.6173132308989149e-06
2010-12-13 12:00:00,-8.183751,-9.109901,0.8183881,0.0,0.0,252.86884,275.74518,22.41901,-7.601268,-8.0586,-7.222250052207252e-09
2010-12-14 12:00:00,-10.519186,-11.181732,0.81179273,0.0,0.0,253.22461,266.99158,12.400964,-1.1524163,-2.5184202,4.31259455907886e-15
2010-12-15 12:00:00,-5.7541256,-8.015047,0.81051594,0.0,0.0,240.4422,280.0614,37.21792,5.185742,2.7844586,-1.569776480333892e-06
2010-12-16 12:00:00,-1.2607028,-4.498906,0.8104973,0.0,0.0,241.02931,294.86307,75.48413,-17.5559,4.094475,-8.399386505561116e-07
2010-12-17 12:00:00,-0.7729029,-2.6035566,0.81046355,0.0,0.0,287.0277,303.66357,36.449623,-13.893191,5.9205675,-3.1232992181503354e-05
2010-12-18 12:00:00,-6.5926657,-9.386898,0.81291246,0.0,0.0,192.2656,273.77274,111.16521,-34.164524,-4.5064583,-5.6854695692683e-06
2010-12-19 12:00:00,-7.9933076,-10.107254,0.8106644,0.0,0.0,215.55591,271.15753,51.481987,-2.8304667,-6.9501033,4.312956242147337e-15
2010-12-20 12:00:00,-15.797765,-18.135595,0.8159163,0.0,0.0,185.93114,239.36288,45.139183,-5.168074,-13.460638,4.312956242147337e-15
2010-12-21 12:00:00,-14.516495,-16.785484,0.814956,0.0,0.0,181.111,244.34421,50.11335,4.6329203,-8.486945,4.309348305308508e-15
2010-12-22 12:00:00,-9.8866825,-11.671999,0.8103013,0.0,0.0,228.95624,264.77917,67.26746,-31.65038,-0.20585251,4.3121316555731846e-15
2010-12-23 12:00:00,-8.007927,-10.439334,0.8104341,0.0,0.0,213.08772,269.6313,91.13348,-33.83116,0.7587509,4.3117365147032904e-15
2010-12-24 12:00:00,-6.391699,-8.517925,0.8104404,0.0,0.0,242.68127,277.95087,59.63562,-26.115082,-1.749054,4.31259455907886e-15
2010-12-25 12:00:00,-15.6683235,-18.083202,0.81326985,0.0,0.0,174.259,239.5115,65.403824,-14.949846,-14.798525,4.312956242147337e-15
2010-12-26 12:00:00,-17.74518,-20.648857,0.81948835,0.0,0.0,157.84126,229.83664,68.70462,-9.850754,-13.14151,4.312956242147337e-15
2010-12-27 12:00:00,-15.371249,-17.53093,0.8121916,0.0,0.0,188.75427,241.64926,51.566772,-4.240834,-5.569051,4.312956242147337e-15
2010-12-28 12:00:00,-12.680359,-13.784854,0.8108485,0.0,0.0,232.90512,256.47525,22.953354,-2.2986765,-2.915452,4.312956242147337e-15
2010-12-29 12:00:00,-12.22562,-15.173372,0.81320393,0.0,0.0,193.68452,250.66379,62.70103,-11.272542,-5.5507746,4.312956242147337e-15
2010-12-30 12:00:00,-12.6299095,-15.523176,0.8133303,0.0,0.0,205.427,249.76624,40.228333,3.1172967,-0.9936042,-1.39711412238461e-08
2010-12-31 12:00:00,-1.3587946,-4.4440336,0.8133602,0.0,0.0,240.58029,295.1053,100.736916,-36.126602,10.0853195,-0.00010796262503181354
2011-01-01 12:00:00,-3.897663,-6.814393,0.8147338,0.0,0.0,235.72342,284.88858,88.69172,-34.43293,5.093628,-3.704096598809284e-05
2011-01-02 12:00:00,-3.1567035,-4.7232685,0.82020456,0.0,0.0,265.23248,294.21625,35.17016,-1.2076207,4.978773,-0.00010811351400447578
2011-01-03 12:00:00,-4.4713426,-7.6656885,0.822616,0.0,0.0,222.69652,281.13632,76.88725,-16.514103,1.9333458,-2.343749567761446e-08
2011-01-04 12:00:00,-5.834541,-9.278308,0.8196242,0.00789711,0.0064289942,209.29314,274.31192,90.551346,-26.610737,-1.0767097,4.31259455907886e-15
2011-01-05 12:00:00,-8.163028,-10.678177,0.81598085,0.04915145,0.040033497,228.47705,268.76788,54.254166,-15.863571,-1.8911209,4.312956242147337e-15
2011-01-06 12:00:00,-9.811882,-12.102779,0.816097,0.0,0.0,225.94888,263.01953,34.883804,-1.542916,-3.72976,4.312956242147337e-15
2011-01-07 12:00:00,-15.233902,-16.77135,0.81894714,0.1510734,0.12423865,190.42691,244.76309,61.516598,-19.228348,-12.021095,4.312956242147337e-15
2011-01-08 12:00:00,-12.739584,-15.05978,0.8233807,0.2056121,0.16930145,184.53525,251.00092,65.629265,-4.7552147,-5.5553093,4.312956242147337e-15
2011-01-09 12:00:00,-17.110476,-19.24871,0.82091856,0.2897036,0.23586833,181.4819,235.20737,47.903927,-6.347169,-12.114869,4.312956242147337e-15
2011-01-10 12:00:00,-18.203896,-20.312752,0.8205036,0.3925814,0.32260507,152.68924,231.00412,90.97098,-24.89317,-12.167095,4.312956242147337e-15
2011-01-11 12:00:00,-17.850025,-20.1939,0.81672215,0.45874184,0.37299585,163.09824,231.56052,72.270836,-15.040407,-11.146105,4.309348305308508e-15
2011-01-12 12:00:00,-14.537694,-16.094501,0.81549644,0.5064719,0.41139504,226.33548,247.48792,38.54255,-18.048122,-0.56293106,4.3121316555731846e-15
2011-01-13 12:00:00,-12.967607,-13.598135,0.8156735,0.62563133,0.50878286,246.13907,257.26495,10.4911175,-0.7027334,-1.2206529,4.3117365147032904e-15
2011-01-14 12:00:00,-16.210037,-17.011993,0.8149816,0.90117645,0.73343486,224.89366,243.97504,13.314033,-2.7313843,-8.330985,4.31259455907886e-15
2011-01-15 12:00:00,-17.078033,-18.03223,0.8144091,1.0761003,0.874954,215.5755,239.98904,20.217737,-3.2377474,-7.2324066,4.312956242147337e-15
2011-01-16 12:00:00,-16.914616,-18.078823,0.8143344,1.3558953,1.1018138,207.1807,239.72125,31.194225,-6.3285675,-7.4208183,4.312956242147337e-15
2011-01-17 12:00:00,-17.83421,-19.659204,0.8142582,1.7183099,1.3956687,178.70709,233.65408,50.400635,-5.9310193,-10.154736,4.312956242147337e-15
2011-01-18 12:00:00,-18.267502,-21.165407,0.81802523,2.5149844,2.0569708,152.83786,228.01585,75.96716,-9.135692,-7.888507,4.312956242147337e-15
2011-01-19 12:00:00,-15.666174,-17.141817,0.8140211,1.9497397,1.5819323,212.64322,243.29602,30.49863,-4.5504055,-4.336769,4.312956242147337e-15
2011-01-20 12:00:00,-18.378906,-19.60938,0.8135115,2.5030515,2.0320282,203.65982,234.22153,20.004456,-1.1394684,-11.225696,4.312956242147337e-15
2011-01-21 12:00:00,-25.189585,-27.67462,0.821674,3.9514914,3.2435017,140.409,205.30362,45.751183,-1.9359109,-20.371359,4.309348305308508e-15
2011-01-22 12:00:00,-21.523243,-24.885103,0.822322,4.635602,3.8040795,138.89676,214.72284,67.89992,-3.108304,-10.202947,4.3121316555731846e-15
2011-01-23 12:00:00,-8.649161,-11.933954,0.8145031,2.6584752,2.1550152,216.98608,264.2508,79.22688,-17.927944,14.537689,-1.7422618524164337e-08
2011-01-24 12:00:00,-8.019485,-10.445113,0.8157816,4.903125,4.00222,214.12895,269.58496,65.84892,-6.878803,4.4150167,4.31259455907886e-15
2011-01-25 12:00:00,-2.2061102,-4.3683815,0.7896651,4.2106266,3.3948607,279.633,296.15796,29.054514,2.5826206,15.927937,-0.008162141110519909
2011-01-26 12:00:00,-8.143798,-10.183968,0.81333447,5.8271422,4.7122993,218.76524,270.71277,70.40061,-19.634434,-0.06650543,4.312956242147337e-15
2011-01-27 12:00:00,-12.534328,-13.653951,0.81245786,4.1993666,3.3858886,233.10468,256.99017,18.887918,-0.30039164,-4.484493,4.312956242147337e-15
2011-01-28 12:00:00,-14.720854,-15.996491,0.81293917,5.5352144,4.459963,213.55463,247.77075,26.816074,-1.643103,-7.9679017,4.312956242147337e-15
2011-01-29 12:00:00,-25.225866,-27.77612,0.8162948,8.700445,7.0460787,140.8524,205.04015,37.066277,0.35418665,-25.112915,4.312956242147337e-15
2011-01-30 12:00:00,-21.352755,-22.831165,0.81285334,7.4280214,5.9959297,182.02112,222.32196,28.811764,0.13120499,-9.925783,4.312956242147337e-15
2011-01-31 12:00:00,-25.00064,-27.39407,0.8210622,11.190626,9.134289,132.051,206.19229,59.15613,-3.9102638,-16.839092,4.312956242147337e-15
2011-02-01 12:00:00,-21.913555,-24.19596,0.81299293,9.6388445,7.77671,148.97025,217.26105,61.51748,-6.8251715,-11.736358,4.309348305308508e-15
2011-02-02 12:00:00,-24.695408,-26.922579,0.8129796,9.296448,7.4975123,146.0555,207.89182,49.851715,-4.9679713,-15.153641,4.3121316555731846e-15
2011-02-03 12:00:00,-23.27206,-26.024548,0.8122082,11.206578,9.037313,163.03302,211.04645,35.48659,-0.7602426,-11.117813,4.3117365147032904e-15
2011-02-04 12:00:00,-24.105549,-26.681421,0.81329215,14.263519,11.513814,150.83632,208.74554,42.701782,-1.4419997,-13.899736,4.31259455907886e-15
2011-02-05 12:00:00,-19.710575,-21.513916,0.8129019,9.959324,8.029118,188.99835,227.1774,37.62171,-2.8140225,-1.4411511,4.312956242147337e-15
2011-02-06 12:00:00,-21.685295,-24.158348,0.8174077,17.695751,14.307741,144.7158,217.29282,64.31192,-5.2456083,-10.122691,4.312956242147337e-15
2011-02-07 12:00:00,-16.161541,-18.652287,0.8121673,13.09437,10.549014,178.42152,237.39693,72.26956,-13.909188,1.9303274,4.312956242147337e-15
2011-02-08 12:00:00,-16.580807,-18.505095,0.81243074,10.92857,8.797184,199.98114,238.0972,42.889633,-8.97505,-2.0700893,4.312956242147337e-15
2011-02-09 12:00:00,-16.718174,-17.25848,0.81152457,7.936637,6.4032817,237.89047,243.12192,4.340644,-1.1768745,-0.5343207,4.312956242147337e-15
2011-02-10 12:00:00,-19.760445,-21.541924,0.81085885,20.779093,16.81317,195.48917,227.07684,19.47903,-0.042138997,-8.184862,4.312956242147337e-15
2011-02-11 12:00:00,-8.2130995,-11.3902645,0.81058824,18.186142,14.697399,234.03699,266.48053,97.77107,-54.883553,13.932716,-0.0032727932266963192
2011-02-12 12:00:00,-17.432888,-19.126068,0.81056803,18.180038,14.661613,198.69684,235.95872,31.678232,-9.005966,-11.071196,4.3121316555731846e-15
2011-02-13 12:00:00,-19.218822,-20.432878,0.81056225,17.507397,14.1187315,214.18933,231.2227,7.630837,-0.801967,-6.815836,4.3117365147032904e-15
2011-02-14 12:00:00,-14.208286,-17.784733,0.81112695,23.835295,19.216984,187.56746,240.79462,51.367332,-3.419979,-0.6614952,4.31259455907886e-15
2011-02-15 12:00:00,-14.771065,-16.167503,0.8105339,20.808895,16.789566,230.69147,247.19617,12.680508,1.2153554,1.4104924,4.312956242147337e-15
2011-02-16 12:00:00,-20.00307,-22.629097,0.8105004,28.642584,23.131271,170.69054,222.91704,32.020454,1.4740264,-13.220706,4.312956242147337e-15
2011-02-17 12:00:00,-8.7042055,-12.210977,0.81049025,23.281582,18.794785,204.04288,262.64374,86.00775,-17.663937,14.229752,4.312956242147337e-15
2011-02-18 12:00:00,-8.220339,-10.971972,0.8104718,24.817734,20.009892,232.93082,267.71716,49.666924,-15.237059,4.4513607,4.312956242147337e-15
2011-02-19 12:00:00,-15.644707,-18.572578,0.8112817,38.125706,30.738264,187.75702,237.92337,31.889893,-0.13645014,-11.025465,4.312956242147337e-15
2011-02-20 12:00:00,-23.415741,-25.582085,0.81574637,42.091045,34.20019,162.77264,212.61617,24.149008,0.36237675,-17.441282,4.312956242147337e-15
2011-02-21 12:00:00,-20.786388,-23.76793,0.81113213,35.772194,28.844095,162.04126,218.95471,42.371284,0.8906587,-6.723408,4.309348305308508e-15
2011-02-22 12:00:00,-19.649708,-22.37308,0.81045616,38.27067,30.856983,176.08566,223.90875,29.667015,0.86044693,-9.881939,4.3121316555731846e-15
2011-02-23 12:00:00,-24.564926,-25.84106,0.81044114,35.086903,28.29304,179.36102,211.93613,12.630516,0.7690749,-12.381649,4.3117365147032904e-15
2011-02-24 12:00:00,-28.838432,-30.29229,0.81418514,53.276173,43.305805,146.37666,196.92451,19.023003,0.13663547,-21.417847,4.31259455907886e-15
2011-02-25 12:00:00,-28.061996,-30.124233,0.812931,48.69557,39.25435,138.7774,197.46793,38.02578,-1.1999259,-12.423445,4.312956242147337e-15
2011-02-26 12:00:00,-20.950119,-22.940153,0.81038135,41.392536,33.36517,175.99307,222.37201,42.550312,-2.6111832,1.5875587,4.312956242147337e-15
2011-02-27 12:00:00,-12.174154,-14.320801,0.81033045,31.535782,25.448694,224.10718,254.6854,57.77021,-22.40006,10.879023,4.312956242147337e-15
2011-02-28 12:00:00,-13.625626,-14.508884,0.8102064,32.47108,26.262306,237.61765,253.82599,15.73123,-5.902483,-0.17082214,4.312956242147337e-15
2011-03-01 12:00:00,-21.019634,-22.700441,0.81039715,56.73419,45.94574,169.7218,222.65637,34.54722,-2.6243033,-10.223204,4.309348305308508e-15
2011-03-02 12:00:00,-19.500637,-21.904728,0.81110334,52.048176,42.12946,169.97256,225.54153,46.244797,-5.1613207,-4.566777,4.3121316555731846e-15
2011-03-03 12:00:00,-13.775959,-15.419689,0.8100666,41.516426,33.6044,213.03267,250.01099,35.919704,0.057556152,6.910969,4.3117365147032904e-15
2011-03-04 12:00:00,-7.611334,-9.406418,0.81002927,39.90238,32.32056,244.46774,274.17877,46.179558,-11.648033,12.402317,4.31259455907886e-15
2011-03-05 12:00:00,-10.870613,-12.072216,0.80997694,39.989,32.346916,239.42798,263.44562,53.67885,-36.43074,0.87255096,4.312956242147337e-15
2011-03-06 12:00:00,-19.080437,-19.89912,0.8098922,54.17583,43.876595,198.63141,232.95312,18.482796,-2.356574,-7.8962584,4.312956242147337e-15
2011-03-07 12:00:00,-22.594215,-23.521404,0.80987,61.378323,49.708355,184.89783,219.8868,11.376097,0.25898668,-11.683917,4.312956242147337e-15
2011-03-08 12:00:00,-24.34555,-25.871021,0.81004226,79.8613,64.7017,155.61888,211.52106,29.994015,-2.6490643,-13.397626,4.312956242147337e-15
2011-03-09 12:00:00,-25.889511,-27.567692,0.81036866,84.36911,68.37127,143.46866,205.813,39.082973,-3.2672777,-10.530808,4.312956242147337e-15
2011-03-10 12:00:00,-20.667572,-21.659061,0.80986583,70.750046,57.29808,191.48462,226.52182,20.065704,-1.1881992,-2.7077303,4.312956242147337e-15
2011-03-11 12:00:00,-18.65533,-19.756025,0.8098657,63.013954,51.032875,200.4695,233.59003,29.966541,-8.12274,0.7043514,4.309348305308508e-15
2011-03-12 12:00:00,-14.211095,-14.533033,0.80986047,42.858353,34.709248,240.47894,253.6977,16.662655,-8.766075,2.8269348,4.3121316555731846e-15
2011-03-13 12:00:00,-29.69217,-32.89303,0.81160545,102.04645,82.776794,126.70111,188.52333,13.397562,0.20686884,-28.948135,4.3117365147032904e-15
2011-03-14 12:00:00,-32.516678,-33.224106,0.80984235,89.42781,72.42226,146.19307,187.67545,9.793531,-0.65967345,-15.342964,4.31259455907886e-15
2011-03-15 12:00:00,-25.190418,-25.139101,0.809821,64.816574,52.489777,201.00238,214.5268,-1.2503246,-0.36697817,-2.8149195,4.312956242147337e-15
2011-03-16 12:00:00,-23.102825,-23.585815,0.809808,81.76053,66.21044,195.00378,219.74248,4.2485943,-0.042373605,-4.9823856,4.312956242147337e-15
2011-03-17 12:00:00,-23.277988,-23.838562,0.80980754,81.61771,66.094696,192.74442,218.96347,4.113165,-0.239317,-6.822197,4.312956242147337e-15
2011-03-18 12:00:00,-28.366474,-29.856667,0.81156456,118.15431,95.7065,143.7244,198.21219,17.688072,-0.17276885,-14.524674,4.312956242147337e-15
2011-03-19 12:00:00,-23.864346,-24.828396,0.8098073,83.016174,67.22719,185.59604,215.69514,15.138688,-2.29326,-1.4646916,4.312956242147337e-15
2011-03-20 12:00:00,-23.531326,-24.089584,0.80980396,91.92698,74.4429,186.85712,218.01208,8.786892,-0.11460988,-4.9986086,4.312956242147337e-15
2011-03-21 12:00:00,-24.83714,-25.417114,0.80980223,101.26871,82.00777,181.01382,213.33138,4.572483,-0.02619382,-8.510321,4.309348305308508e-15
2011-03-22 12:00:00,-24.463375,-26.565956,0.81362605,134.68225,109.058426,136.51991,209.04913,40.757126,-1.3552725,-7.503542,4.3121316555731846e-15
2011-03-23 12:00:00,-22.701584,-25.017956,0.8155732,140.0995,113.40158,135.03961,214.29684,53.897903,-5.032155,-3.6935625,4.3117365147032904e-15
2011-03-24 12:00:00,-11.809085,-15.243816,0.81281245,134.55856,108.89203,175.05173,251.08716,74.531746,-10.936964,13.225885,4.31259455907886e-15
2011-03-25 12:00:00,-0.5439972,-3.0415168,0.7802577,96.22714,73.601746,256.69077,301.86502,59.852863,-8.631454,28.67255,-0.0006616836308872769
2011-03-26 12:00:00,-2.1573942,-4.8500175,0.7971575,115.98569,92.22098,240.60056,293.40402,63.233574,-23.83801,10.356806,-2.9329265633268982e-05
2011-03-27 12:00:00,-3.5862317,-5.8367195,0.7954712,104.852264,83.41073,253.87814,289.25345,40.24266,-12.62678,13.682112,-1.6731996222023903e-06
2011-03-28 12:00:00,-3.9280348,-5.035593,0.8089161,113.46715,92.2994,267.74203,292.92065,15.128338,-1.8672261,9.25024,-2.515321720238776e-07
2011-03-29 12:00:00,-10.434904,-12.55365,0.8149456,153.40988,124.39816,197.42677,261.018,27.73989,3.3491113,-3.490513,4.312956242147337e-15
2011-03-30 12:00:00,-18.237694,-19.54977,0.81117475,152.70015,123.730896,182.30637,234.1408,11.443861,1.5864396,-9.834873,4.312956242147337e-15
2011-03-31 12:00:00,-20.433552,-21.203693,0.81796825,150.48468,123.1152,184.86179,228.19763,6.5754004,0.5302837,-8.860678,4.312956242147337e-15
2011-04-01 12:00:00,-21.96956,-23.557413,0.82048184,157.41858,128.9911,164.58551,219.71367,14.083028,1.1248056,-11.49285,4.309348305308508e-15
2011-04-02 12:00:00,-19.91111,-21.072683,0.8203058,135.9657,111.33005,189.02266,229.17822,16.800396,-1.9167717,-0.6362884,4.3121316555731846e-15
2011-04-03 12:00:00,-19.510212,-19.94755,0.8151438,164.04938,133.2958,191.96597,232.7974,2.2740803,-0.29826176,-8.102032,4.3117365147032904e-15
2011-04-04 12:00:00,-26.069393,-27.196692,0.8153726,179.92226,145.8299,144.29733,207.14276,13.129365,0.16487047,-15.458832,4.31259455907886e-15
2011-04-05 12:00:00,-26.587204,-27.114605,0.81241953,167.5329,136.0405,157.19484,207.69936,7.986698,0.055503897,-10.9699135,4.312956242147337e-15
2011-04-06 12:00:00,-25.205006,-26.857092,0.81511414,192.37085,155.37714,142.01666,208.33661,18.818192,0.12650532,-10.3815365,4.312956242147337e-15
2011-04-07 12:00:00,-25.216076,-27.092308,0.8151321,195.50726,157.86014,137.92538,207.47992,21.847702,0.13828915,-9.921418,4.312956242147337e-15
2011-04-08 12:00:00,-25.883694,-27.423023,0.81500846,200.57074,161.86908,135.48035,206.17273,19.606304,0.14505917,-12.239359,4.312956242147337e-15
2011-04-09 12:00:00,-25.456898,-25.110752,0.8124425,147.31253,119.63776,194.17056,214.81924,-7.3784294,-2.1613488,-2.5136857,4.312956242147337e-15
2011-04-10 12:00:00,-23.174862,-23.124905,0.8124291,188.05927,152.58286,179.25778,221.32884,-0.0343,-0.43909693,-7.068047,4.312956242147337e-15
2011-04-11 12:00:00,-24.991913,-26.936436,0.8148921,213.30127,172.03459,131.41672,208.02148,27.891045,-0.32510754,-7.772152,4.309348305308508e-15
2011-04-12 12:00:00,-19.748993,-22.15153,0.8148158,217.22528,175.1723,142.71912,224.64578,47.327644,-6.9471283,0.5068283,4.3121316555731846e-15
2011-04-13 12:00:00,-18.286537,-19.783968,0.8155606,186.19443,151.17117,174.1235,233.50676,32.208263,-4.7914186,3.0568442,4.3117365147032904e-15
2011-04-14 12:00:00,-19.680313,-19.187195,0.8104602,181.28261,146.90765,203.92447,235.64784,-2.8331885,-2.6586611,-2.8402689,4.31259455907886e-15
2011-04-15 12:00:00,-22.558426,-23.53374,0.8077942,222.76077,178.90944,154.824,219.60922,15.455856,-2.9883938,-8.466421,4.312956242147337e-15
2011-04-16 12:00:00,-22.047115,-21.995502,0.8104563,177.51651,143.86044,188.75317,225.51387,4.16923,-2.3903923,-1.3257918,4.312956242147337e-15
2011-04-17 12:00:00,-21.551369,-21.612549,0.8099058,198.2914,160.5976,183.8518,226.79288,0.83332515,-0.75195205,-5.1658955,4.312956242147337e-15
2011-04-18 12:00:00,-22.08417,-23.406086,0.8105135,232.26036,187.19543,148.96255,220.13704,22.256039,-2.2920804,-6.1456,4.312956242147337e-15
2011-04-19 12:00:00,-25.981028,-27.089096,0.8115188,245.45082,196.98178,134.21832,207.47699,14.029919,-0.82030386,-11.580012,4.312956242147337e-15
2011-04-20 12:00:00,-26.726072,-27.72758,0.8112028,248.90726,199.64789,132.85574,205.55698,15.2810955,-0.78823924,-8.949008,4.312956242147337e-15
2011-04-21 12:00:00,-23.77314,-25.376007,0.81116116,253.34807,203.15326,135.94104,213.5409,24.348574,-2.0953078,-5.1517787,4.309348305308508e-15
2011-04-22 12:00:00,-23.758636,-24.945053,0.8129462,234.10522,189.63809,150.1548,215.12317,17.938953,-1.9133071,-4.4755898,4.3121316555731846e-15
2011-04-23 12:00:00,-20.163795,-21.579956,0.8090663,239.2783,193.26212,169.93906,226.96942,13.990032,-3.0813742,-0.10551739,4.3117365147032904e-15
2011-04-24 12:00:00,-17.863499,-19.834978,0.8076086,260.11145,208.6849,158.89914,233.05684,27.21565,-3.6063886,0.8781066,4.31259455907886e-15
2011-04-25 12:00:00,-17.083748,-19.076363,0.80987465,260.62567,208.85126,159.37534,236.02173,30.823471,-3.8583708,2.0931215,4.312956242147337e-15
2011-04-26 12:00:00,-15.547198,-17.319996,0.8098165,258.38715,207.10849,173.04808,242.77641,24.917328,-1.9857147,4.4819365,4.312956242147337e-15
2011-04-27 12:00:00,-12.497047,-14.105708,0.8105434,261.45996,211.73088,199.92252,255.0438,16.763668,-4.157508,7.2139635,4.312956242147337e-15
2011-04-28 12:00:00,-11.855444,-13.114553,0.81141853,234.1625,189.65607,199.71017,258.88983,28.46613,-8.712953,5.079959,4.312956242147337e-15
2011-04-29 12:00:00,-13.485661,-13.960178,0.81028175,219.06985,177.42351,213.54079,256.06213,6.9708176,-1.8508377,4.24498,4.312956242147337e-15
2011-04-30 12:00:00,-9.5077,-11.384132,0.8112221,258.80286,209.55328,200.06183,265.83765,34.48854,-8.239587,9.722709,4.312956242147337e-15
2011-05-01 12:00:00,-7.7254953,-9.719551,0.8089603,258.7202,208.99554,205.03712,272.54083,43.371674,-16.803814,8.788822,4.309348305308508e-15
2011-05-02 12:00:00,-8.04958,-9.97229,0.805902,278.6952,222.89894,201.09058,271.52722,34.03296,-10.190973,9.20159,4.3121316555731846e-15
2011-05-03 12:00:00,-3.441801,-5.933838,0.80912983,195.07074,157.5782,241.85507,288.91602,81.77554,-56.59655,15.610588,-6.29350259260974e-07
2011-05-04 12:00:00,-2.9727771,-4.5775056,0.80577695,218.4512,175.93056,258.01865,294.7506,50.980804,-46.783813,9.985672,-1.6771352745437302e-06
2011-05-05 12:00:00,-12.15594,-13.239302,0.80191064,295.1004,234.25381,182.26291,258.32965,12.548836,-1.2216008,-3.8929188,4.312956242147337e-15
2011-05-06 12:00:00,-13.469727,-14.744593,0.80481017,294.26013,234.42184,178.33435,252.61647,18.229424,-3.3661528,0.41943836,4.312956242147337e-15
2011-05-07 12:00:00,-5.392352,-7.774125,0.8056877,268.51062,215.48149,224.5292,281.3913,45.55069,-25.425724,16.292004,-6.562828233280367e-08
2011-05-08 12:00:00,0.11511028,-2.3019614,0.7924392,271.07,210.60771,245.7998,304.70203,62.24215,-40.10963,23.692593,-2.935973416234177e-07
2011-05-09 12:00:00,-0.6041606,-2.7286599,0.7890246,286.43823,218.59636,237.85051,303.0628,41.78517,-21.893805,22.520945,-1.56123469894161e-06
2011-05-10 12:00:00,-4.7530203,-6.1171365,0.7954867,301.86395,226.95271,216.49887,288.96735,15.879635,-8.590335,9.732064,-6.009987394592057e-06
2011-05-11 12:00:00,-6.3595786,-6.174966,0.80295134,238.05463,182.12912,250.55234,288.8956,-2.862864,-7.0575542,7.661827,4.309348305308508e-15
2011-05-12 12:00:00,-10.648151,-11.376071,0.80147076,312.33713,235.45361,192.35709,267.24265,1.2631879,-4.836334,-1.575191,4.3121316555731846e-15
2011-05-13 12:00:00,-9.214236,-10.738433,0.8048812,311.51578,236.63779,197.57791,270.4984,8.902735,-7.48162,3.378604,4.3117365147032904e-15
2011-05-14 12:00:00,-7.429683,-9.089311,0.80635566,286.38153,219.26306,216.10454,277.05902,10.631256,-9.955805,6.8394375,-6.295049890513972e-10
2011-05-15 12:00:00,-5.8029366,-5.3361626,0.7961968,231.38348,174.1821,269.80414,293.60303,-9.404586,-8.097881,15.900028,4.312956242147337e-15
2011-05-16 12:00:00,-6.334244,-7.981785,0.80009407,326.32605,246.50232,207.15411,281.9205,11.9359045,-13.799252,3.1939964,-3.3181895114443173e-12
2011-05-17 12:00:00,-5.3990364,-6.408105,0.80562425,280.16623,215.34814,240.13548,288.6973,5.549884,-13.212484,8.593672,-3.258506998016918e-11
2011-05-18 12:00:00,-7.7228622,-8.63039,0.8058684,308.6239,236.89844,214.73184,278.96472,0.37216067,-4.697035,3.1677103,4.312956242147337e-15
2011-05-19 12:00:00,-7.726539,-9.238668,0.80387664,329.83508,251.94756,202.24622,277.32236,7.2285624,-4.656004,5.3839445,-2.596611648870153e-09
2011-05-20 12:00:00,-4.5327244,-6.5427656,0.79814893,311.77008,235.79068,217.24567,288.373,17.717638,-11.303357,11.266362,-9.739665041798058e-08
2011-05-21 12:00:00,-6.250404,-7.9387016,0.8009238,334.5492,253.26614,204.76399,282.64896,7.2796583,-6.4079084,4.2698364,-8.334499840334987e-10
2011-05-22 12:00:00,-6.1236715,-6.691266,0.82358813,244.54233,193.8495,253.66408,287.6444,-1.5266807,-7.4483347,7.7374783,4.3121316555731846e-15
2011-05-23 12:00:00,-5.459364,-6.6044602,0.848865,318.5824,256.84445,234.48254,287.25635,10.187733,-16.25062,2.9012547,-1.3992556922988517e-08
2011-05-24 12:00:00,-7.5333157,-9.670141,0.8424754,350.41638,277.47693,194.30774,275.153,16.404715,-6.691565,1.8073268,-1.0295112947259114e-09
2011-05-25 12:00:00,-6.7595263,-9.365416,0.84122396,357.14374,282.29346,190.97455,276.60187,24.496267,-9.884047,3.8351822,-1.3590010966222348e-06
2011-05-26 12:00:00,-4.502488,-6.6416435,0.8434792,327.84125,262.7147,219.54971,288.33304,12.387327,-0.82716024,7.903398,-1.9365086498638257e-06
2011-05-27 12:00:00,-5.0688176,-6.2890587,0.8337283,306.6737,241.09915,237.35403,289.64087,1.6375073,-8.742348,6.1828794,-3.861259645632186e-06
2011-05-28 12:00:00,-9.388553,-10.828657,0.82659614,356.70563,277.93195,193.44539,271.0723,-0.29316998,-2.715895,-1.8622906,4.312956242147337e-15
2011-05-29 12:00:00,-9.07285,-10.45953,0.8338361,339.60254,268.34317,203.73123,272.17975,6.600267,-7.6450005,1.766119,-4.302508798937704e-11
2011-05-30 12:00:00,-7.4191656,-8.650972,0.82609797,353.38614,275.65332,211.82346,279.63293,1.910303,-6.819031,5.014612,-1.9655211333274805e-08
2011-05-31 12:00:00,-8.276728,-9.572295,0.831045,343.36298,271.15546,208.71594,275.95483,3.5981283,-6.08831,2.4784465,-2.1514269177185376e-10
2011-06-01 12:00:00,-7.098506,-8.955156,0.824046,359.85898,279.13733,201.97723,278.23248,11.938296,-10.987551,5.4171467,-8.712631614718737e-07
2011-06-02 12:00:00,-3.9119473,-5.226022,0.8124605,280.95526,216.71094,249.93039,293.66043,16.75967,-24.59682,12.677132,-2.1455759998241378e-06
2011-06-03 12:00:00,-2.8864295,-4.9596033,0.80030656,317.47095,239.86913,237.99706,294.77377,31.115467,-37.22891,14.711662,-2.224451547683855e-08
2011-06-04 12:00:00,1.8277354,-0.99555063,0.74947584,284.94073,196.03061,289.22223,313.89813,30.414017,-35.513245,59.134995,5.1973111805565075
2011-06-05 12:00:00,1.9658115,-0.8382337,0.7289518,355.09454,237.10788,249.24452,314.21942,28.188831,-16.48541,64.71518,10.116628719191276
2011-06-06 12:00:00,2.4209888,-0.025610395,0.6511758,206.21112,128.31845,294.32935,318.14737,31.70629,5.92929,91.71023,19.95198667546215
2011-06-07 12:00:00,2.7226229,-0.27296236,0.65054125,325.82175,201.33006,263.11652,316.96875,41.43956,-0.40864572,111.670364,27.710744215061663
2011-06-08 12:00:00,3.6196966,0.0,0.5857329,291.89868,166.10837,292.15152,319.54425,54.744915,10.783115,163.92561,45.18776636526557
2011-06-09 12:00:00,3.7232513,0.0,0.5469961,238.09033,125.03201,301.58493,319.32654,61.40216,14.662165,171.38104,46.291962863626715
2011-06-10 12:00:00,3.608471,-0.03857316,0.5085708,349.92438,170.65393,260.32678,318.07953,53.79033,0.41315976,175.72119,46.118248119650694
2011-06-11 12:00:00,2.722128,-0.07071502,0.51562375,309.214,154.72144,270.81433,317.53525,43.616096,-3.3484323,148.03929,42.88310473762666
2011-06-12 12:00:00,1.4589627,-1.0137591,0.50802886,362.70596,175.92642,236.7888,313.1341,16.701847,-4.2147965,122.921295,32.447904367210796
2011-06-13 12:00:00,1.5097194,-1.1199456,0.5134076,336.1883,166.19595,248.14024,312.90765,16.336718,-4.6731205,116.88853,30.236394860411913
2011-06-14 12:00:00,2.9820924,-0.12873024,0.5086974,342.4359,167.69308,270.62817,318.14606,23.32917,3.2648766,153.81898,39.97144849442201
2011-06-15 12:00:00,2.6831617,-0.21124999,0.5109266,280.78668,140.29193,285.2483,317.5315,23.630297,8.889306,140.73116,37.96569467086393
2011-06-16 12:00:00,2.130262,0.0,0.4612593,171.4833,74.88688,322.58612,318.6139,6.7667446,4.7981453,112.133545,28.218961412462484
2011-06-17 12:00:00,1.892865,-0.2609982,0.44748992,342.60953,146.30103,257.01996,317.2467,4.062403,1.9456797,142.08984,33.704007380271555
2011-06-18 12:00:00,1.9018011,-0.5326625,0.45052028,328.8145,142.56213,258.6175,315.516,18.28738,-1.419814,146.22145,36.281866371687514
2011-06-19 12:00:00,1.9651225,-0.42744088,0.4480933,348.93546,149.84161,251.50899,316.1197,15.009119,-0.54512113,148.94714,37.52481411819995
2011-06-20 12:00:00,1.7748458,-0.57400143,0.45220888,335.9102,146.43167,254.04968,315.55847,12.789874,-1.0270461,139.73256,36.07172839952247
2011-06-21 12:00:00,2.4179075,-0.053590443,0.4513775,197.74228,86.35748,305.72766,318.26334,18.139462,3.6078906,120.59647,31.512242259212204
2011-06-22 12:00:00,2.5451133,-0.012973362,0.5260458,323.38553,173.66455,288.16315,319.16183,13.056919,6.909026,138.68823,36.389902419266924
2011-06-23 12:00:00,2.173081,-0.53054523,0.57654655,359.78397,195.95018,251.86719,315.99622,13.791683,3.2326684,116.72911,29.99679647234375
2011-06-24 12:00:00,2.5040214,-0.25084943,0.57907116,320.70837,177.91365,271.03806,317.4933,13.473051,2.6912065,112.50375,28.973175659295325
2011-06-25 12:00:00,2.5313184,-0.021169767,0.5568037,328.81363,173.59485,269.7389,318.18094,21.816013,4.353776,132.94652,33.48971212896842
2011-06-26 12:00:00,2.8630795,-0.11532656,0.5198164,249.13754,125.64142,275.34174,317.40704,45.509197,3.520914,130.46094,37.39706024249863
2011-06-27 12:00:00,2.1979773,-0.5550269,0.5158441,331.52618,164.23364,255.75323,315.7547,15.29558,2.742958,125.32961,34.325710746202624
2011-06-28 12:00:00,2.8901198,-0.07447338,0.50901324,345.69318,169.0415,269.84735,318.33624,17.995026,1.7679503,147.92575,39.80560215339657
2011-06-29 12:00:00,2.5130098,-0.39637426,0.517967,332.16034,166.18578,260.4544,316.2055,30.432493,-3.6261754,137.02979,37.8266568868298
2011-06-30 12:00:00,2.6762354,-0.34541818,0.509836,358.66507,174.67227,250.60083,316.2901,35.884964,-8.211869,145.97662,39.55026002545207
2011-07-01 12:00:00,2.351717,-0.55056447,0.5104509,358.21893,174.66379,250.4853,315.44403,30.811695,-3.095917,146.3122,40.14292792753502
2011-07-02 12:00:00,2.4457707,-0.36279246,0.51038754,354.15598,172.58873,252.39963,316.34982,28.534006,0.16002536,146.31108,41.221883905716524
2011-07-03 12:00:00,1.680152,-0.76689315,0.5094552,358.44543,174.5709,244.53435,314.26752,19.677069,-3.8128867,130.00554,36.13746592050267
2011-07-04 12:00:00,2.6244254,-0.50138146,0.49914008,355.1123,169.65273,246.82852,315.46106,44.91249,-3.9849918,157.75455,40.692715207827774
2011-07-05 12:00:00,3.5461602,-0.0013054742,0.45160306,265.0284,115.81767,280.22382,318.4861,58.900177,2.104352,171.95297,47.399395223901664
2011-07-06 12:00:00,4.243267,0.0,0.4511055,256.01614,111.65054,313.27628,319.76797,71.473434,19.690674,229.03801,58.768624013428806
2011-07-07 12:00:00,3.648492,-0.0027794307,0.4445004,318.37448,134.529,278.3761,319.32037,40.631874,11.12485,194.65793,55.718128234931925
2011-07-08 12:00:00,3.3171008,-0.18555239,0.45136493,271.17163,117.797455,278.3495,317.51624,47.857216,4.5532513,166.61789,41.1279994592762
2011-07-09 12:00:00,3.0848322,-0.050926525,0.45240772,269.6479,117.904015,293.37952,318.56818,31.268242,3.3408742,161.16434,44.493304670703836
2011-07-10 12:00:00,3.173047,-0.0075838305,0.45137686,267.1435,116.59245,292.30145,318.5468,46.964966,13.687726,184.95837,46.749507025350695
2011-07-11 12:00:00,3.136951,-0.19448642,0.4462462,338.99963,144.62334,255.77919,317.21375,39.989506,-4.0179825,168.91327,43.81040527180597
2011-07-12 12:00:00,4.659053,-0.05837716,0.44709,334.93378,141.9096,253.09976,318.1031,110.30705,-23.277113,215.05078,55.139438829931315
2011-07-13 12:00:00,4.101387,0.0,0.44611967,305.36453,129.98343,288.36328,319.3942,65.03983,7.3400307,216.73004,60.76718982904417
2011-07-14 12:00:00,3.2655292,-0.0017840067,0.4443301,330.54318,139.82413,266.2693,318.5581,35.70695,6.6531124,180.7903,48.21009189224859
2011-07-15 12:00:00,3.6780274,-0.0041480595,0.4448375,299.76053,126.60092,286.51825,319.10284,66.56673,23.823063,230.9648,59.739652076313455
2011-07-16 12:00:00,2.6707592,0.0,0.45155373,136.04005,59.16285,309.6944,318.13986,49.12217,20.546982,138.10089,43.15781233479942
2011-07-17 12:00:00,2.6332512,-0.2515867,0.45098042,291.98993,126.05197,263.34674,316.3022,56.650093,-5.136023,164.49658,39.49514269593153
2011-07-18 12:00:00,3.7293026,0.0,0.4513765,214.16739,93.32411,316.10663,319.4109,66.21352,31.099102,214.85164,60.78040035784034
2011-07-19 12:00:00,3.6911156,-0.111756325,0.4474468,310.51804,132.45244,271.67343,318.01318,51.89274,1.897867,185.51646,46.52355861672457
2011-07-20 12:00:00,3.2934887,-0.006246673,0.4519722,230.50287,100.54271,288.44656,318.55875,65.24604,23.2261,188.32013,55.888165059051985
2011-07-21 12:00:00,2.9338083,-0.55459046,0.44972384,320.53528,137.00974,249.09929,315.24802,53.369545,-3.7490485,166.99731,41.19541028591117
2011-07-22 12:00:00,4.5954714,-0.018091308,0.45381606,299.18887,130.39645,265.734,318.5548,92.72647,-1.5487388,207.14935,55.64485575102574
2011-07-23 12:00:00,5.362364,0.0,0.45148697,142.67722,62.252876,315.75464,319.62268,122.17958,-7.0610943,191.67477,53.508992405509254
2011-07-24 12:00:00,4.9162273,-3.0093723e-05,0.45068723,288.1759,125.39852,279.18243,319.10602,95.11918,-6.8209276,211.15204,53.62028818183612
2011-07-25 12:00:00,2.9898012,-0.06309128,0.45257127,180.0487,78.72446,291.36694,317.61053,65.74027,4.6814394,145.50237,40.76768613245045
2011-07-26 12:00:00,3.1554685,-0.03271548,0.4466767,304.1078,129.32755,259.99225,317.62286,51.589005,-4.085062,164.65356,43.48509034650694
2011-07-27 12:00:00,2.3838646,-0.020824961,0.47420767,208.08179,98.81718,300.0202,318.13882,28.803043,5.6817307,125.63077,34.568551379351256
2011-07-28 12:00:00,2.2431204,-0.024403466,0.50197244,257.35342,129.28516,287.56964,317.75766,26.503748,7.5205374,131.90453,35.379956543051385
2011-07-29 12:00:00,2.9890532,0.0,0.45137605,139.84395,60.82276,315.9818,318.39514,63.37303,23.226063,163.20695,42.85868686682781
2011-07-30 12:00:00,4.7645965,0.0,0.44889894,296.8664,127.8624,266.0199,318.58624,103.46578,3.779451,223.68289,59.13530935858042
2011-07-31 12:00:00,4.8235664,-0.007838885,0.44997555,299.2533,127.734024,254.64572,318.40714,107.49921,-9.749751,205.50731,57.608466849755764
2011-08-01 12:00:00,3.9117384,-8.544922e-05,0.44910297,286.88403,122.04796,262.9115,318.45135,68.53585,15.234524,193.06659,55.60322612598161
2011-08-02 12:00:00,3.1409483,-0.044429354,0.4492616,261.3258,111.94416,278.24866,317.9357,42.831287,9.724901,162.2508,43.25385332071097
2011-08-03 12:00:00,3.0889606,-0.19254251,0.4530455,271.02863,118.33935,260.32275,316.71753,53.204247,0.77614516,150.27489,38.974622630410245
2011-08-04 12:00:00,2.9468427,-0.13766617,0.45096654,273.45422,117.419975,260.8968,317.06964,43.457905,4.7722583,148.09155,39.82772769098794
2011-08-05 12:00:00,3.2556171,-0.14381249,0.4521791,255.4245,110.56941,266.00925,317.11395,61.96081,1.2672766,156.97847,41.38430928911852
2011-08-06 12:00:00,4.061595,0.0,0.4487042,233.11813,100.3456,287.38312,318.90527,86.36155,22.247345,209.85928,56.029622869522925
2011-08-07 12:00:00,3.9330487,0.0,0.44899383,261.48444,111.82388,276.41632,318.77368,72.523285,27.228909,207.05539,58.33619508705562
2011-08-08 12:00:00,3.5329494,-0.0006241269,0.44849497,246.65309,105.40852,283.18555,318.58374,51.589684,11.954151,169.39021,47.65941452417876
2011-08-09 12:00:00,1.9468683,-0.47524855,0.45066416,219.1511,94.32164,276.0216,315.50745,24.039486,5.0773764,114.46048,29.359356986805015
2011-08-10 12:00:00,2.2999005,0.0,0.4503938,176.7582,76.75629,308.44623,318.13156,25.777851,13.809698,129.90411,34.13552658224703
2011-08-11 12:00:00,2.5084321,-0.1367518,0.4505362,195.25696,84.47814,289.0603,317.4298,17.13501,2.8108816,102.3552,28.032006680728827
2011-08-12 12:00:00,1.5341477,-0.5209165,0.4521045,210.1832,91.72128,278.89764,315.52386,3.2253911,1.3673329,86.42841,21.12409196471833
2011-08-13 12:00:00,0.6919739,-1.4466145,0.4504561,259.69427,111.12805,234.97339,310.5899,10.293303,-2.677693,80.565315,19.58179791990102
2011-08-14 12:00:00,1.0294173,-1.2195972,0.45068216,255.76187,109.56517,237.51001,311.31757,18.397034,-3.3379583,87.44822,21.48559918160385
2011-08-15 12:00:00,1.3626083,-1.0152053,0.45157927,232.81223,100.763504,250.86642,312.3935,22.221756,-5.951536,86.79187,22.036658483800014
2011-08-16 12:00:00,0.98863065,-1.3283457,0.45145014,248.99586,106.62009,242.6348,310.97943,19.875237,-4.445815,89.46056,22.47116074913367
2011-08-17 12:00:00,1.6022978,-1.1558738,0.45160797,251.75656,107.86391,234.78928,311.34583,39.705788,-14.294558,92.74734,22.959761299759297
2011-08-18 12:00:00,1.9938424,-1.2714517,0.45246923,248.0008,106.982666,226.98108,310.71033,61.190506,-33.171616,85.30777,21.64920543323198
2011-08-19 12:00:00,1.8940837,-0.8329077,0.4481898,230.1286,98.60047,250.52774,313.68753,18.786285,-6.8802257,80.27441,20.210725613234544
2011-08-20 12:00:00,-0.44200134,-1.7455609,0.45137316,215.69691,93.36876,248.74942,309.3347,-1.4256823,-1.2939849,59.023224,15.24784067357013
2011-08-21 12:00:00,-1.272834,-2.7632866,0.45217127,230.21375,98.85101,224.13748,304.59146,3.3272727,-2.5298362,51.706192,13.216679440506708
2011-08-22 12:00:00,-0.7839238,-2.5798752,0.45132643,228.08347,97.88394,224.19632,304.53986,17.552164,-15.557994,51.850155,12.852203972244626
2011-08-23 12:00:00,1.0884573,-1.5514466,0.4521845,228.6914,98.280106,230.96597,309.21582,44.583076,-19.127209,77.617325,18.29160909488865
2011-08-24 12:00:00,2.4156084,-0.5511198,0.45420706,91.40929,40.01242,287.5862,314.681,68.673164,2.819521,95.79476,23.008194258425938
2011-08-25 12:00:00,2.814203,0.0,0.51351106,95.97081,49.603035,315.9562,318.32013,39.591545,13.113361,96.708755,26.31471556970549
2011-08-26 12:00:00,3.4249022,0.0,0.47895527,87.84161,38.922325,316.12378,318.5421,71.296326,16.217642,134.01492,32.23958130254559
2011-08-27 12:00:00,3.3334627,0.0,0.45215297,138.83066,60.474625,297.2694,318.42487,91.942505,30.491316,179.6344,50.99977558729819
2011-08-28 12:00:00,4.666856,0.0,0.4513745,109.62778,48.00663,295.81012,319.08487,124.39006,35.604263,198.34071,53.386281087869
2011-08-29 12:00:00,2.822989,0.0,0.4513745,77.1911,33.733894,304.28247,317.79523,52.560654,24.602772,107.10788,33.50559813092074
2011-08-30 12:00:00,1.2966835,-0.6460304,0.5008536,196.19934,94.21783,260.2658,313.90906,6.168911,-0.052243233,54.454933,16.439506210039287
2011-08-31 12:00:00,0.336362,-0.5795815,0.5063557,87.40995,42.234264,303.20178,314.15692,3.5057626,-0.29753715,37.428772,8.705215357149909
2011-09-01 12:00:00,-1.1023375,-1.8553836,0.63686025,135.97665,81.784775,273.01874,307.9395,4.57732,-3.9549706,19.893452,5.54053382219535
2011-09-02 12:00:00,-2.6616,-3.5580597,0.8507101,191.35284,154.1486,253.7811,300.20746,5.1771474,-5.908694,-9.953669,1.606724843271889
2011-09-03 12:00:00,-4.2893486,-6.4893045,0.8518311,176.16739,141.77802,229.89355,287.4297,22.322628,-6.822978,-7.647109,0.0033058237560416614
2011-09-04 12:00:00,1.3924713,-0.42719778,0.7713912,98.655655,67.67145,306.18353,315.1775,10.927093,0.8198147,33.73716,2.6228337563871063
2011-09-05 12:00:00,0.40842885,-0.09447988,0.76220524,105.29761,75.735535,308.79657,316.2948,0.17081058,-0.4075672,21.827085,3.0055138650490214
2011-09-06 12:00:00,-1.0202335,-1.1913831,0.8176751,144.38913,112.31714,285.75177,310.8339,-2.46599,-2.8293612,1.6945169,1.4318477797630387
2011-09-07 12:00:00,-4.093861,-5.944207,0.82910204,168.91516,133.36821,222.2632,289.3247,27.903458,-10.270236,-13.881335,0.18494589843851195
2011-09-08 12:00:00,-0.93766797,-3.1906164,0.8010416,119.897514,93.39456,259.88455,301.92065,42.477016,-11.525895,15.417972,0.48343911083623836
2011-09-09 12:00:00,2.5518131,-0.0013747745,0.6246635,89.387085,54.029396,301.69788,317.44702,53.719925,-16.077232,57.251236,11.743390924440034
2011-09-10 12:00:00,2.35451,-0.34255856,0.598142,137.97325,80.78892,269.49622,314.9206,55.38138,-27.832582,39.308754,12.407851925067396
2011-09-11 12:00:00,0.53846645,-2.0328,0.6222576,119.808014,74.22072,257.98285,306.62985,58.8006,-42.041466,13.699425,4.990061313025826
2011-09-12 12:00:00,0.62055767,-2.1107798,0.6222106,123.63696,75.67947,255.49718,306.3503,78.90357,-62.82233,13.185604,3.5233252116997087
2011-09-13 12:00:00,-0.6837865,-3.0880523,0.6285778,147.02905,90.76428,234.68167,301.96765,33.81173,-12.704006,10.0865135,4.108472301522523
2011-09-14 12:00:00,-1.3386418,-3.2891173,0.6298919,128.96222,79.73585,241.83954,300.9405,22.433527,-2.056694,10.502253,3.380791663622164
2011-09-15 12:00:00,-4.112385,-5.5970855,0.629413,149.50519,92.19441,217.00691,290.52258,12.32867,-4.313223,-8.189448,1.3204650221008327
2011-09-16 12:00:00,-3.6808243,-5.616212,0.6324667,142.23041,87.69996,211.92554,290.13428,45.621597,-19.50735,2.435955,0.5987652967036069
2011-09-17 12:00:00,-2.5270147,-4.826278,0.6330993,75.78273,47.669098,244.30505,294.15314,47.318108,-19.569708,6.0139484,0.0811720969116809
2011-09-18 12:00:00,-3.5157242,-3.7101493,0.738691,86.31517,66.53276,280.2226,299.06677,-0.38552678,-1.7848938,-1.2321881,-3.6115584331051762e-06
2011-09-19 12:00:00,-10.082427,-11.360004,0.84676194,143.16995,114.84918,191.46307,266.3916,10.435222,-3.694997,-39.86753,0.0
2011-09-20 12:00:00,-13.172207,-14.754271,0.83842623,138.50339,109.816055,180.4492,252.788,16.20213,-4.566405,-32.015736,0.0
2011-09-21 12:00:00,-13.574022,-15.245739,0.8271793,133.50044,104.50867,182.71567,250.93723,19.061779,-4.111265,-24.279268,4.309348305308508e-15
2011-09-22 12:00:00,-13.537105,-15.213205,0.8148409,130.40988,101.01356,188.5401,251.12262,17.90995,-2.8385441,-18.11479,4.3121316555731846e-15
2011-09-23 12:00:00,-11.139711,-13.318529,0.8004317,128.11197,97.81911,196.635,258.48285,35.63719,-8.501905,-4.4197063,4.3117365147032904e-15
2011-09-24 12:00:00,-5.9263935,-8.475403,0.7378632,96.47978,68.14586,239.10779,278.58725,72.585175,-39.605675,21.833961,4.31259455907886e-15
2011-09-25 12:00:00,-2.6693923,-4.8539796,0.7102165,84.87669,59.323627,264.2972,294.12674,55.340034,-27.012978,24.050594,-2.7496479172241215e-06
2011-09-26 12:00:00,-4.122081,-6.7394075,0.7118494,111.155426,76.77627,221.21387,285.60974,51.866608,-19.737883,2.112009,-4.112165740645252e-08
2011-09-27 12:00:00,-5.156722,-7.755764,0.71389735,96.22095,66.4392,217.66748,281.2757,39.24235,-7.729899,-2.3140168,4.312956242147337e-15
2011-09-28 12:00:00,-4.988388,-7.705385,0.71399236,107.06181,73.915115,212.35043,281.32974,57.46467,-17.834862,3.7971954,-4.2342004113041253e-07
2011-09-29 12:00:00,-4.6860723,-7.3409696,0.7145773,103.867165,71.66876,208.546,282.78705,73.73023,-27.95105,3.7365417,-5.207408814135125e-07
2011-09-30 12:00:00,-4.0752645,-6.4534483,0.7097943,88.62053,60.981834,226.33936,286.72125,64.8439,-21.015823,11.084877,-4.317332662630169e-06
2011-10-01 12:00:00,-5.1058793,-6.8472824,0.70856774,86.63919,59.651344,222.31529,284.83878,36.329983,-5.8537774,-5.0594316,-3.616133374273148e-07
2011-10-02 12:00:00,-5.8150845,-6.5557823,0.7379403,64.04487,47.027435,267.016,286.71173,7.7893963,0.031803012,5.142893,4.3121316555731846e-15
2011-10-03 12:00:00,-6.041194,-7.1625686,0.8075149,66.11565,52.864548,258.11658,283.99225,14.790906,-5.98542,-3.819087,4.3117365147032904e-15
2011-10-04 12:00:00,-9.76584,-11.319195,0.7930342,71.09305,52.98332,216.4184,266.46564,18.684023,-4.950529,-18.204018,4.31259455907886e-15
2011-10-05 12:00:00,-11.268908,-12.447215,0.7756685,74.36438,55.43399,216.37643,261.9569,11.462082,-2.5482943,-17.736298,4.312956242147337e-15
2011-10-06 12:00:00,-14.507702,-16.03812,0.7808993,83.623955,62.64831,182.21497,247.56534,22.822891,-4.702325,-26.254162,4.312956242147337e-15
2011-10-07 12:00:00,-9.339636,-12.353194,0.7846925,82.633194,61.96682,182.98477,262.22763,94.03531,-29.189434,6.26939,4.312956242147337e-15
2011-10-08 12:00:00,-8.088491,-10.335001,0.7782086,63.83307,47.74041,220.18753,270.51105,44.000862,-11.16595,-1.3959455,4.312956242147337e-15
2011-10-09 12:00:00,-8.07128,-9.361954,0.7881408,48.9468,37.289825,258.94635,275.05447,5.428094,1.8817267,2.8586717,4.312956242147337e-15
2011-10-10 12:00:00,-10.602875,-12.63713,0.79609275,51.508408,39.387688,218.28539,261.29358,38.041153,-14.099885,-6.946206,4.312956242147337e-15
2011-10-11 12:00:00,-5.201611,-6.4199886,0.8062522,25.76641,20.242598,277.4769,287.1505,26.4559,-10.188359,12.11774,4.309348305308508e-15
2011-10-12 12:00:00,-9.830442,-10.950753,0.8241929,52.263123,41.4654,233.79587,268.16284,11.430757,3.6264877,-8.512008,4.3121316555731846e-15
2011-10-13 12:00:00,-16.106028,-17.613747,0.82381165,47.54572,37.674675,196.87422,241.85732,14.543267,0.72544396,-19.843338,4.3117365147032904e-15
2011-10-14 12:00:00,-16.363358,-17.957909,0.8175669,49.130455,38.852436,199.57796,240.51512,12.084461,1.938661,-16.636023,4.31259455907886e-15
2011-10-15 12:00:00,-17.963446,-19.51271,0.81925666,60.631737,48.26551,184.93103,234.66339,17.661875,1.2676067,-18.436653,4.312956242147337e-15
2011-10-16 12:00:00,-20.6817,-22.657959,0.8228663,59.73294,47.574394,157.45712,223.08209,37.73639,-4.3574047,-20.087439,4.312956242147337e-15
2011-10-17 12:00:00,-7.1561675,-9.808048,0.8154658,32.888683,25.90797,242.33301,272.78912,74.17528,-36.487263,14.212612,4.312956242147337e-15
2011-10-18 12:00:00,-6.436766,-9.830183,0.8177842,42.68851,33.571507,211.5081,272.307,87.74743,-30.840858,5.2246704,4.312956242147337e-15
2011-10-19 12:00:00,-4.323635,-6.3285,0.81509125,24.449219,19.192415,267.04364,287.60965,35.098835,-5.274144,14.515485,-1.4372417071615912e-06
2011-10-20 12:00:00,-9.844465,-11.02969,0.8145454,36.950172,29.093214,246.29434,268.16187,6.5663476,2.1024144,-5.3418026,4.312956242147337e-15
2011-10-21 12:00:00,-13.627882,-14.256804,0.81300676,30.688807,24.178955,233.23898,254.7378,7.790377,-0.62576395,-7.824345,4.309348305308508e-15
2011-10-22 12:00:00,-17.079046,-18.867142,0.8176198,42.577003,33.899414,179.41508,236.80353,37.266487,-6.9626513,-18.407017,4.3121316555731846e-15
2011-10-23 12:00:00,-10.684261,-12.88056,0.8131261,21.846445,17.194887,226.72832,260.41077,59.88392,-25.974552,4.878475,4.3117365147032904e-15
2011-10-24 12:00:00,-5.398839,-6.4868,0.8125999,21.330942,16.775002,267.42947,286.64047,33.40754,-6.787191,11.96529,4.31259455907886e-15
2011-10-25 12:00:00,-8.926602,-9.315691,0.8115225,19.397488,15.336594,267.0334,274.84503,6.81077,-2.0385058,1.0215127,4.312956242147337e-15
2011-10-26 12:00:00,-17.979618,-19.475794,0.8165753,35.82583,28.736008,183.75024,234.76724,25.072838,-2.7832289,-21.63757,4.312956242147337e-15
2011-10-27 12:00:00,-22.31322,-24.39056,0.8198297,35.076862,28.128624,156.00815,216.75635,32.31398,-1.4215662,-22.907547,4.312956242147337e-15
2011-10-28 12:00:00,-21.241005,-23.690834,0.8197988,32.55845,26.105194,160.98578,219.19269,33.227985,0.36533275,-18.160336,4.312956242147337e-15
2011-10-29 12:00:00,-16.8889,-19.675606,0.8180554,28.44744,22.808205,179.23248,233.71451,40.687515,0.5832232,-7.57205,4.312956242147337e-15
2011-10-30 12:00:00,-16.445114,-19.09232,0.81978965,26.962471,21.613346,180.64706,235.82101,41.59324,-0.31193474,-8.543521,4.312956242147337e-15
2011-10-31 12:00:00,-16.12623,-19.064804,0.8197752,25.433327,20.379898,176.42401,235.87741,48.083633,-2.3687365,-8.685074,4.312956242147337e-15
2011-11-01 12:00:00,-20.087696,-22.186562,0.8187591,23.4321,18.746197,172.02388,224.56737,33.139378,-0.19041842,-14.908623,4.309348305308508e-15
2011-11-02 12:00:00,-20.179846,-22.502064,0.8166769,22.045233,17.596848,165.83936,223.36118,40.49463,-0.202026,-12.78083,4.3121316555731846e-15
2011-11-03 12:00:00,-20.53585,-23.02684,0.8179837,21.250378,16.993193,162.13885,221.50082,41.276566,-1.010716,-14.838932,4.3117365147032904e-15
2011-11-04 12:00:00,-27.184029,-29.111757,0.8189914,21.192646,16.956802,141.4306,200.73645,29.12951,-0.5625431,-26.503036,4.31259455907886e-15
2011-11-05 12:00:00,-24.648296,-27.043423,0.81128824,14.687696,11.621627,172.90897,207.89787,17.323105,-0.11562306,-14.715355,4.312956242147337e-15
2011-11-06 12:00:00,-23.513592,-26.192417,0.81315005,15.490688,12.271014,166.92433,210.6931,22.379051,1.5620718,-16.607971,4.312956242147337e-15
2011-11-07 12:00:00,-26.695675,-28.436691,0.81467605,17.203747,13.77009,153.01164,203.07083,27.641104,-0.21354218,-19.197973,4.312956242147337e-15
2011-11-08 12:00:00,-29.024866,-31.678436,0.81675994,15.442253,12.305864,136.18234,192.42749,31.668518,-0.3348925,-21.775131,4.312956242147337e-15
2011-11-09 12:00:00,-20.387554,-21.608025,0.81047314,9.489108,7.527547,213.031,226.99962,11.343908,0.14956933,-0.5135738,4.312956242147337e-15
2011-11-10 12:00:00,-21.2972,-22.786518,0.81053233,7.9519215,6.302191,195.50172,222.72797,18.698906,0.56166553,-6.31594,4.312956242147337e-15
2011-11-11 12:00:00,-18.45595,-19.972641,0.81101334,6.854765,5.431631,218.59338,233.00232,9.528439,0.32372275,-3.1336403,4.309348305308508e-15
2011-11-12 12:00:00,-8.05391,-10.883951,0.79240346,3.8995667,3.0814953,237.0007,269.96326,68.28193,-7.2482576,28.889187,-2.586044708908735
2011-11-13 12:00:00,0.39883065,-1.9108214,0.75303197,6.897751,5.259425,282.086,307.95786,65.91554,-2.1362247,39.545784,-1.889954995463548
2011-11-14 12:00:00,-8.019815,-10.836943,0.7969439,8.52747,6.5512,204.55008,268.16232,62.812088,-9.712683,-8.53657,4.31259455907886e-15
2011-11-15 12:00:00,-10.766452,-13.953943,0.80231667,8.324799,6.4272165,184.84726,255.42981,74.03508,-10.123761,-4.7736483,4.312956242147337e-15
2011-11-16 12:00:00,-6.381281,-10.149567,0.79744315,6.1348667,4.6749897,204.87943,270.86908,91.14327,-12.331418,14.282077,4.312956242147337e-15
2011-11-17 12:00:00,-5.019931,-8.636043,0.7957089,4.583682,3.4967344,222.05219,277.39282,85.23394,-12.928983,18.05127,4.312956242147337e-15
2011-11-18 12:00:00,-2.4854116,-6.0703135,0.79461783,5.059854,3.8655314,230.27661,288.1938,107.26282,-32.656845,17.883118,4.312956242147337e-15
2011-11-19 12:00:00,-3.232887,-6.242673,0.7954577,3.1676393,2.4201198,252.60423,287.72488,146.94952,-96.75846,15.817932,4.312956242147337e-15
2011-11-20 12:00:00,-5.105126,-7.6433372,0.79567206,3.696445,2.8240244,244.17125,281.70578,74.72052,-35.672142,2.3862686,4.312956242147337e-15
2011-11-21 12:00:00,-10.601307,-11.563451,0.80920434,3.2266026,2.5061138,237.08072,265.51337,17.681515,-3.7392275,-13.769871,4.309348305308508e-15
2011-11-22 12:00:00,-16.763596,-17.976809,0.80770147,2.9652276,2.302472,197.83499,240.01093,17.296856,-2.1938252,-26.410149,4.3121316555731846e-15
2011-11-23 12:00:00,-16.577171,-18.082935,0.80776465,2.612558,2.0291953,198.19247,239.67917,24.908226,-1.2084692,-17.203575,4.3117365147032904e-15
2011-11-24 12:00:00,-15.289906,-16.231953,0.8083945,1.9926729,1.5546069,229.00198,246.97656,11.972469,0.375429,-5.188614,4.31259455907886e-15
2011-11-25 12:00:00,-15.1288185,-16.03703,0.809028,1.8547504,1.4435853,228.52618,247.69812,12.014845,-0.5971859,-7.343112,4.312956242147337e-15
2011-11-26 12:00:00,-19.492067,-20.485487,0.80903995,1.7373979,1.351518,192.40201,230.77896,16.138237,-4.5226803,-26.375517,4.312956242147337e-15
2011-11-27 12:00:00,-21.775593,-22.602825,0.8092344,1.3869593,1.0789878,187.79785,223.13086,12.55448,-1.5143553,-23.984911,4.312956242147337e-15
2011-11-28 12:00:00,-20.475525,-21.478458,0.8088955,1.1224773,0.8734095,194.78375,227.23068,16.175148,0.6369234,-15.385789,4.312956242147337e-15
2011-11-29 12:00:00,-21.376888,-22.831484,0.81001246,1.0439649,0.8156933,174.0073,222.23425,31.55472,-1.9028596,-18.346827,4.312956242147337e-15
2011-11-30 12:00:00,-13.882198,-15.550763,0.8086822,0.6483165,0.504205,231.48868,249.83868,39.78784,-2.4312727,19.150675,4.312956242147337e-15
2011-12-01 12:00:00,-11.750427,-13.668776,0.80942345,0.65771365,0.51715434,226.57768,256.97498,45.915535,-7.9421797,7.7166224,4.309348305308508e-15
2011-12-02 12:00:00,-12.6088705,-13.723129,0.80858684,0.27242386,0.21211307,243.09717,256.84778,17.396223,1.2749996,4.9809227,4.3121316555731846e-15
2011-12-03 12:00:00,-13.56041,-14.297087,0.8090049,0.272376,0.21290338,244.8451,254.56326,8.8459215,1.5411961,0.7284205,4.3117365147032904e-15
2011-12-04 12:00:00,-16.709148,-18.247665,0.8092962,0.24079481,0.18860519,195.80023,239.19614,35.939068,-4.7658687,-12.170517,4.31259455907886e-15
2011-12-05 12:00:00,-19.408466,-22.129982,0.8132369,0.16549239,0.13108785,154.43115,224.5857,52.783806,-1.0731711,-18.409506,4.312956242147337e-15
2011-12-06 12:00:00,-20.338856,-22.341732,0.8093073,0.105824575,0.082872614,182.35808,224.20544,32.066555,-0.5913834,-10.349241,4.312956242147337e-15
2011-12-07 12:00:00,-15.5671425,-16.510708,0.8094616,0.05118963,0.040276974,231.61253,245.8916,14.37816,2.0994596,2.209465,4.312956242147337e-15
2011-12-08 12:00:00,-14.235564,-15.837019,0.8095498,0.0172908,0.013613822,214.58372,248.37961,40.910038,-6.016178,1.101654,4.312956242147337e-15
2011-12-09 12:00:00,-14.681753,-17.117046,0.80956507,0.0,0.0,186.56038,243.31427,86.03792,-29.230022,0.05400467,4.312956242147337e-15
2011-12-10 12:00:00,-12.006489,-14.018934,0.80956924,0.0,0.0,219.21884,255.44403,77.53511,-36.985092,4.324829,4.312956242147337e-15
2011-12-11 12:00:00,-14.708687,-17.104828,0.8095698,0.0,0.0,189.40045,243.31342,59.844063,-11.462084,-5.530985,4.309348305308508e-15
2011-12-12 12:00:00,-11.466007,-14.680988,0.80957043,0.0,0.0,208.78445,252.82187,58.914185,-9.787511,5.089259,4.3121316555731846e-15
2011-12-13 12:00:00,-12.120914,-15.347894,0.8095839,0.0,0.0,187.32135,250.2369,73.45431,-14.661222,-4.1224575,4.3117365147032904e-15
2011-12-14 12:00:00,-18.65054,-20.628529,0.81075275,0.0,0.0,181.70084,230.25693,38.186394,-1.2688146,-11.638512,4.31259455907886e-15
2011-12-15 12:00:00,-15.441357,-17.33764,0.80962384,0.0,0.0,196.72421,242.53664,53.262802,-8.229018,-0.7786398,4.312956242147337e-15
2011-12-16 12:00:00,-11.3395,-12.88248,0.8094944,0.0,0.0,237.6459,260.07333,40.751,-9.177673,9.145897,4.312956242147337e-15
2011-12-17 12:00:00,-6.3138466,-8.50415,0.8095058,0.0,0.0,257.3843,278.16016,76.684944,-36.82718,19.081917,4.312956242147337e-15
2011-12-18 12:00:00,-12.841108,-14.043144,0.809552,0.0,0.0,230.18835,255.73785,41.564754,-23.741108,-7.725853,4.312956242147337e-15
2011-12-19 12:00:00,-16.62946,-17.935017,0.80957013,0.0,0.0,204.77711,240.293,32.985115,-7.020803,-9.551573,4.312956242147337e-15
2011-12-20 12:00:00,-18.81987,-20.337154,0.8120463,0.0,0.0,182.09314,231.4174,40.86245,-8.682859,-17.144674,4.312956242147337e-15
2011-12-21 12:00:00,-23.892727,-25.795862,0.8165777,0.0,0.0,141.0026,211.68347,51.38599,-5.2712746,-24.566162,4.309348305308508e-15
2011-12-22 12:00:00,-22.028,-24.117193,0.81120133,0.0,0.0,155.02078,217.67111,55.287796,-6.2069798,-13.569513,4.3121316555731846e-15
2011-12-23 12:00:00,-15.683277,-17.672897,0.8100479,0.0,0.0,201.65974,241.3537,41.756752,0.09617609,2.1589737,4.3117365147032904e-15
2011-12-24 12:00:00,-22.059734,-23.438868,0.80988204,0.0,0.0,183.0028,220.34465,18.147682,0.8060436,-18.388117,4.31259455907886e-15
2011-12-25 12:00:00,-23.488487,-24.963062,0.8100989,0.0,0.0,167.15984,214.74506,31.999537,-0.830519,-16.416203,4.312956242147337e-15
2011-12-26 12:00:00,-15.562942,-17.341644,0.80964196,0.0,0.0,206.12274,242.90857,50.835007,-2.0218105,12.027369,4.312956242147337e-15
2011-12-27 12:00:00,-13.852753,-16.332901,0.8096436,0.0,0.0,190.73834,246.32396,59.672913,-2.608314,1.4789815,4.312956242147337e-15
2011-12-28 12:00:00,-16.685032,-17.946594,0.8096583,0.0,0.0,213.46103,240.37271,27.291264,-3.861711,-3.4821296,4.312956242147337e-15
2011-12-29 12:00:00,-21.116804,-22.728212,0.8121729,0.0,0.0,180.67377,222.96637,24.889973,-1.5441278,-18.946758,4.312956242147337e-15
2011-12-30 12:00:00,-32.96126,-34.519943,0.8156504,0.0,0.0,118.65262,183.35902,21.40308,-0.48380694,-43.787132,4.312956242147337e-15
2011-12-31 12:00:00,-30.595999,-31.899954,0.8121424,0.0,0.0,151.81934,191.99486,20.270947,-0.28503668,-20.189611,4.312956242147337e-15
2012-01-01 12:00:00,-27.593178,-28.564869,0.8096971,0.0,0.0,170.78851,202.72037,15.682058,-0.24736293,-16.497158,4.309348305308508e-15
2012-01-02 12:00:00,-33.041996,-34.644527,0.8169895,0.0,0.0,120.77704,182.99283,34.01867,-1.3681717,-29.565292,4.3121316555731846e-15
2012-01-03 12:00:00,-30.461155,-32.901775,0.8171981,0.0,0.0,117.39012,188.29724,53.869125,-2.6132326,-19.651226,4.3117365147032904e-15
2012-01-04 12:00:00,-27.06179,-30.136887,0.8126769,0.008479536,0.0066881576,138.05682,197.29526,47.062294,0.60005605,-11.574291,4.31259455907886e-15
2012-01-05 12:00:00,-22.013197,-25.383085,0.81419945,0.0,0.0,146.92233,213.38153,69.91768,-2.2736924,1.1847885,4.312956242147337e-15
2012-01-06 12:00:00,-17.599693,-20.044476,0.80970323,0.08975062,0.070087954,201.42432,232.66113,35.55726,-0.06423956,4.2758656,4.312956242147337e-15
2012-01-07 12:00:00,-16.169666,-19.512024,0.8118836,0.0,0.0,187.52936,234.97902,66.2856,-8.284571,10.551367,4.312956242147337e-15
2012-01-08 12:00:00,-16.53812,-17.90839,0.8097023,0.197505,0.15410236,217.29883,240.89514,27.136139,-2.6139932,0.969234,4.312956242147337e-15
2012-01-09 12:00:00,-25.098007,-26.47084,0.80972785,0.2749613,0.21480735,165.79837,209.69672,26.07586,-0.5021605,-18.264494,4.312956242147337e-15
2012-01-10 12:00:00,-16.209549,-17.708248,0.80972385,0.2812227,0.21982993,221.54913,241.60443,39.2748,-3.8457465,15.435146,4.312956242147337e-15
2012-01-11 12:00:00,-13.243526,-15.519586,0.8097281,0.4191684,0.3273457,208.58926,249.6043,68.26056,-16.610949,10.726404,4.309348305308508e-15
2012-01-12 12:00:00,-8.998795,-11.661632,0.80973,0.3208281,0.25016817,231.29417,265.04907,93.881546,-41.644287,18.55302,4.3121316555731846e-15
2012-01-13 12:00:00,-12.728512,-14.317536,0.81120884,0.5199269,0.40610653,221.86742,254.79062,53.775818,-20.456745,0.50968933,4.3117365147032904e-15
2012-01-14 12:00:00,-13.831053,-15.889724,0.810918,0.6453018,0.5036881,216.43799,248.49994,48.55298,-9.088296,7.544345,4.31259455907886e-15
2012-01-15 12:00:00,-6.2772417,-9.41016,0.80973065,0.8202652,0.63892144,241.26462,274.51672,102.3293,-52.652756,16.605782,-2.0065494219766569e-10
2012-01-16 12:00:00,-14.166002,-17.13678,0.81090313,1.3779776,1.0721288,205.46783,243.54362,33.685123,-0.030438572,-4.115258,4.312956242147337e-15
2012-01-17 12:00:00,-12.312635,-13.55644,0.8097346,1.3187944,1.026374,248.65067,257.6067,22.053188,-7.818528,5.5710564,4.312956242147337e-15
2012-01-18 12:00:00,-17.091877,-18.287888,0.81026316,1.7908025,1.3953683,209.8218,239.19928,24.63182,-5.9549036,-10.305137,4.312956242147337e-15
2012-01-19 12:00:00,-23.512642,-25.710289,0.818564,2.936395,2.3119135,147.79385,212.05972,40.733955,-1.5359303,-24.443363,4.312956242147337e-15
2012-01-20 12:00:00,-21.255873,-23.547688,0.81147516,2.6438355,2.0559902,174.42346,219.74396,34.002647,0.5701764,-10.159827,4.312956242147337e-15
2012-01-21 12:00:00,-21.181065,-23.386274,0.8156823,3.8495388,3.0302196,160.99579,220.26086,51.246513,-3.518014,-10.717256,4.309348305308508e-15
2012-01-22 12:00:00,-15.761892,-18.921082,0.8156576,4.0040627,3.1190314,161.86787,236.8547,99.84506,-17.169199,8.574064,4.3121316555731846e-15
2012-01-23 12:00:00,-8.753557,-11.558256,0.80967516,2.8819747,2.240614,219.92543,265.38458,127.076004,-63.595955,18.662254,4.3117365147032904e-15
2012-01-24 12:00:00,-14.598963,-17.758978,0.8134578,5.5362635,4.3466477,167.40399,240.84293,77.65028,-11.983201,-6.582238,4.31259455907886e-15
2012-01-25 12:00:00,-16.053778,-18.75884,0.8094852,4.5016503,3.4954493,185.24786,237.07733,57.481613,-9.310168,-2.6518202,4.312956242147337e-15
2012-01-26 12:00:00,-17.412945,-20.084702,0.80948853,5.3965282,4.1928267,186.00781,232.27713,37.291435,-2.9311175,-10.705299,4.312956242147337e-15
2012-01-27 12:00:00,-18.001606,-21.14404,0.8102423,5.2555294,4.0797834,183.08597,228.41592,36.23099,1.1012986,-6.8219194,4.312956242147337e-15
2012-01-28 12:00:00,-17.776264,-20.630283,0.8106046,7.037943,5.4824657,186.70569,230.29523,32.132545,0.62220365,-9.279312,4.312956242147337e-15
2012-01-29 12:00:00,-24.314175,-26.987257,0.8186227,9.334477,7.327773,142.05092,207.60449,40.195656,-0.7249489,-24.07616,4.312956242147337e-15
2012-01-30 12:00:00,-23.028362,-26.218182,0.81808865,10.192248,7.9995522,140.104,210.18169,54.956738,-0.95358133,-13.88183,4.312956242147337e-15
2012-01-31 12:00:00,-9.692807,-13.891037,0.80951995,7.1123667,5.522808,201.71246,256.211,94.73157,-12.287258,29.535332,4.312956242147337e-15
2012-02-01 12:00:00,-9.17812,-12.454403,0.80955184,8.944279,6.9430895,209.80261,261.84818,87.82215,-23.44661,14.331169,4.309348305308508e-15
2012-02-02 12:00:00,-9.970059,-13.74198,0.81131065,10.958311,8.50571,182.90442,256.355,97.39895,-16.388859,10.012096,4.3121316555731846e-15
2012-02-03 12:00:00,-8.267822,-11.491722,0.81135654,10.260995,7.9731627,219.57169,265.8474,85.92196,-29.20449,12.729576,4.3117365147032904e-15
2012-02-04 12:00:00,-12.827415,-15.654798,0.813348,12.473524,9.686289,186.53476,248.80772,57.915646,-2.994749,-4.5648327,4.31259455907886e-15
2012-02-05 12:00:00,-11.74897,-15.127424,0.8140454,12.692714,9.846198,183.05399,251.31804,97.04201,-21.378086,10.24638,4.312956242147337e-15
2012-02-06 12:00:00,-5.4236937,-8.799445,0.80842483,11.576334,8.956814,228.25601,276.9187,110.13648,-44.28909,19.804226,4.312956242147337e-15
2012-02-07 12:00:00,-6.132578,-9.680731,0.808427,13.10437,10.148918,212.18794,273.02014,99.530464,-27.934855,13.718863,4.312956242147337e-15
2012-02-08 12:00:00,-16.087448,-17.778963,0.8071084,15.18914,11.755503,198.06589,240.8515,18.65467,-0.34012756,-21.037432,4.312956242147337e-15
2012-02-09 12:00:00,-12.549422,-15.258147,0.807475,15.205212,11.773752,200.39116,250.56305,59.799957,-9.702108,3.3574162,4.312956242147337e-15
2012-02-10 12:00:00,-15.81912,-17.616932,0.80869555,21.669514,16.891348,192.47694,241.46182,38.39675,-5.6145,-11.424459,4.312956242147337e-15
2012-02-11 12:00:00,-15.0199375,-17.671629,0.810935,19.152103,14.828224,182.8515,241.51526,60.756584,-4.796721,1.6199851,4.309348305308508e-15
2012-02-12 12:00:00,-11.839488,-12.831242,0.80730075,11.471653,8.901582,243.37645,260.3734,21.84893,0.45475742,7.8767953,4.3121316555731846e-15
2012-02-13 12:00:00,-5.036701,-7.0213842,0.8056663,15.945401,12.35169,265.4088,284.89853,41.83085,7.9080796,33.842926,-0.025682617870307494
2012-02-14 12:00:00,-1.023,-2.4568162,0.7742628,17.188194,13.335123,286.64148,304.7135,32.183167,7.2078705,25.172087,-0.08656148603387093
2012-02-15 12:00:00,-11.959599,-13.733528,0.8107639,22.05468,17.128384,213.53662,256.5854,32.109966,-10.035429,-16.047934,4.312956242147337e-15
2012-02-16 12:00:00,-16.89534,-17.504932,0.8104079,14.211487,11.05734,218.82523,242.03537,9.536251,-2.2912638,-12.811008,4.312956242147337e-15
2012-02-17 12:00:00,-15.20902,-16.743414,0.8096305,24.907455,19.337467,211.125,244.95483,33.38821,-9.294608,-4.1662436,4.312956242147337e-15
2012-02-18 12:00:00,-12.779397,-14.367016,0.81034523,26.783806,20.780582,225.64081,254.33063,36.538334,-15.233346,-1.381608,4.312956242147337e-15
2012-02-19 12:00:00,-22.87434,-24.670788,0.81742877,40.19796,31.400148,152.62894,215.92569,24.15366,-0.9380056,-31.283285,4.312956242147337e-15
2012-02-20 12:00:00,-27.393719,-29.032307,0.81825256,43.535797,34.102768,141.29547,201.06299,18.171486,0.07141502,-32.091587,4.312956242147337e-15
2012-02-21 12:00:00,-25.018698,-27.17725,0.8097441,37.79007,29.281567,161.00764,207.50339,20.015045,0.81033784,-17.161858,4.309348305308508e-15
2012-02-22 12:00:00,-14.587696,-16.72882,0.80967855,29.061361,22.507477,229.74707,245.55455,17.479998,2.7899985,11.016401,4.3121316555731846e-15
2012-02-23 12:00:00,-18.422722,-19.316685,0.8097502,24.865025,19.320496,217.75653,235.53696,8.757698,-0.327461,-3.80566,4.3117365147032904e-15
2012-02-24 12:00:00,-18.620045,-18.862577,0.80973876,27.665138,21.49093,229.05388,237.31386,0.2524103,-0.117806315,-1.9511676,4.31259455907886e-15
2012-02-25 12:00:00,-22.617252,-24.007305,0.8143776,54.792786,42.926956,175.53113,218.68848,13.098375,-0.33024383,-18.523388,4.312956242147337e-15
2012-02-26 12:00:00,-28.315784,-30.193901,0.8179425,57.9019,45.267838,134.21037,197.38138,23.999327,-0.5471796,-27.084795,4.312956242147337e-15
2012-02-27 12:00:00,-32.709553,-33.922585,0.8141191,55.243095,42.885437,127.76559,185.55988,15.1758175,-0.4524388,-30.713251,4.312956242147337e-15
2012-02-28 12:00:00,-36.91269,-38.0158,0.81762004,63.00265,49.27143,110.31907,173.1337,12.627127,-0.21786042,-36.674145,4.312956242147337e-15
2012-02-29 12:00:00,-37.73629,-38.94043,0.81797755,66.151306,51.724937,109.045364,170.41739,15.342884,-0.44266647,-32.045437,4.312956242147337e-15
2012-03-01 12:00:00,-31.077229,-33.355362,0.81022084,55.73004,43.173206,129.75177,187.36398,32.55279,-1.2671089,-13.769695,4.309348305308508e-15
2012-03-02 12:00:00,-31.115425,-33.70336,0.8148998,67.13006,52.205154,117.816315,186.19939,35.536865,-1.015758,-18.937061,4.3121316555731846e-15
2012-03-03 12:00:00,-27.45797,-30.223831,0.81202364,71.605774,55.87898,129.53018,197.31348,49.686863,-3.6908271,-6.060464,4.3117365147032904e-15
2012-03-04 12:00:00,-26.742138,-28.832376,0.8107443,66.19138,51.34762,145.38419,202.14185,31.116531,-0.690969,-11.488333,4.31259455907886e-15
2012-03-05 12:00:00,-28.93713,-28.73859,0.8097273,40.240112,31.273674,194.00269,202.46024,-5.0971584,-1.5836546,-6.1719246,4.312956242147337e-15
2012-03-06 12:00:00,-30.30949,-29.63252,0.8097466,47.101955,36.638462,184.57664,199.5639,-6.0602255,-0.5672834,-11.151275,4.312956242147337e-15
2012-03-07 12:00:00,-34.175583,-35.774837,0.8127363,81.27843,63.33818,124.61527,180.0753,13.488432,-0.25315273,-24.284504,4.312956242147337e-15
2012-03-08 12:00:00,-32.20151,-32.476757,0.80975616,61.469845,47.727898,163.49414,190.6594,1.324583,-0.3704482,-12.469171,4.312956242147337e-15
2012-03-09 12:00:00,-31.922836,-34.005978,0.81365585,91.96452,71.87831,126.3705,185.4512,23.442352,-0.4909439,-16.043083,4.312956242147337e-15
2012-03-10 12:00:00,-32.528404,-34.68364,0.8143749,92.61914,72.24184,117.75871,183.26514,28.83754,-0.11158248,-16.403162,4.312956242147337e-15
2012-03-11 12:00:00,-26.882912,-27.916466,0.8097112,72.23457,56.123306,169.49329,205.05435,20.821918,-0.7545918,0.6175281,4.309348305308508e-15
2012-03-12 12:00:00,-25.908487,-28.494133,0.8145076,97.570526,75.97238,143.51044,203.44766,35.61278,-1.544723,-4.2710223,4.3121316555731846e-15
2012-03-13 12:00:00,-19.903843,-20.884048,0.809708,70.83017,55.04116,220.46675,230.1203,5.2121835,-0.42786807,10.919775,4.3117365147032904e-15
2012-03-14 12:00:00,-24.072842,-24.259426,0.80976045,70.789215,55.12175,199.23917,218.13428,-0.21360612,-0.49897063,-3.9402227,4.31259455907886e-15
2012-03-15 12:00:00,-25.206795,-27.508463,0.81480044,108.92879,85.06301,146.06213,206.85133,35.310043,-1.6127448,-3.2261252,4.312956242147337e-15
2012-03-16 12:00:00,-13.8029785,-16.120823,0.8135431,64.63345,50.303474,203.81628,247.78214,66.31562,-16.237543,20.442205,4.312956242147337e-15
2012-03-17 12:00:00,-8.467656,-9.953207,0.8097172,56.383957,43.874252,257.50058,272.29553,35.020115,-9.26331,23.471558,4.312956242147337e-15
2012-03-18 12:00:00,-16.724154,-18.656288,0.81122077,111.97864,86.98869,198.47812,238.86334,10.308123,1.2169583,-3.870198,4.312956242147337e-15
2012-03-19 12:00:00,-22.930721,-24.197647,0.8126894,91.72074,71.35154,176.3023,218.43178,14.971754,-0.016759783,-6.805275,4.312956242147337e-15
2012-03-20 12:00:00,-20.25594,-21.133352,0.8100492,76.11354,59.14924,210.3307,229.35034,4.6738653,-0.9153027,1.7032266,4.312956242147337e-15
2012-03-21 12:00:00,-12.384279,-15.935183,0.8157712,128.30135,99.77475,170.94766,248.1221,69.99832,-9.812744,11.537735,4.309348305308508e-15
2012-03-22 12:00:00,-10.824251,-14.090498,0.81287444,130.35287,101.04831,175.41537,255.21219,85.246826,-22.141426,12.613152,4.3121316555731846e-15
2012-03-23 12:00:00,-7.74946,-11.120962,0.8143116,113.26199,87.85814,199.07849,267.66068,83.535065,-20.522547,19.834188,-2.6034955449953807e-06
2012-03-24 12:00:00,1.5165851,-2.302006,0.81064993,88.97427,68.78061,261.46667,305.35794,157.3794,-99.042984,34.63881,-1.0486495890602573e-06
2012-03-25 12:00:00,0.61020154,-3.1813335,0.8113322,122.59631,94.76758,244.13908,301.6213,125.1757,-68.656006,26.866203,-1.6979861418260269e-06
2012-03-26 12:00:00,-2.5865119,-5.71639,0.81180054,126.13396,97.45307,225.57951,290.2897,85.62125,-30.509922,19.08202,-6.979181132885288e-07
2012-03-27 12:00:00,-8.104014,-8.558917,0.8103422,90.15709,69.808754,259.57794,278.75946,10.320421,-6.900007,4.587231,4.312956242147337e-15
2012-03-28 12:00:00,-20.14766,-21.869991,0.8119117,152.3081,117.47229,160.44106,226.58575,9.0026245,-0.41979194,-22.726051,4.312956242147337e-15
2012-03-29 12:00:00,-17.677612,-19.620829,0.8119793,140.00246,108.06203,187.93393,235.44083,11.0715275,0.6920538,-3.802886,4.312956242147337e-15
2012-03-30 12:00:00,-8.836996,-10.50595,0.8168628,67.05582,52.115715,258.3131,271.1316,14.618633,2.130731,18.870985,-0.0003484578655553529
2012-03-31 12:00:00,0.7523298,-0.5186086,0.7939267,55.284473,40.903633,312.8969,314.00888,18.863413,6.7884436,38.92073,-0.07298807589441017
2012-04-01 12:00:00,2.00426,-0.43166053,0.7356354,115.56593,81.33827,286.65332,314.89032,43.456486,-4.1865892,45.26056,0.07174494394962766
2012-04-02 12:00:00,1.9101603,-0.28097522,0.7245884,138.81325,94.76547,280.5324,315.39435,19.09528,0.29350626,28.574623,0.7264566303309976
2012-04-03 12:00:00,-0.6032091,-2.3218198,0.7722912,117.19622,85.87716,268.09113,305.62878,33.018356,-4.8553295,21.94443,0.002341921780003753
2012-04-04 12:00:00,-0.7559332,-2.994854,0.80824244,112.223694,85.70445,271.091,302.48383,32.520264,-12.467257,15.179426,0.05064256260578482
2012-04-05 12:00:00,2.7600565,-0.48422337,0.699674,32.52645,20.48312,314.25763,315.8626,52.308784,16.971722,79.71886,6.577592601202113
2012-04-06 12:00:00,2.5691926,-0.049384754,0.61474764,115.63403,67.454636,292.27313,317.27197,37.297768,12.0119705,72.490295,18.114964768204196
2012-04-07 12:00:00,-0.5850462,-0.6719299,0.79885876,99.8625,79.567276,304.21808,313.07516,1.371779,-4.7531652,8.056754,0.777133222871126
2012-04-08 12:00:00,-6.449357,-5.6582403,0.84843695,134.8247,108.68668,271.8639,291.06036,-6.740472,-4.954255,-4.7531757,0.004750181407237067
2012-04-09 12:00:00,-9.684408,-8.796391,0.81994146,146.44458,114.79267,252.82828,277.5374,-8.752995,-5.123252,-6.9334745,0.0
2012-04-10 12:00:00,-14.433399,-15.008113,0.8157135,196.18292,152.64835,190.04944,252.35501,1.9171114,-1.3664963,-18.220383,0.0
2012-04-11 12:00:00,-13.561006,-15.421692,0.8172983,203.01285,157.5966,172.39227,250.69449,24.8323,-2.4333367,-10.487007,5.1832154439986357e-11
2012-04-12 12:00:00,-8.088306,-8.798407,0.81476325,114.03563,89.169266,260.07855,277.4698,5.785528,-8.112655,5.1480017,1.1829609628600687e-13
2012-04-13 12:00:00,-7.1375694,-8.491785,0.81412244,120.97121,94.48684,253.85999,278.8529,16.403984,-10.287878,7.6075535,2.7340786280691603e-15
2012-04-14 12:00:00,-4.838131,-6.53104,0.8139379,172.85811,134.49837,247.72995,286.90695,26.938507,-17.402817,8.71843,-3.007866052722502e-14
2012-04-15 12:00:00,-3.9393673,-6.789444,0.81543636,182.10269,141.15305,220.07286,285.5174,114.85855,-81.079666,9.283997,-1.5419162579663542e-08
2012-04-16 12:00:00,-1.3996208,-4.1798906,0.81243926,206.74704,159.35503,237.26413,297.0702,110.94627,-83.754654,14.777573,-9.120518964735327e-08
2012-04-17 12:00:00,-2.9172492,-5.25933,0.81605387,138.41061,107.55037,256.51318,292.62085,68.235794,-53.82866,9.159714,-1.766202095028165e-08
2012-04-18 12:00:00,-9.5560665,-10.515306,0.81520104,205.12155,159.41074,218.22827,270.24188,12.243921,-14.83412,-8.892994,1.5382838919688062e-15
2012-04-19 12:00:00,-13.987848,-15.217424,0.81701064,208.6923,162.2245,187.30995,252.02171,9.7216835,-5.008416,-13.53069,1.5382838919688062e-15
2012-04-20 12:00:00,-13.030783,-13.705116,0.8141409,228.64911,176.98982,202.8494,257.71997,2.2091484,-6.534346,-7.536486,1.5382838919688062e-15
2012-04-21 12:00:00,-13.029109,-14.674098,0.81554425,219.11128,170.23549,188.54817,254.29279,16.426506,-4.274187,-4.716501,4.309348305308508e-15
2012-04-22 12:00:00,-10.125216,-11.831577,0.81542426,210.85455,163.88051,214.99251,265.66357,8.457298,-1.8285236,2.9317532,4.3121316555731846e-15
2012-04-23 12:00:00,-11.392421,-10.802072,0.8143604,168.30496,130.85327,246.48605,269.84708,-6.954765,-4.018578,3.1173248,4.3117365147032904e-15
2012-04-24 12:00:00,-14.795227,-14.91325,0.81366897,214.09763,166.0989,202.89554,253.31697,-0.94073415,-4.721487,-8.084935,4.31259455907886e-15
2012-04-25 12:00:00,-14.680934,-16.06846,0.8118359,262.01575,201.18338,175.94902,248.50189,14.071987,-9.669011,-7.3175287,4.312956242147337e-15
2012-04-26 12:00:00,-2.7123275,-4.184995,0.7999859,173.0127,130.98996,272.65042,297.5979,30.405945,-18.665913,28.815289,-9.668955557993761e-05
2012-04-27 12:00:00,-1.2557678,-2.6425729,0.787736,111.716225,82.147415,287.82626,304.5373,18.82111,-4.4707294,27.20816,-0.005614751389718214
2012-04-28 12:00:00,-5.448122,-5.584755,0.8276939,193.12921,153.01675,268.05893,291.50598,-2.110788,-12.880587,1.6740303,-0.00010653832063271107
2012-04-29 12:00:00,-6.597371,-7.980751,0.8266143,210.59921,165.48901,238.66351,281.77142,10.015789,-5.0203743,6.9977036,4.312956242147337e-15
2012-04-30 12:00:00,-2.6320748,-2.8532124,0.8542546,131.45047,107.8453,299.06964,303.4633,-2.0595021,-3.008078,14.143946,-0.0004795155298225094
2012-05-01 12:00:00,-5.476201,-7.682397,0.8561599,273.90903,220.989,211.98134,282.57758,28.87542,-11.893715,-0.6945038,-8.545040298012887e-09
2012-05-02 12:00:00,-5.8377132,-8.130636,0.85490036,271.19647,218.13757,214.01636,280.46588,39.457466,-21.159454,4.907387,-3.860866609096015e-08
2012-05-03 12:00:00,-3.3362865,-5.874737,0.85822463,264.83896,215.35141,216.86444,289.94922,55.804928,-24.488956,7.7187424,-1.8329477539697327e-07
2012-05-04 12:00:00,-1.641361,-4.4842343,0.83745086,261.92993,206.31512,230.24625,296.41034,54.792534,-30.847805,13.395443,-8.780196427046921e-07
2012-05-05 12:00:00,1.503751,-1.1720629,0.770705,141.463,99.40931,301.70612,312.54376,35.29025,-24.961775,41.54451,0.24877251853387852
2012-05-06 12:00:00,2.1450095,-0.27107334,0.72604585,270.70975,181.67017,263.9475,316.55646,14.753246,-7.9684668,43.215412,4.257176094206929
2012-05-07 12:00:00,0.35327092,-1.9520499,0.75509286,255.52487,177.43912,245.83737,308.7813,12.303244,-4.2467823,23.198277,3.163957252337476
2012-05-08 12:00:00,0.25845847,-1.8917931,0.7581606,269.21817,188.65152,248.5925,308.8345,15.378194,-8.461824,27.241014,3.3893455950792837
2012-05-09 12:00:00,0.6213218,-0.7669172,0.71916264,245.16493,158.40407,269.3227,313.91467,6.561275,-12.062814,36.667347,7.1939460394501085
2012-05-10 12:00:00,-1.3928351,-2.79706,0.6638564,273.6429,176.64267,239.22438,303.83685,13.427579,-20.14166,25.673689,8.517189698170377
2012-05-11 12:00:00,-4.3535376,-4.579624,0.7529601,134.50073,104.14209,268.5124,295.6311,-1.022959,-5.4989247,-3.2819545,1.4773210032143116
2012-05-12 12:00:00,-4.415036,-3.8650863,0.8550881,212.5087,171.58057,282.70233,299.1418,-11.079062,-9.071722,4.337863,0.003204966162204377
2012-05-13 12:00:00,-5.7771416,-7.2928543,0.84332097,313.07022,248.51282,212.82004,284.65216,7.8107967,-5.597887,-5.0618095,-1.5689582043835557e-09
2012-05-14 12:00:00,-4.3750696,-6.933527,0.84274757,323.9834,256.6775,201.76797,285.91672,41.04532,-22.61903,1.5834541,-5.034459503279687e-07
2012-05-15 12:00:00,-3.3300326,-5.410698,0.8457967,256.3703,205.4531,239.74771,293.03552,23.582737,-12.759826,8.452306,-4.879770267630523e-06
2012-05-16 12:00:00,-1.2103777,-2.5793138,0.8358692,290.54724,229.20154,254.45816,304.64905,24.131947,-20.861032,14.42573,-3.964981267387558e-05
2012-05-17 12:00:00,-2.366095,-4.7194166,0.8345512,326.70413,256.20502,213.60306,295.83063,25.382812,-7.9043846,5.7499733,-1.4035476587602414e-05
2012-05-18 12:00:00,-2.7652216,-5.141774,0.8305845,331.9006,258.98956,211.67139,294.21515,23.209103,-6.7288733,6.8475084,-4.252079757407382e-06
2012-05-19 12:00:00,-1.3108593,-2.8509216,0.7729723,220.34604,156.92435,272.92218,304.89316,8.271515,-9.247875,30.474354,2.290340011727787
2012-05-20 12:00:00,-3.4455974,-2.920812,0.8188691,206.50099,163.57706,291.1529,303.1233,-13.849512,-13.372414,3.7316113,0.6706606433251593
2012-05-21 12:00:00,-2.5302129,-2.0664845,0.7997674,245.11635,177.96991,284.1203,308.25458,-5.8894987,-6.5021744,30.620487,1.672359572092098
2012-05-22 12:00:00,-0.59964156,-2.0175548,0.7618114,297.5574,210.66966,254.35605,307.5683,16.631992,-24.683407,25.624077,5.457733816689587
2012-05-23 12:00:00,-1.1573098,-1.6426847,0.73488307,212.9718,154.36288,291.48352,308.93143,3.169108,-26.648006,17.682114,4.005251809841297
2012-05-24 12:00:00,-2.39745,-2.0903478,0.7593954,223.4947,167.83827,286.32477,307.42615,-7.3002462,-10.1600485,17.094757,3.5172112918122784
2012-05-25 12:00:00,-4.6552796,-5.283822,0.85750365,336.3128,272.03442,235.51169,293.60767,-2.9446964,-8.961533,-5.7238255,0.5432644532051158
2012-05-26 12:00:00,-4.892412,-6.5280104,0.8617039,297.22873,243.20822,233.75632,288.1681,13.804507,-13.743432,-0.33019066,-0.0027527775113093773
2012-05-27 12:00:00,3.6824067,-0.024918027,0.64674056,156.90987,95.697205,314.53595,319.12436,48.063545,7.5066786,112.19447,17.588052104236837
2012-05-28 12:00:00,4.4464216,-0.013080809,0.58767927,324.29504,184.25116,266.19965,318.53003,71.08522,-8.056031,150.74269,37.400047845513726
2012-05-29 12:00:00,4.8795223,0.0,0.57793117,340.49966,186.01346,261.99335,319.031,91.20654,-0.5161843,188.1389,53.68551192384507
2012-05-30 12:00:00,3.9584935,-0.010838932,0.5184989,343.3449,170.2473,255.56279,318.22427,58.54284,-4.1452026,164.83377,48.40038306254743
2012-05-31 12:00:00,4.504494,-0.095933914,0.51581496,348.45453,174.1204,249.39203,318.09613,89.12867,-10.631502,184.1272,48.38329411063836
2012-06-01 12:00:00,4.2084026,-0.04921896,0.44753182,346.66916,146.8259,248.20992,317.9379,70.66472,-8.240238,192.53976,51.28462865608446
2012-06-02 12:00:00,4.8217,0.0,0.44874376,353.2671,150.69461,244.95966,318.28412,99.99382,-18.9389,210.30293,55.7985364179387
2012-06-03 12:00:00,3.089914,-0.2189117,0.4493664,318.89404,137.06815,254.97345,317.0047,34.78048,-4.2546935,150.32043,40.77898606612156
2012-06-04 12:00:00,2.2031667,-0.7096584,0.44627115,354.73053,150.08228,240.84271,314.64316,23.69912,-4.013935,150.533,37.54527896929658
2012-06-05 12:00:00,2.2514658,-0.6054859,0.45078477,323.2234,140.02927,262.049,315.4676,23.428059,-4.3734303,148.83017,37.262726626008536
2012-06-06 12:00:00,2.298502,-0.17668226,0.45243356,206.35472,89.97475,292.8471,317.3974,14.490307,2.8087358,109.12873,30.006606658129016
2012-06-07 12:00:00,1.1567023,-0.24564065,0.44700748,312.4415,133.1321,263.3124,316.80188,3.5664692,1.7110975,131.09749,33.59184246565812
2012-06-08 12:00:00,1.2835435,-0.45856455,0.47692654,298.2412,141.1833,261.8514,315.63495,14.125986,1.8764714,119.276825,32.565399128685236
2012-06-09 12:00:00,1.2306535,-0.66203773,0.47694108,333.0797,150.6868,253.8377,314.96075,7.859864,-6.4918623,122.63787,31.88673680114813
2012-06-10 12:00:00,1.7843741,-0.9968585,0.46704972,358.88745,158.98428,235.00519,313.12524,29.078907,-10.842739,140.01927,35.62938145721801
2012-06-11 12:00:00,1.9655802,-0.32683158,0.44853222,343.10657,145.82503,243.18079,316.00812,28.569122,-8.076156,144.94717,38.62679657243047
2012-06-12 12:00:00,1.1391097,-1.0704387,0.4464994,363.6803,153.79648,233.76996,312.6737,16.10185,-10.410341,136.67159,34.66514704711256
2012-06-13 12:00:00,2.7221327,-0.4407193,0.45373824,280.14352,122.09546,265.64453,315.6632,56.002724,-21.006512,143.02559,37.46700877484826
2012-06-14 12:00:00,3.676036,0.0,0.44920507,234.12207,101.012924,310.45444,319.1667,92.67943,17.22418,234.3005,60.06023455545386
2012-06-15 12:00:00,3.4274693,0.0,0.4518348,149.10214,65.19714,315.66455,318.76758,50.839455,12.06146,143.70288,44.5836679978816
2012-06-16 12:00:00,2.8583767,-0.042976804,0.44751424,330.0258,141.40118,280.24808,318.61823,13.179441,5.7606406,169.19453,38.87092895701419
2012-06-17 12:00:00,3.1004124,-0.29911518,0.44769663,354.54797,151.42339,257.18124,317.07803,43.22033,4.6674476,191.11557,48.52486902699165
2012-06-18 12:00:00,3.850264,0.0,0.44486162,344.18536,146.00972,275.11624,319.28156,56.64673,17.516216,228.17328,61.852904837777395
2012-06-19 12:00:00,4.0692525,-0.010804812,0.44635177,365.0524,154.32845,255.78625,318.5484,69.81354,2.4310544,220.2064,58.0397796148716
2012-06-20 12:00:00,4.8737626,0.0,0.44621718,362.58502,153.3563,257.07706,319.01,94.217926,-7.359198,234.15451,64.29148081712597
2012-06-21 12:00:00,4.470045,0.0,0.45108867,202.45892,87.98148,322.1136,319.82434,68.20201,0.6266498,185.59534,53.54114393860951
2012-06-22 12:00:00,2.6609318,-0.0013554891,0.44886866,228.78198,98.13562,310.88916,318.7469,23.052917,8.851746,154.6933,38.77929327310581
2012-06-23 12:00:00,3.3345366,-0.015267266,0.45389664,262.02216,114.449066,283.9389,318.6037,37.3252,11.618351,161.85184,42.02403007169529
2012-06-24 12:00:00,3.6496286,-0.040003248,0.4453271,363.9237,153.8847,256.19736,318.21313,49.142876,-7.6498914,189.51622,46.099768945961316
2012-06-25 12:00:00,3.90633,0.0,0.44322714,354.79202,149.77945,270.2992,319.09174,54.772484,3.0550804,214.0476,57.27409597887888
2012-06-26 12:00:00,3.7248464,-0.14830461,0.4464755,362.56525,153.37079,254.12831,317.645,63.207703,-14.089923,194.79556,50.63938523110142
2012-06-27 12:00:00,4.5895824,0.0,0.45073777,302.6267,131.49081,279.90637,319.19257,84.08603,3.9487345,219.88446,59.38407272563823
2012-06-28 12:00:00,4.001515,0.0,0.44421,344.41644,145.40927,279.9984,319.41687,53.721405,9.401185,222.7113,57.80031184764934
2012-06-29 12:00:00,3.3144984,-0.052923203,0.4463694,357.0901,150.94807,262.539,318.3738,40.25061,2.3108387,192.86865,50.80145050521529
2012-06-30 12:00:00,3.0711048,-0.104942426,0.45239216,339.96008,147.46225,264.55206,318.0672,36.045956,6.602439,181.63109,48.18269168919151
2012-07-01 12:00:00,3.2527661,-0.002388053,0.4514038,173.3624,75.733765,304.2409,318.51788,33.951157,12.7540455,130.05685,35.45456123851599
2012-07-02 12:00:00,2.575489,0.0,0.45137757,125.81424,54.667038,330.0647,318.47522,20.736984,14.185662,117.659325,31.813902422015325
2012-07-03 12:00:00,3.2538905,0.0,0.4517984,288.24603,125.86549,291.95782,318.67358,35.858482,10.997662,182.52092,44.28887133495827
2012-07-04 12:00:00,3.7557707,0.0,0.45137852,279.73724,122.14336,296.02472,319.24847,51.092583,10.595353,196.05806,51.99371401283282
2012-07-05 12:00:00,3.6544647,0.0,0.4492905,249.9166,107.749886,305.421,319.2852,75.13599,28.670654,232.10916,60.9546569297443
2012-07-06 12:00:00,3.414082,0.0,0.45037353,208.47037,90.41291,310.2672,319.0252,68.23578,42.796707,220.33195,60.23567263037345
2012-07-07 12:00:00,3.4584048,0.0,0.450823,276.87918,120.2753,297.86603,319.01987,50.018883,25.430569,210.8995,55.62557954841591
2012-07-08 12:00:00,4.2164497,-0.0032929315,0.4543103,282.07697,123.23272,278.5116,318.73358,74.711395,6.112978,199.44662,53.167532582418104
2012-07-09 12:00:00,5.674286,0.0,0.45118287,280.8182,122.40825,314.93567,321.615,129.6166,74.39996,355.7472,92.94760756914941
2012-07-10 12:00:00,6.101981,0.0,0.44881845,327.8282,139.77377,285.49396,320.91617,145.24304,35.211426,333.08667,90.77725729957263
2012-07-11 12:00:00,5.33348,0.0,0.4512899,277.34448,121.00664,292.1479,320.13934,106.300354,14.909672,249.55641,73.18593034132691
2012-07-12 12:00:00,3.803587,0.0,0.4466864,330.5766,139.83708,272.4552,318.96954,45.475334,5.9008374,195.60133,50.24553348607981
2012-07-13 12:00:00,2.9225473,-0.00038909912,0.44804963,241.0777,102.9949,308.1998,319.25208,23.04549,11.568417,161.64442,41.7096955270309
2012-07-14 12:00:00,2.7807117,-0.037062008,0.44641966,324.93048,137.68816,274.77005,318.5917,21.046824,5.5610113,170.0285,43.84862288449175
2012-07-15 12:00:00,2.7752495,-0.25249946,0.44739074,336.3709,142.49298,258.7176,317.17953,28.02224,3.2246099,166.66284,42.66176275552107
2012-07-16 12:00:00,3.3557425,-0.09782272,0.44749016,332.08167,140.70087,262.9571,317.97034,44.909035,-0.18541923,181.09116,45.790618736488426
2012-07-17 12:00:00,2.9689887,-0.10125881,0.44758344,330.8615,140.2088,264.24146,317.94742,32.873096,0.12439984,169.94424,42.82520496429629
2012-07-18 12:00:00,2.778518,-0.24779096,0.44766265,329.79254,139.7864,258.98962,317.193,26.820827,1.9804063,160.604,42.71176639468218
2012-07-19 12:00:00,2.5794928,-0.35617033,0.44836998,321.97128,137.2843,258.6285,316.67047,20.899406,1.3905988,148.93503,39.09627073972476
2012-07-20 12:00:00,2.3298273,-0.5386662,0.4478405,328.20618,139.17404,248.29337,315.61722,19.36087,2.370811,143.43996,36.96487627504715
2012-07-21 12:00:00,3.6791356,-0.2504507,0.44925916,329.7018,140.70091,240.01299,316.39557,75.82605,-21.350098,167.09427,41.870318996557764
2012-07-22 12:00:00,2.1486907,-0.3237293,0.45193565,131.95236,57.556656,300.55334,316.41846,9.140924,1.9007835,69.572296,19.788310701958054
2012-07-23 12:00:00,2.168812,-0.05687756,0.48761603,304.36325,141.45322,272.526,318.15594,4.5553436,0.99756986,122.833,27.819224664014136
2012-07-24 12:00:00,1.9021008,-0.7005156,0.5107188,320.77234,153.31952,242.22235,314.51044,19.646366,-1.6065747,113.20452,26.148114538617648
2012-07-25 12:00:00,2.8180714,-0.59672904,0.5098149,316.61838,151.09781,246.75787,314.9578,48.47647,-5.122835,140.67429,32.07091077530914
2012-07-26 12:00:00,4.9549456,-0.05612066,0.46076804,176.42328,77.20145,290.59357,318.91827,113.39598,5.9627314,190.25584,48.763725476553255
2012-07-27 12:00:00,6.282341,0.0,0.4513759,86.175644,37.791553,319.59833,320.75,170.05013,42.29641,259.57895,67.57595446452892
2012-07-28 12:00:00,4.972655,0.0,0.4513759,190.70673,83.22379,322.15002,320.8864,111.89664,58.634357,279.27756,80.5480921179752
2012-07-29 12:00:00,3.418889,0.0,0.45097256,117.93652,51.187,334.10474,319.078,55.727867,35.69143,173.19556,49.54392436486842
2012-07-30 12:00:00,3.6444664,0.0,0.4485497,251.31776,107.94054,301.2744,319.1374,66.12496,30.698626,222.33784,55.31369569412232
2012-07-31 12:00:00,3.9074955,0.0,0.44952983,263.28687,112.679504,279.275,318.86957,67.962685,25.509483,204.48495,56.15151535723492
2012-08-01 12:00:00,3.8674731,0.0,0.44967794,283.62848,121.02237,259.48535,318.23746,65.271576,9.930614,179.0562,49.224721435450135
2012-08-02 12:00:00,4.514125,0.0,0.44994235,217.26904,94.391075,285.7109,319.1391,103.33579,27.398214,220.18378,55.390096917434825
2012-08-03 12:00:00,4.9949694,0.0,0.4512517,183.50565,80.163704,310.3625,320.00974,110.79895,44.539207,249.03287,66.33872328313373
2012-08-04 12:00:00,5.5847874,0.0,0.4479354,276.77905,118.29993,287.49274,320.4061,128.98154,40.559464,295.10675,82.12724463547318
2012-08-05 12:00:00,4.858765,0.0,0.45365196,206.25352,90.19334,298.62817,319.71814,105.59651,32.60482,233.17157,64.93292916025521
2012-08-06 12:00:00,2.9422212,-0.004770597,0.45184082,178.97208,78.16736,301.35492,318.15454,36.100914,13.660004,133.76602,37.29799150274698
2012-08-07 12:00:00,3.231834,0.0,0.45137578,103.180916,44.987923,326.76047,318.68805,55.45198,36.758972,158.47636,38.594459073055255
2012-08-08 12:00:00,2.0639384,0.0,0.47535244,109.03876,52.080803,321.41034,317.95087,24.268116,17.257122,101.94267,30.686818213941198
2012-08-09 12:00:00,2.0762258,-0.07299328,0.5177854,156.55713,79.166176,301.229,317.12518,22.991493,10.862724,95.34899,23.241491311032306
2012-08-10 12:00:00,1.418965,-0.022585128,0.53151953,143.81699,74.74971,310.1308,317.68127,4.3875117,1.9163369,67.82065,18.98403923580878
2012-08-11 12:00:00,1.4189012,-0.1673381,0.56764036,128.45982,71.88545,311.5924,317.46838,1.867902,0.54483503,53.11113,11.589186479847035
2012-08-12 12:00:00,0.8134073,-0.7739303,0.5904497,262.76758,151.88982,253.03207,313.56598,4.360533,-4.0334725,50.670918,12.789390931644764
2012-08-13 12:00:00,1.6244088,-1.7107066,0.5726611,153.52806,82.30213,267.14548,309.34225,74.74966,-41.268288,62.51052,13.85170087624966
2012-08-14 12:00:00,3.6099894,0.0,0.48996663,97.671036,42.752724,327.5421,319.19974,78.62375,13.85482,155.73926,36.09863764929397
2012-08-15 12:00:00,3.4549088,0.0,0.44709867,233.5321,99.35095,300.528,318.46365,52.036797,18.40401,186.68633,51.195359570077166
2012-08-16 12:00:00,4.350158,0.0,0.45207933,239.67015,103.02361,264.63907,318.02545,91.44835,1.0367174,175.74522,46.70976927571134
2012-08-17 12:00:00,3.8521976,-0.010293219,0.45344138,243.30026,105.22824,258.9273,317.95642,77.05408,13.053976,169.15096,48.690950776483035
2012-08-18 12:00:00,3.4610963,-0.7184723,0.4517686,248.37393,106.467834,236.79892,313.821,102.90111,-26.97953,140.80557,35.198889768448794
2012-08-19 12:00:00,3.4065037,-0.084977575,0.45195234,235.49057,100.99472,252.36188,316.9348,56.487953,-1.6689553,124.74191,35.35871815753631
2012-08-20 12:00:00,2.0269904,-0.6997095,0.4520876,233.81345,100.31687,250.37952,313.77478,29.778461,0.24044175,100.12022,24.868949928561424
2012-08-21 12:00:00,1.9078859,-0.7510538,0.452304,229.05576,98.33243,247.54251,313.58014,28.39792,2.1071386,95.19076,24.193161065106
2012-08-22 12:00:00,1.3955477,-1.0614605,0.45293733,157.2734,68.774826,275.0053,312.2656,26.56879,-0.57165134,77.235435,18.373649993943687
2012-08-23 12:00:00,1.9237794,-3.6345587e-05,0.45137513,104.73075,45.65555,318.89124,317.85077,4.1890297,2.279667,66.584366,16.48537102199307
2012-08-24 12:00:00,0.9979147,-0.810735,0.45632318,119.95827,52.454647,291.41302,313.36554,8.629744,3.5374212,57.71827,13.085974214810488
2012-08-25 12:00:00,1.6168829,-0.2666942,0.5359599,197.40213,96.5206,276.20776,316.1489,3.550127,-1.2638685,63.226654,15.06918960033019
2012-08-26 12:00:00,0.54544353,-1.0522577,0.5150723,197.16719,98.52525,253.43958,311.81097,13.943672,-4.84979,49.36442,12.261058226142682
2012-08-27 12:00:00,-0.73371017,-2.1277041,0.5263886,212.43297,108.74246,234.07593,306.74347,12.146928,-9.339518,33.830376,9.400250442134203
2012-08-28 12:00:00,-0.8795662,-2.6215665,0.5555749,208.13425,111.68766,227.0762,304.15482,25.204704,-12.473652,32.099026,8.134411380712125
2012-08-29 12:00:00,-1.8867264,-3.446217,0.59034026,210.84949,117.91342,219.94191,300.47617,19.762484,-15.479966,16.684326,5.062998159034478
2012-08-30 12:00:00,-0.90405923,-3.586963,0.5904312,208.7742,116.76744,214.67833,299.89706,54.17559,-26.865902,34.097713,6.541573288233908
2012-08-31 12:00:00,1.0438251,-1.2455254,0.5886376,196.3352,109.61305,237.60928,310.9137,27.477573,-1.6060443,39.28927,8.651883500550744
2012-09-01 12:00:00,-0.26241687,-2.1138592,0.5870235,165.51926,93.02379,250.93806,306.9656,17.428585,0.8261704,34.722683,7.4664368125419
2012-09-02 12:00:00,-1.2551441,-2.750582,0.5870617,187.75839,105.523544,236.80112,303.62933,19.780313,-15.745985,19.440958,4.773556229204212
2012-09-03 12:00:00,0.2412337,-0.9198425,0.5998886,158.70763,90.71326,273.22937,311.8266,21.619247,-17.255379,33.76101,7.834361272801058
2012-09-04 12:00:00,-1.4675511,-2.9275203,0.56234515,187.51952,102.25728,225.6575,302.52686,17.67903,-13.986834,12.085079,6.2351874394815425
2012-09-05 12:00:00,-1.6740166,-2.8535137,0.59134305,67.21714,38.82991,274.0246,303.11346,13.835176,-4.022008,9.111531,-0.16139238341997775
2012-09-06 12:00:00,-1.7928752,-1.9861872,0.8225871,102.4881,81.97333,290.48663,307.04413,-1.0501957,-2.399622,0.50745773,1.886395722774693
2012-09-07 12:00:00,-5.164397,-7.39972,0.8497603,178.62025,142.18762,207.54813,282.93286,39.06476,-16.64724,-16.534584,0.0077514539687818795
2012-09-08 12:00:00,-5.7671127,-7.7924786,0.83767736,159.34619,126.551796,221.6243,281.4365,27.031372,-8.117031,-8.103458,0.0
2012-09-09 12:00:00,-1.9814907,-4.68025,0.8335874,169.0427,133.82959,242.01155,294.96765,50.959824,-28.906967,4.30986,0.0
2012-09-10 12:00:00,1.0532864,-2.6457813,0.7604873,98.854675,68.89478,272.3549,306.443,96.8179,-18.436068,74.253624,10.587293062555949
2012-09-11 12:00:00,2.6687424,0.0,0.5402823,103.32529,49.252567,299.68878,318.09256,67.54495,10.052311,113.266205,31.199386823930876
2012-09-12 12:00:00,-0.0541403,-1.0445427,0.63814366,64.88189,46.316704,288.20532,311.28778,19.348995,-7.869585,6.962137,4.156049527949894
2012-09-13 12:00:00,-1.6998919,-2.4341176,0.8323524,66.846466,54.206657,281.1338,304.74185,19.106222,-8.253225,-0.11525726,-1.92007007795784
2012-09-14 12:00:00,0.643729,-0.016724162,0.72435033,63.050224,43.48735,312.97644,316.85437,7.511132,5.6777983,28.873875,4.6285495239890135
2012-09-15 12:00:00,-0.8570337,-0.61074364,0.8562561,85.84286,69.211945,304.64297,313.24042,-3.61614,-3.6032019,0.8141284,0.8266243994777883
2012-09-16 12:00:00,-6.097832,-7.8683867,0.8732677,148.07019,122.22777,221.31537,281.2456,17.455563,-1.9431759,-18.575428,0.0016312958063142422
2012-09-17 12:00:00,-6.1189246,-8.627777,0.8728761,146.83435,120.94591,206.96791,277.50458,59.58806,-25.061867,-10.122032,0.0
2012-09-18 12:00:00,-1.6484311,-5.0643783,0.86667526,142.39224,117.32614,226.03821,292.99615,94.125046,-49.25177,2.98143,-9.976557560942024e-05
2012-09-19 12:00:00,0.8323024,-0.41402173,0.7366284,53.33712,36.31974,306.6454,315.04037,24.500427,0.14752316,33.27034,-1.7225653232445346
2012-09-20 12:00:00,3.3829691,-0.026312932,0.6393235,36.589947,22.922985,316.1687,319.46338,78.69131,32.729004,121.792595,35.404794962496595
2012-09-21 12:00:00,0.22024263,-0.28226128,0.6915887,42.78264,29.86774,302.87347,314.72656,8.577631,-1.2633715,8.376069,3.6666408135036272
2012-09-22 12:00:00,-2.8984234,-4.1426897,0.8332001,116.125175,92.04443,251.38203,297.3499,8.682091,0.4741737,-12.730874,0.7041458995764557
2012-09-23 12:00:00,-4.6845746,-6.897337,0.8316965,125.53394,98.82156,213.84366,284.73352,40.842396,-7.3426495,-10.677736,0.0014712185708800076
2012-09-24 12:00:00,0.40378666,-2.6344266,0.73592985,60.545723,41.53303,267.6324,304.97943,76.60518,-9.207485,49.06334,2.0732966704787232
2012-09-25 12:00:00,0.8697742,-0.6544695,0.6712967,87.0214,55.81418,273.4994,312.74164,39.38099,-16.194138,15.151825,10.520572803739759
2012-09-26 12:00:00,-0.086580485,-2.5028095,0.6162379,44.08474,26.103912,259.05048,304.60614,71.65144,-18.845776,25.230831,4.964854707485101
2012-09-27 12:00:00,-1.3945969,-1.4912254,0.80378497,68.81938,55.802773,297.69092,309.12497,1.124396,-1.0460773,1.6608763,2.3330501910994
2012-09-28 12:00:00,-5.7501354,-7.3244486,0.85492456,106.88332,86.891075,226.61572,283.3374,16.252092,-4.6373234,-25.114662,0.0049562456540696515
2012-09-29 12:00:00,-8.718984,-9.8295765,0.85099626,86.39583,69.95018,231.68529,272.72656,17.566525,-9.106276,-16.135378,0.0
2012-09-30 12:00:00,-3.366962,-4.3251543,0.84671605,61.236298,49.3467,278.70203,296.3172,22.498081,-5.3249083,11.447598,-0.0002707175827557215
2012-10-01 12:00:00,-2.2602067,-2.9349952,0.84880435,52.794075,43.05768,296.17303,302.78333,2.9474268,1.2439566,7.3174896,-0.0007058895140819652
2012-10-02 12:00:00,-3.0495737,-4.910824,0.8576473,56.914703,46.594734,267.77933,293.78418,38.784393,-22.786518,0.3129921,-8.228126035913697e-07
2012-10-03 12:00:00,1.598284,-0.9286536,0.83536845,49.53126,38.784836,305.2161,311.70694,77.52424,-68.566475,13.213341,-0.005850066580509156
2012-10-04 12:00:00,-3.2517314,-4.43229,0.8447708,58.59075,47.776833,274.766,296.35312,13.402028,-8.637372,-6.0085526,-0.0006839295207818696
2012-10-05 12:00:00,-7.844342,-8.61792,0.84922457,59.230255,47.816246,246.22118,277.752,10.794413,-0.6767863,-9.999203,1.5382838919688062e-15
2012-10-06 12:00:00,-9.42957,-10.695084,0.8218923,69.82052,54.74977,224.00278,269.10815,17.206768,-1.8669833,-14.694845,1.5382838919688062e-15
2012-10-07 12:00:00,-10.688257,-13.238932,0.82582176,83.326324,65.64349,185.04916,258.68225,58.327805,-15.040586,-12.663038,1.5382838919688062e-15
2012-10-08 12:00:00,-3.0582464,-3.6306462,0.8451767,36.405846,29.75995,294.56842,299.51306,9.330782,-1.0716673,9.960368,-0.00010850688188370442
2012-10-09 12:00:00,-12.114096,-14.19309,0.83805114,75.857735,61.543964,205.14981,255.44516,14.477631,2.6014764,-18.902472,1.5382838919688062e-15
2012-10-10 12:00:00,-18.673513,-19.871939,0.8355199,73.97844,59.886093,182.23912,233.46423,13.243118,-0.009127893,-23.898777,1.5382838919688062e-15
2012-10-11 12:00:00,-19.846436,-21.754257,0.8393588,71.619896,57.9681,164.48138,226.54018,33.805443,-4.833387,-19.434942,4.309348305308508e-15
2012-10-12 12:00:00,-5.366879,-8.758289,0.8384824,69.23671,55.850796,193.85709,276.68237,131.70604,-53.65913,8.6075325,-2.4423412358737368e-08
2012-10-13 12:00:00,-3.0863376,-6.5071526,0.83430606,62.154995,49.691433,207.34581,286.1336,146.08377,-72.84148,6.9180603,-4.5944919927631497e-07
2012-10-14 12:00:00,-1.0117247,-4.4309716,0.8345348,52.41421,42.026337,230.57788,295.3827,179.94418,-114.11118,11.416069,-1.1537519355980068e-06
2012-10-15 12:00:00,-0.23829994,-3.3691454,0.8317367,49.92146,39.537148,254.19598,300.36603,165.55087,-119.1068,10.65834,-4.165512768029753e-07
2012-10-16 12:00:00,-1.3411368,-4.817348,0.8318043,52.848373,41.89763,223.3721,293.8063,113.46338,-48.30554,5.6743813,-1.1945069264384364e-05
2012-10-17 12:00:00,-5.339152,-8.023021,0.82432926,51.304024,40.373642,217.02515,279.98715,57.983253,-11.20847,-5.2568407,-7.076344372455073e-07
2012-10-18 12:00:00,-4.9631987,-7.895458,0.81581414,40.095203,31.272575,237.94739,280.78827,34.95991,-2.3483346,-1.4066765,4.312956242147337e-15
2012-10-19 12:00:00,-6.7592998,-9.24098,0.8155617,33.16886,25.835888,237.92346,275.25662,26.958517,-4.57386,-7.61553,4.312956242147337e-15
2012-10-20 12:00:00,-13.630646,-15.970617,0.82359433,48.583042,38.218636,182.46454,247.78302,29.902996,0.02771464,-25.023365,4.312956242147337e-15
2012-10-21 12:00:00,-15.784229,-18.151093,0.82354015,46.16268,36.32002,171.3301,239.37764,36.141838,-1.5825155,-23.645561,4.309348305308508e-15
2012-10-22 12:00:00,-16.776484,-19.360954,0.8225993,45.19268,35.563766,163.63278,234.78394,39.84666,-0.5114071,-22.186987,4.3121316555731846e-15
2012-10-23 12:00:00,-5.0732703,-7.1456995,0.8146135,24.451649,19.02345,272.255,284.61356,27.813734,4.5384846,25.421865,-0.0028127911980527238
2012-10-24 12:00:00,1.7397454,-0.7039777,0.7812017,19.369665,14.22345,299.95267,312.8719,36.68503,4.128682,33.04071,-0.0161822769614891
2012-10-25 12:00:00,3.2463837,0.0,0.6885886,7.6903553,5.1660223,311.36017,317.70148,56.799187,8.74579,61.728,5.047615846210981
2012-10-26 12:00:00,-0.0637386,-1.2546685,0.65335894,18.072325,11.7578945,283.3252,309.88293,24.494991,1.1386349,5.390317,2.500532618035283
2012-10-27 12:00:00,-0.33568275,-2.0272598,0.7131163,16.528774,11.563656,285.75543,306.81918,42.438225,-5.1676326,21.171959,0.8957364678887263
2012-10-28 12:00:00,-1.7103381,-3.1094413,0.705917,17.54417,12.127478,266.26797,301.45618,37.004646,-7.8481364,-0.6149993,1.2462332385869253
2012-10-29 12:00:00,-4.701501,-4.8334584,0.81985444,13.469618,10.949219,287.9552,293.9914,1.640021,0.02564384,-1.85013,0.0032168582175900093
2012-10-30 12:00:00,-9.774922,-10.593573,0.82530534,22.851665,18.117722,236.92322,269.69012,7.226616,1.0023332,-19.804014,0.0
2012-10-31 12:00:00,-18.985611,-20.17309,0.8283675,26.488007,21.217098,171.95807,231.80652,19.08033,-2.1076946,-37.604904,0.0
2012-11-01 12:00:00,-21.033342,-22.437246,0.829056,24.970016,19.978777,163.50928,223.57315,25.269741,-3.2798355,-33.082726,3.296516170808716e-11
2012-11-02 12:00:00,-12.106746,-14.672091,0.8213916,15.738543,12.422909,204.79742,253.3168,83.67523,-38.295242,0.17624664,7.590160806746856e-14
2012-11-03 12:00:00,-3.4643397,-5.2981253,0.8195064,5.7600746,4.540287,283.52332,291.9914,69.15245,-41.85692,20.047241,-0.0002557540742592182
2012-11-04 12:00:00,-3.483581,-3.9618425,0.83202124,6.528009,5.314061,294.7226,298.02936,11.822063,0.26235047,9.991598,-0.007994877524212901
2012-11-05 12:00:00,-16.225653,-18.573362,0.83603,18.395954,14.834063,173.48273,237.8183,29.377918,2.9113853,-28.484379,4.7856913599580945e-15
2012-11-06 12:00:00,-16.00144,-18.337357,0.8355783,14.550727,11.750388,190.01837,238.82095,26.867527,2.8908768,-16.24384,4.7856913599580945e-15
2012-11-07 12:00:00,-13.299833,-15.368538,0.8312401,11.242763,9.030365,208.62253,250.13857,26.892878,5.133842,-7.276919,4.78569083835033e-15
2012-11-08 12:00:00,-12.936752,-13.705564,0.81956065,9.993103,7.958497,243.43396,256.99103,5.640291,1.2035995,-4.678571,4.7856913599580945e-15
2012-11-09 12:00:00,-13.204716,-14.232599,0.81560826,8.470127,6.743884,232.51,254.78362,19.290565,-2.4907959,-3.747609,4.7856913599580945e-15
2012-11-10 12:00:00,-12.13126,-14.725151,0.8167636,12.255028,9.770524,195.56247,252.53796,62.468086,-12.885494,-4.9083977,4.7856913599580945e-15
2012-11-11 12:00:00,-7.24162,-8.609359,0.81462944,6.782256,5.3907633,260.18134,277.62573,37.225193,-15.622446,5.549843,4.309348305308508e-15
2012-11-12 12:00:00,-15.573803,-17.062164,0.81515735,8.34124,6.6232347,208.68051,243.93282,20.69656,-3.6305525,-16.46829,4.3121316555731846e-15
2012-11-13 12:00:00,-11.961052,-14.053288,0.8177963,5.2503157,4.1648135,216.09854,255.82964,55.175568,-14.602281,1.9276953,4.3117365147032904e-15
2012-11-14 12:00:00,-7.532618,-8.143203,0.81301224,5.289154,4.176505,271.06158,279.78455,16.044691,-3.6811435,4.753235,4.31259455907886e-15
2012-11-15 12:00:00,-15.151383,-16.632114,0.8118902,6.508522,5.160225,206.15118,245.32599,21.964115,1.9068798,-13.955513,4.312956242147337e-15
2012-11-16 12:00:00,-15.110918,-15.709755,0.81144667,4.788968,3.8049917,234.47412,248.98251,9.774217,-2.824504,-6.574703,4.312956242147337e-15
2012-11-17 12:00:00,-19.085133,-21.18501,0.81386316,6.85797,5.4818134,167.63455,228.12578,46.688843,-4.48701,-16.913239,4.312956242147337e-15
2012-11-18 12:00:00,-10.424351,-13.567568,0.8113116,4.5654106,3.621994,202.06628,256.9917,68.680695,-13.07111,1.6275864,4.312956242147337e-15
2012-11-19 12:00:00,-11.935925,-15.237043,0.8116405,5.364228,4.2492986,175.3633,250.3027,82.599106,-15.8497715,-7.075144,4.312956242147337e-15
2012-11-20 12:00:00,-17.149078,-19.767159,0.81398845,4.424857,3.499321,164.47281,233.14307,66.56651,-12.873604,-14.051811,4.312956242147337e-15
2012-11-21 12:00:00,-16.490726,-17.647602,0.8112607,2.8993406,2.292356,218.0753,241.51115,19.841736,-3.4969015,-6.4840326,4.309348305308508e-15
2012-11-22 12:00:00,-20.768665,-22.709904,0.8180964,3.8521051,3.0789323,160.64226,222.59476,45.259254,-3.9661596,-19.88623,4.3121316555731846e-15
2012-11-23 12:00:00,-21.473923,-24.040043,0.820161,3.518766,2.8120549,146.83646,217.70377,55.18309,-2.5492048,-17.526714,4.3117365147032904e-15
2012-11-24 12:00:00,-21.839043,-24.790247,0.8198353,3.0460548,2.4322329,142.82996,215.08911,55.67685,-0.63479525,-16.60328,4.31259455907886e-15
2012-11-25 12:00:00,-19.115566,-22.097172,0.8189386,2.5507288,2.037868,154.90887,224.6839,65.071106,-4.0256214,-8.216677,4.312956242147337e-15
2012-11-26 12:00:00,-1.472876,-4.092698,0.78707755,1.3457239,0.9969402,274.0653,297.59827,96.84663,-41.551483,32.11097,-0.01853898150983002
2012-11-27 12:00:00,-3.3488407,-6.1438894,0.81064653,1.2831676,1.0054708,253.7621,288.03278,115.2784,-66.79399,14.491425,-1.250860259176614e-05
2012-11-28 12:00:00,-3.294888,-5.697448,0.82139885,0.5087318,0.3980903,268.48907,290.0869,64.23946,-29.917225,12.835041,-3.0215011368284644e-07
2012-11-29 12:00:00,-8.553612,-9.9603615,0.8463336,0.9019182,0.73612905,250.94577,272.1394,26.916895,-8.289959,-2.4009094,4.312956242147337e-15
2012-11-30 12:00:00,-12.020881,-15.047932,0.8446139,0.88272583,0.7178952,201.61993,251.55037,57.441498,-14.873406,-7.1975145,4.312956242147337e-15
2012-12-01 12:00:00,-6.245873,-8.952371,0.83006036,0.6344429,0.5027305,232.48187,276.04163,145.98694,-95.831474,6.7274246,4.309348305308508e-15
2012-12-02 12:00:00,-8.700015,-11.453087,0.8164283,0.50669044,0.39740473,212.27428,265.69614,75.301544,-25.372131,-3.3831596,4.3121316555731846e-15
2012-12-03 12:00:00,-14.121444,-15.522985,0.813884,0.3494393,0.27383658,218.7963,249.67252,24.58855,-4.28854,-10.500607,4.3117365147032904e-15
2012-12-04 12:00:00,-12.81536,-14.762334,0.8136889,0.21588114,0.16901177,205.54765,252.43076,43.20359,-2.5098124,-6.142453,4.31259455907886e-15
2012-12-05 12:00:00,-20.152433,-22.187866,0.8191968,0.16605404,0.13152717,159.69043,224.50423,42.877594,-3.1357217,-25.037394,4.312956242147337e-15
2012-12-06 12:00:00,-22.045874,-24.622326,0.81885225,0.03170644,0.024936147,149.5893,215.81097,46.960423,-4.327979,-23.58247,4.312956242147337e-15
2012-12-07 12:00:00,-23.300484,-25.381983,0.818946,0.06053497,0.047964722,151.19162,213.23862,46.39511,-3.5340292,-19.173346,4.312956242147337e-15
2012-12-08 12:00:00,-10.002139,-12.837471,0.813444,0.014855506,0.011651371,219.44365,260.63754,85.69434,-26.387562,18.116093,4.312956242147337e-15
2012-12-09 12:00:00,-9.192905,-11.528426,0.8157984,0.0,0.0,216.80695,265.79315,51.15143,-0.55099744,1.6142247,4.312956242147337e-15
2012-12-10 12:00:00,-8.664623,-12.323817,0.81306475,0.0,0.0,200.04257,262.10852,82.51398,-13.170506,7.277523,4.312956242147337e-15
2012-12-11 12:00:00,-1.0491313,-4.1078296,0.81152874,0.0,0.0,263.10028,297.00992,152.51346,-90.35097,28.252853,-4.0144810518199485e-06
2012-12-12 12:00:00,-1.5863798,-4.8589745,0.81163406,0.0,0.0,252.04077,293.61713,109.74049,-54.11875,14.045387,-7.168164104427316e-06
2012-12-13 12:00:00,-3.5100985,-7.246912,0.8115425,0.0,0.0,224.6979,283.08417,97.51155,-32.3571,6.7681885,-1.1259612566662293e-05
2012-12-14 12:00:00,-3.0855868,-7.055772,0.8113755,0.0,0.0,204.95438,283.90375,148.92502,-61.533993,8.441654,-1.196464483184067e-06
2012-12-15 12:00:00,-8.558612,-11.7567,0.8113681,0.0,0.0,199.3778,264.34448,63.040054,-10.292458,-12.219078,4.312956242147337e-15
2012-12-16 12:00:00,-13.100828,-14.94606,0.7573359,0.0,0.0,216.23914,251.80281,25.853773,-1.5611992,-11.271101,4.312956242147337e-15
2012-12-17 12:00:00,-13.976631,-16.136974,0.7637446,0.0,0.0,201.91476,247.08913,30.179,1.5530162,-13.442345,4.312956242147337e-15
2012-12-18 12:00:00,-14.758953,-16.777027,0.7637367,0.0,0.0,198.53918,244.7153,30.79462,-1.6984901,-17.079987,4.312956242147337e-15
2012-12-19 12:00:00,-21.728065,-23.600082,0.76942813,0.0,0.0,159.84796,219.35837,28.255901,-1.4140655,-32.66857,4.312956242147337e-15
2012-12-20 12:00:00,-15.430814,-18.967354,0.7661951,0.0,0.0,189.53207,236.81439,46.474304,0.86175466,0.05374074,4.312956242147337e-15
2012-12-21 12:00:00,-3.8945088,-7.733689,0.7729922,0.0,0.0,229.3432,281.2002,103.68622,-25.204662,26.624561,-1.0683242849985383e-07
2012-12-22 12:00:00,-9.269735,-12.524294,0.7795603,0.0,0.0,202.45338,261.3169,61.409275,-6.1278496,-3.5820847,4.3121316555731846e-15
2012-12-23 12:00:00,-11.610577,-14.920006,0.7865309,0.0,0.0,192.1572,251.68195,56.88464,-3.068883,-5.708993,4.3117365147032904e-15
2012-12-24 12:00:00,-14.217075,-16.989786,0.7879563,0.0,0.0,183.80502,243.7734,46.965088,-0.47156766,-13.474864,4.31259455907886e-15
2012-12-25 12:00:00,-20.614347,-22.318584,0.7836331,0.0,0.0,169.00339,223.98163,31.574684,-1.0261145,-24.429672,4.312956242147337e-15
2012-12-26 12:00:00,-18.896965,-21.961227,0.7888899,0.0,0.0,152.41187,225.0643,53.931767,-0.67523396,-19.395903,4.312956242147337e-15
2012-12-27 12:00:00,-20.673353,-22.030933,0.7831969,0.0,0.0,192.28769,225.26103,20.249361,1.1254451,-11.5985365,4.312956242147337e-15
2012-12-28 12:00:00,-21.01727,-22.202711,0.7863747,0.0,0.0,191.58226,224.63467,18.710032,0.6213832,-13.720999,4.312956242147337e-15
2012-12-29 12:00:00,-22.17013,-23.559967,0.78919816,0.0,0.0,176.36127,219.79541,29.57208,-4.8975735,-18.759636,4.312956242147337e-15
2012-12-30 12:00:00,-26.064533,-27.732897,0.7954743,0.0,0.0,146.87503,205.23706,32.714508,-2.297247,-27.944769,4.312956242147337e-15
2012-12-31 12:00:00,-27.490967,-29.237547,0.79684967,0.0,0.0,139.5191,200.17828,37.12574,-2.112316,-25.645756,4.312956242147337e-15
2013-01-01 12:00:00,-23.972935,-27.214619,0.79684454,0.0,0.0,135.93852,206.87482,56.89225,-2.1729245,-16.216969,4.309348305308508e-15
2013-01-02 12:00:00,-25.025776,-28.095936,0.7922262,0.0,0.0,143.96426,204.00781,40.21417,0.37878612,-19.450594,4.3121316555731846e-15
2013-01-03 12:00:00,-22.053635,-25.548565,0.79699767,0.0,0.0,148.3114,212.67809,55.22189,0.6715177,-8.473277,4.3117365147032904e-15
2013-01-04 12:00:00,-10.421695,-14.77294,0.79013264,0.0,0.0,203.85916,252.98625,85.891,-14.309341,22.454567,4.31259455907886e-15
2013-01-05 12:00:00,-16.684818,-18.490875,0.7894013,0.04490319,0.03409186,220.35516,238.54868,16.219175,1.3543645,-0.60916126,4.312956242147337e-15
2013-01-06 12:00:00,-19.278496,-21.291647,0.7919847,0.095316924,0.07282572,187.22145,228.07907,28.546387,-0.16087013,-12.449613,4.312956242147337e-15
2013-01-07 12:00:00,-9.721665,-13.408427,0.79248327,0.0,0.0,217.15062,258.48022,101.33896,-33.929184,26.08017,4.312956242147337e-15
2013-01-08 12:00:00,-9.334602,-12.685487,0.79667157,0.22026855,0.17000793,193.35315,260.93173,115.65895,-41.05612,7.0745087,4.312956242147337e-15
2013-01-09 12:00:00,-11.547624,-13.914637,0.79334533,0.14454228,0.11091199,233.45389,256.09473,31.265419,-6.7089643,1.9492464,4.312956242147337e-15
2013-01-10 12:00:00,-16.734535,-18.38688,0.79342693,0.33348584,0.25491932,209.0173,238.59479,16.58172,2.0487127,-10.868485,4.312956242147337e-15
2013-01-11 12:00:00,-17.601688,-19.396236,0.79357725,0.335387,0.25660443,206.54514,234.90489,21.232994,0.12640584,-6.9215736,4.309348305308508e-15
2013-01-12 12:00:00,-19.85397,-21.191502,0.79516125,0.504892,0.3869145,196.80316,228.30917,14.76782,0.67690516,-15.94331,4.3121316555731846e-15
2013-01-13 12:00:00,-23.889862,-26.408386,0.8047136,0.85707843,0.66395295,132.91196,209.54053,56.740257,-4.300829,-23.99602,4.3117365147032904e-15
2013-01-14 12:00:00,-18.082428,-20.994473,0.7971967,0.8834569,0.6756841,190.06042,229.47928,40.525055,0.719865,2.0338376,4.31259455907886e-15
2013-01-15 12:00:00,-13.01898,-15.930723,0.80081135,1.2906218,1.0002975,191.63095,247.98767,73.19156,-10.273283,6.851881,4.312956242147337e-15
2013-01-16 12:00:00,-9.648403,-13.162163,0.79671097,1.4530321,1.1133149,201.43378,258.79355,81.46301,-11.160894,13.282064,4.312956242147337e-15
2013-01-17 12:00:00,-12.336491,-15.579925,0.7969155,1.7341998,1.3291123,188.43295,249.16296,66.25697,-6.371593,-0.4395442,4.312956242147337e-15
2013-01-18 12:00:00,-14.671975,-17.654919,0.8001285,1.9215381,1.4719334,182.4298,241.23047,60.48031,-8.427685,-6.2984467,4.312956242147337e-15
2013-01-19 12:00:00,-12.323208,-15.786169,0.7983433,2.2999601,1.7655437,197.24063,248.509,58.260223,-6.6657095,0.8605585,4.312956242147337e-15
2013-01-20 12:00:00,-11.202164,-14.932564,0.7972466,2.0079699,1.5426779,221.37917,252.60733,56.93113,-15.93708,10.231176,4.312956242147337e-15
2013-01-21 12:00:00,-3.5631654,-7.4331656,0.7921441,2.314412,1.7694743,237.4646,282.77722,125.91266,-57.389137,23.755836,-7.535906795861765e-09
2013-01-22 12:00:00,-4.6601224,-8.069317,0.7893705,3.4790678,2.6538506,218.73846,279.86096,162.59372,-85.08037,17.216072,4.3121316555731846e-15
2013-01-23 12:00:00,-5.3428135,-8.388444,0.78388464,3.485999,2.6356177,216.12054,278.48737,157.36145,-84.14261,11.7024,4.3117365147032904e-15
2013-01-24 12:00:00,-5.617154,-8.748612,0.72923195,3.4123058,2.347615,214.11487,276.9664,158.71436,-85.97418,10.953331,4.31259455907886e-15
2013-01-25 12:00:00,-9.447531,-12.053656,0.6959013,4.5677686,3.115818,208.8328,263.38165,82.82962,-40.77394,-11.041229,4.312956242147337e-15
2013-01-26 12:00:00,-15.984957,-18.326847,0.7024609,6.976534,4.805102,156.25491,238.35867,72.21319,-19.722717,-27.441856,4.312956242147337e-15
2013-01-27 12:00:00,-19.58351,-21.519402,0.7003914,5.786418,3.930968,159.89896,226.65948,48.5401,-8.376222,-24.741196,4.312956242147337e-15
2013-01-28 12:00:00,-15.744553,-18.95827,0.69881564,7.979557,5.4471645,167.93839,236.17157,68.211426,-5.8397007,-3.3290653,4.312956242147337e-15
2013-01-29 12:00:00,-14.322206,-17.613234,0.70353574,8.460979,5.775315,167.01706,241.07904,67.96871,-6.755372,-10.16298,4.312956242147337e-15
2013-01-30 12:00:00,-18.14421,-20.68454,0.6977141,7.434723,5.0467663,173.80627,229.7344,39.67771,-1.8754054,-15.73787,4.312956242147337e-15
2013-01-31 12:00:00,-15.309845,-18.145546,0.69963324,8.976248,6.1637044,166.86134,239.13443,80.20234,-9.418274,1.3235245,4.312956242147337e-15
2013-02-01 12:00:00,-8.408548,-11.458388,0.6980884,7.967453,5.4458547,214.43115,265.90323,118.935425,-39.42303,30.561916,4.309348305308508e-15
2013-02-02 12:00:00,-7.600378,-9.928782,0.6959832,5.9769163,4.0805535,240.35907,272.2489,67.005486,-28.861954,8.150063,4.3121316555731846e-15
2013-02-03 12:00:00,-13.155653,-15.124814,0.69801724,8.290969,5.6934495,202.16434,250.94472,48.61666,-11.0046425,-8.570843,4.3117365147032904e-15
2013-02-04 12:00:00,-14.532693,-15.422942,0.69610286,9.643364,6.5857296,221.94583,249.96996,22.753536,-7.216091,-9.429045,4.31259455907886e-15
2013-02-05 12:00:00,-11.33448,-14.010942,0.69859314,7.5323744,5.227021,207.67804,256.56216,94.149826,-28.796541,18.774511,-1.8153071996749817e-05
2013-02-06 12:00:00,-6.083477,-8.852528,0.66102415,11.480899,7.3905,241.24744,276.86407,100.50859,-59.58728,9.395073,4.312956242147337e-15
2013-02-07 12:00:00,-12.673294,-14.613796,0.63388044,13.50592,8.539803,193.96518,252.92728,59.815422,-21.457695,-15.638252,4.312956242147337e-15
2013-02-08 12:00:00,-19.736023,-21.464075,0.64050245,20.29573,12.884405,151.9984,226.73166,40.19209,-8.028201,-35.15805,4.312956242147337e-15
2013-02-09 12:00:00,-20.721985,-21.058598,0.6335338,9.723913,6.373109,207.50067,228.78447,3.8575406,-1.5194974,-15.594952,4.312956242147337e-15
2013-02-10 12:00:00,-19.4053,-20.779709,0.6334942,14.799942,9.309183,192.50285,229.65224,23.431465,-2.0869472,-10.314107,4.312956242147337e-15
2013-02-11 12:00:00,-18.446136,-20.590994,0.6356529,19.442211,12.305133,172.20096,230.11523,42.864014,-4.5125237,-12.425709,4.309348305308508e-15
2013-02-12 12:00:00,-14.640802,-17.361568,0.63573796,18.959358,11.902994,187.45367,242.3551,59.35412,-3.1323113,8.376745,4.3121316555731846e-15
2013-02-13 12:00:00,-16.22247,-18.034626,0.63340575,19.320856,12.123539,206.32382,239.7928,15.028453,0.43908793,-10.804121,4.3117365147032904e-15
2013-02-14 12:00:00,-15.993341,-18.993761,0.6405965,29.668976,18.821959,173.15335,235.95142,46.267258,0.81076527,-4.873027,4.31259455907886e-15
2013-02-15 12:00:00,-10.554361,-13.796553,0.6356186,28.33636,17.707827,194.34204,256.18665,84.76196,-11.549999,21.995892,4.312956242147337e-15
2013-02-16 12:00:00,-9.8338585,-11.554747,0.6337242,20.362392,13.051514,240.37148,265.48663,31.212393,-2.8877716,10.520342,4.312956242147337e-15
2013-02-17 12:00:00,-15.762873,-17.56201,0.63884735,33.814526,21.391579,186.9369,241.44977,27.4553,-3.9290733,-18.56369,4.312956242147337e-15
2013-02-18 12:00:00,-16.741169,-19.318443,0.642448,37.553955,23.807281,168.85269,234.72626,41.96734,-2.6097083,-12.769262,4.312956242147337e-15
2013-02-19 12:00:00,-16.619133,-19.345648,0.64235353,40.264843,25.510468,165.37054,234.60434,46.700226,-1.401649,-9.180843,4.312956242147337e-15
2013-02-20 12:00:00,-15.521154,-18.032928,0.63581526,39.315147,24.627048,183.08057,239.70123,37.16559,-0.5189421,-5.285921,4.312956242147337e-15
2013-02-21 12:00:00,-25.95496,-26.551723,0.636672,44.570797,28.013445,142.24356,208.91385,3.1362185,-0.5489144,-47.525635,4.309348305308508e-15
2013-02-22 12:00:00,-31.75961,-32.36602,0.6414418,48.80702,30.879053,117.364624,189.6874,5.727974,-0.27869168,-48.945522,4.3121316555731846e-15
2013-02-23 12:00:00,-32.439697,-33.412815,0.64016896,50.98259,32.165504,121.45274,186.58191,9.138082,-0.35992485,-37.533924,4.3117365147032904e-15
2013-02-24 12:00:00,-31.583967,-32.927658,0.6421158,53.89826,34.027702,126.17204,188.2403,14.046127,-0.09601219,-28.247581,4.31259455907886e-15
2013-02-25 12:00:00,-27.402164,-29.576797,0.64201915,54.85605,34.628956,141.67015,199.10318,25.540792,0.04227078,-11.622873,4.312956242147337e-15
2013-02-26 12:00:00,-26.670784,-28.825645,0.63982433,57.421837,36.151344,140.90213,201.53284,27.880198,-0.2539636,-11.73398,4.312956242147337e-15
2013-02-27 12:00:00,-18.977348,-21.794744,0.6377008,42.63622,26.854668,171.97723,226.25977,70.18544,-7.2098894,24.474571,4.312956242147337e-15
2013-02-28 12:00:00,-12.89339,-16.052364,0.63880765,60.104996,38.20041,185.1885,247.37067,76.49245,-9.880894,26.33398,4.312956242147337e-15
2013-03-01 12:00:00,-15.313958,-15.743124,0.6578082,38.120747,25.435457,229.3856,248.99454,13.72401,0.15765965,6.958027,4.309348305308508e-15
2013-03-02 12:00:00,-28.151089,-28.036003,0.7517239,66.8044,48.578953,143.436,204.35678,-2.9652195,-1.198182,-46.858734,4.3121316555731846e-15
2013-03-03 12:00:00,-29.404827,-30.496464,0.7536637,69.22924,50.238003,133.81235,196.27756,15.284968,-0.9262259,-29.115229,4.3117365147032904e-15
2013-03-04 12:00:00,-23.790903,-25.778008,0.7460424,58.321815,41.94718,168.32907,212.46083,29.15638,-2.4902453,-1.0909915,4.31259455907886e-15
2013-03-05 12:00:00,-21.890104,-23.683886,0.74063724,61.52543,44.269768,171.9183,219.50146,30.753521,-1.8269633,-1.4009417,4.312956242147337e-15
2013-03-06 12:00:00,-14.697336,-15.91579,0.73772335,54.21556,38.398056,233.0752,248.57968,34.866356,-4.2866316,30.892742,4.312956242147337e-15
2013-03-07 12:00:00,-16.831804,-18.710922,0.7966083,79.753586,61.023766,185.28583,237.76271,23.229069,1.3768414,-9.141152,4.312956242147337e-15
2013-03-08 12:00:00,-19.376877,-22.042322,0.7968766,85.60789,65.028564,155.03412,225.41205,51.239006,-5.0463467,-3.6059475,4.312956242147337e-15
2013-03-09 12:00:00,-10.136072,-13.22019,0.7838744,50.710655,38.00217,221.7724,259.1353,54.62701,-8.477856,21.494724,4.312956242147337e-15
2013-03-10 12:00:00,-12.155239,-15.762793,0.78544605,88.04936,66.34173,191.06485,249.07178,42.571114,1.6771834,7.949003,4.312956242147337e-15
2013-03-11 12:00:00,-3.1887474,-6.815563,0.76959836,82.547676,60.672394,235.3314,285.43347,96.28814,-24.993587,43.06777,-4.341316859880015e-08
2013-03-12 12:00:00,-5.53843,-8.246145,0.7127844,75.43346,51.84207,217.07727,279.02405,77.51834,-20.998003,18.164946,-1.1978074271380247e-09
2013-03-13 12:00:00,-10.252123,-11.419615,0.67649806,69.14276,45.523117,228.36111,265.94757,25.09716,-8.636778,2.4935703,4.3117365147032904e-15
2013-03-14 12:00:00,-14.069057,-16.00591,0.6890781,101.74247,69.097,177.24237,247.55911,40.489014,-11.148859,-8.331118,4.31259455907886e-15
2013-03-15 12:00:00,-3.5440407,-5.8723135,0.6935912,57.022297,39.037563,272.09622,289.93872,59.414658,-15.590055,43.966835,-2.6158582249640997e-05
2013-03-16 12:00:00,1.0134252,-1.5269156,0.69326466,74.692154,50.92066,273.48755,308.83505,75.93504,-26.846119,37.51292,0.1130136773918765
2013-03-17 12:00:00,-0.39468905,-3.1017442,0.70135826,103.990005,70.66823,249.6575,301.65903,72.36064,-32.771786,20.909107,0.02315849982668298
2013-03-18 12:00:00,-1.5556815,-4.8625364,0.70229465,111.73957,75.96407,216.8312,293.55145,97.30588,-42.06005,14.301079,4.953457948032897e-05
2013-03-19 12:00:00,-5.821051,-7.965662,0.6995858,91.98328,62.458652,226.48224,280.39343,34.30954,-10.76301,-0.8400402,-2.7578156443803486e-08
2013-03-20 12:00:00,-8.4094925,-9.79003,0.69951284,99.95119,68.043335,227.16946,272.69736,30.575567,-24.782116,-7.8265896,1.327971641113696e-15
2013-03-21 12:00:00,-10.383305,-12.609907,0.63913643,126.91793,79.16361,169.34732,260.75095,78.36192,-41.23872,-6.526104,9.666367086448286e-14
2013-03-22 12:00:00,-10.831082,-12.98694,0.6392729,130.74661,81.51372,171.87479,259.25702,51.122,-18.064096,-5.0914326,4.312702349567714e-15
2013-03-23 12:00:00,-12.069523,-14.056019,0.6382265,133.991,83.44812,171.59094,255.04582,44.91772,-16.646116,-4.640398,4.312580684556524e-15
2013-03-24 12:00:00,-6.441351,-9.473927,0.6388843,133.87802,83.47553,189.19801,273.71606,88.907684,-37.103683,17.688438,4.3128448788895055e-15
2013-03-25 12:00:00,-5.8164167,-8.117607,0.6362123,124.15377,77.71161,213.63153,279.6281,66.37025,-30.03279,16.783037,-1.8328427019376198e-09
2013-03-26 12:00:00,-8.373224,-9.700333,0.6887171,138.04208,92.89023,208.05238,273.18564,11.910763,2.4763675,-5.5942693,4.312956242147337e-15
2013-03-27 12:00:00,-10.288208,-11.745859,0.6867753,112.229935,74.860115,210.43695,264.96216,16.38025,-3.0499701,-3.825107,4.312956242147337e-15
2013-03-28 12:00:00,-13.829126,-14.912435,0.6834941,150.86688,99.33834,178.84346,252.04068,9.908333,-2.818585,-14.57893,4.312956242147337e-15
2013-03-29 12:00:00,-14.903527,-16.349829,0.67946607,159.24072,104.5091,166.51578,246.39328,20.360302,-7.3590937,-12.144673,4.312956242147337e-15
2013-03-30 12:00:00,-9.625329,-12.223139,0.6924465,133.98605,90.41529,193.94527,262.97626,42.99793,-6.3364162,11.201284,4.312956242147337e-15
2013-03-31 12:00:00,-7.0172987,-9.448172,0.69182646,149.67017,100.45632,205.50607,274.2479,35.48265,-4.7119064,11.242767,4.312956242147337e-15
2013-04-01 12:00:00,-10.865482,-12.6805525,0.6893811,159.3489,106.05563,187.7309,260.96805,24.70229,-7.5532246,-2.7948132,4.309348305308508e-15
2013-04-02 12:00:00,-7.0157185,-9.169246,0.68129903,150.42296,99.88882,223.37308,275.52283,43.097214,-25.63739,15.844215,4.3121316555731846e-15
2013-04-03 12:00:00,-5.482086,-8.176647,0.6710063,173.42769,112.827484,201.30179,279.4453,65.90709,-33.197895,15.1658745,-2.0617849338286085e-09
2013-04-04 12:00:00,-2.2694702,-5.365876,0.65452874,174.0917,109.87293,205.6575,291.46356,119.68615,-72.09453,26.004333,0.38994684494695125
2013-04-05 12:00:00,-2.1994958,-5.1452146,0.6366409,178.02066,110.195015,206.20981,292.33685,134.37543,-97.22889,18.845139,0.9149795787492115
2013-04-06 12:00:00,-3.9350262,-6.3604593,0.59382904,156.1326,90.485115,214.89902,287.23737,104.44885,-87.83003,9.927956,-9.087039769583386e-09
2013-04-07 12:00:00,-3.8147588,-6.2341175,0.5924907,180.9534,104.88529,207.76779,287.6305,63.18169,-47.752304,11.634792,0.23502832168569693
2013-04-08 12:00:00,-5.170085,-6.998564,0.5937325,187.29205,108.808685,198.49121,284.48083,43.675552,-28.652222,7.5170746,0.7629723464811855
2013-04-09 12:00:00,-10.387602,-10.352504,0.59151566,189.66653,109.94446,191.25107,270.2822,-4.0426345,-7.9098306,-11.261517,1.327971641113696e-15
2013-04-10 12:00:00,-11.714685,-12.098051,0.5972303,164.74731,95.93263,194.34912,263.4782,1.101054,-8.505046,-7.718399,1.327971641113696e-15
2013-04-11 12:00:00,-12.98592,-12.411228,0.5944112,187.76453,109.814865,189.677,262.20053,-7.2146506,-5.4605613,-7.2490797,4.309348305308508e-15
2013-04-12 12:00:00,-13.641284,-14.162648,0.5957794,209.91223,121.00583,167.0261,255.01672,9.871606,-21.675903,-10.888526,4.3121316555731846e-15
2013-04-13 12:00:00,-13.790415,-14.603121,0.5964393,212.36879,122.38589,167.02405,253.14618,18.44249,-31.097197,-8.793936,4.3117365147032904e-15
2013-04-14 12:00:00,-12.707369,-13.6833725,0.59688365,217.24442,125.63052,166.85246,256.93582,20.710377,-23.275915,-1.0350056,4.31259455907886e-15
2013-04-15 12:00:00,-12.174528,-12.56181,0.5951584,197.13019,114.728775,192.28894,261.9779,5.546733,-12.872124,5.3870583,4.312956242147337e-15
2013-04-16 12:00:00,-13.1245575,-12.245565,0.60406274,201.81676,119.46816,203.42197,263.01132,-13.123076,-9.220161,0.41600132,4.312956242147337e-15
2013-04-17 12:00:00,-12.2792,-12.421758,0.6417656,210.30502,130.2826,192.91306,262.03375,-0.5892253,-11.5493965,-1.2368889,4.312956242147337e-15
2013-04-18 12:00:00,-9.975607,-10.41099,0.6576698,201.28174,128.1489,217.45609,270.37003,2.822368,-16.223186,6.8180847,4.312956242147337e-15
2013-04-19 12:00:00,-14.752482,-12.783745,0.6642003,169.74887,109.27259,217.04826,261.12772,-19.536945,-7.7676144,-10.907732,4.312956242147337e-15
2013-04-20 12:00:00,-16.473316,-14.62307,0.6810175,212.22406,140.27795,198.80396,253.65143,-20.569075,-10.732843,-14.203285,4.312956242147337e-15
2013-04-21 12:00:00,-17.818897,-16.983725,0.685844,169.69681,112.92436,194.04465,244.34146,-15.606876,-8.585139,-17.716385,4.309348305308508e-15
2013-04-22 12:00:00,-18.151909,-16.169643,0.6967492,189.68394,129.01889,205.81612,247.52858,-21.98131,-7.425447,-10.454166,4.3121316555731846e-15
2013-04-23 12:00:00,-18.554605,-18.97388,0.70566833,254.45987,171.38635,149.96616,236.64966,0.48489046,-11.48581,-14.610905,4.3117365147032904e-15
2013-04-24 12:00:00,-14.599333,-15.929785,0.7092135,251.44814,170.90334,165.85852,248.53836,23.421,-15.048917,6.2370424,4.31259455907886e-15
2013-04-25 12:00:00,-6.799452,-8.639438,0.7381185,162.27954,117.91904,237.66632,278.1995,48.84121,-23.89746,28.77108,-1.6271933707477784e-08
2013-04-26 12:00:00,-5.1593304,-5.579128,0.8167082,110.95165,90.66731,274.5929,291.03192,9.92205,-2.1213098,11.646055,4.312956242147337e-15
2013-04-27 12:00:00,-10.184978,-10.197296,0.8337761,176.72418,142.75739,250.24786,271.59442,-5.1691713,-7.1765695,0.27449846,4.312956242147337e-15
2013-04-28 12:00:00,-6.096072,-7.7487774,0.82912505,210.81131,169.28586,233.05328,281.60974,37.799095,-22.472847,8.295242,-1.007594025170817e-10
2013-04-29 12:00:00,-6.0183706,-7.7476726,0.82855475,247.01215,195.82555,227.99603,282.1728,19.653522,-8.461044,8.20232,-3.061751174564971e-09
2013-04-30 12:00:00,-7.9707193,-9.889256,0.82827246,263.6245,207.57285,209.0943,273.11237,27.918304,-16.656445,3.2954597,-1.5506201296449096e-11
2013-05-01 12:00:00,-3.0925946,-5.8226695,0.8294818,145.4979,114.536575,253.50116,290.2426,73.43112,-54.2853,13.3656845,-1.2062287183450397e-06
2013-05-02 12:00:00,-2.1936579,-4.04135,0.8267043,59.466637,47.31347,290.28998,297.90955,81.31451,-73.73218,12.115929,-0.00014116053557158468
2013-05-03 12:00:00,-11.105028,-10.144842,0.82238746,234.73157,184.22382,248.47311,272.00055,-23.088955,-9.830591,-5.93923,4.3117365147032904e-15
2013-05-04 12:00:00,-15.037994,-15.691499,0.81186306,286.37698,221.00513,183.23712,249.80478,-0.32829082,-9.245592,-10.769684,4.31259455907886e-15
2013-05-05 12:00:00,-13.370019,-14.641212,0.8169497,262.94324,205.05222,190.22568,253.88617,24.825218,-22.517101,-3.4613533,4.312956242147337e-15
2013-05-06 12:00:00,-9.359123,-10.217919,0.8159791,238.51088,185.7786,229.54971,271.3863,16.393105,-23.383451,3.9053593,4.312956242147337e-15
2013-05-07 12:00:00,-4.6821933,-5.177902,0.8154294,204.78766,158.92523,269.52637,292.71216,15.233754,-23.532703,14.377686,-1.019555833452923e-06
2013-05-08 12:00:00,-6.164399,-5.783229,0.81771064,191.53012,149.46309,269.6028,290.63593,-7.0520773,-8.779904,5.2019386,4.312956242147337e-15
2013-05-09 12:00:00,-5.48275,-6.957073,0.8154086,214.94006,167.26898,242.15134,285.3648,21.606586,-18.779638,7.2845592,-1.986724599275775e-09
2013-05-10 12:00:00,-6.8446045,-6.5138063,0.8143425,186.19772,144.58289,265.2386,287.1837,2.8728998,-17.881561,4.6610775,4.312956242147337e-15
2013-05-11 12:00:00,-11.758779,-10.94692,0.8116691,272.96884,210.44073,225.06247,269.29816,-12.024488,-9.068541,-2.8006096,4.309348305308508e-15
2013-05-12 12:00:00,-14.89456,-16.019817,0.80746615,317.85486,242.11182,168.6409,249.1805,2.6163664,-7.8858004,-10.065989,4.3121316555731846e-15
2013-05-13 12:00:00,-12.45611,-14.301658,0.8089273,327.25317,249.01706,167.76686,256.06503,19.620655,-10.045707,-0.48710918,4.3117365147032904e-15
2013-05-14 12:00:00,-2.7879915,-4.157838,0.8263058,145.52621,115.94484,274.57227,297.91504,23.856606,-14.1430435,15.952164,-0.00012742192857748312
2013-05-15 12:00:00,-5.770783,-5.3942165,0.8354361,263.64786,207.26305,260.07666,292.32587,-10.02015,-10.171452,3.944003,-5.200902178594648e-07
2013-05-16 12:00:00,-11.957075,-12.273349,0.8241888,264.2206,206.6622,215.67589,263.78455,-6.2677164,-7.7580347,-4.5759983,4.312956242147337e-15
2013-05-17 12:00:00,-11.275623,-10.269817,0.8158817,244.5109,190.05423,250.38342,271.53564,-21.811245,-11.505558,-0.012359619,4.312956242147337e-15
2013-05-18 12:00:00,-13.198851,-13.5074415,0.8132714,278.6679,215.74643,210.5371,258.8816,-9.92136,-8.119609,-3.4639883,4.312956242147337e-15
2013-05-19 12:00:00,-9.754511,-9.660421,0.8107971,304.2447,234.4237,226.1082,275.08624,-8.301286,-7.441128,5.100528,4.312956242147337e-15
2013-05-20 12:00:00,-8.495446,-10.242971,0.808634,341.88733,260.15887,189.4601,272.28674,14.2339115,-10.397384,2.7383375,4.312956242147337e-15
2013-05-21 12:00:00,-4.987013,-6.986724,0.80122954,328.41818,247.68616,213.0097,286.25916,20.80775,-18.507973,9.782352,-5.509963525565482e-11
2013-05-22 12:00:00,-4.49133,-6.531215,0.8078418,339.1486,257.9158,212.88226,288.14822,18.626999,-17.90153,6.692297,-6.006826396821564e-07
2013-05-23 12:00:00,-3.617819,-5.1381063,0.7872511,339.7268,247.59225,214.79916,294.85144,8.309742,-5.542567,14.849451,-1.4945076917847568e-05
2013-05-24 12:00:00,-5.147337,-6.9546065,0.80505395,348.9763,264.68158,201.51202,286.8372,9.907336,-7.1286364,1.7482433,-4.306788095786796e-07
2013-05-25 12:00:00,-6.0176444,-7.5570908,0.80913734,330.57947,254.63974,213.8673,284.0072,10.496442,-13.007208,3.289053,-2.3144911822141177e-06
2013-05-26 12:00:00,-4.916013,-5.433099,0.7934551,295.27612,220.3164,242.56586,293.4568,-3.8954334,-10.36891,9.804443,-2.896924878970046e-06
2013-05-27 12:00:00,-5.2412443,-6.5975933,0.8093802,336.13733,259.019,220.24728,288.03958,4.695712,-11.148722,2.8730097,-1.583325979733711e-06
2013-05-28 12:00:00,-4.808669,-6.594451,0.79770577,353.2525,265.07523,206.74936,287.7091,18.168633,-18.23506,7.151102,-4.70135230551344e-08
2013-05-29 12:00:00,-2.852461,-4.5526114,0.78825355,348.78528,258.1408,220.82213,296.58124,15.464638,-18.701729,11.64827,-7.270420907251352e-07
2013-05-30 12:00:00,-4.270574,-5.870346,0.7868514,354.95996,261.2594,212.27052,291.60016,8.472469,-12.260646,10.582749,-2.89752904403507e-07
2013-05-31 12:00:00,-3.8201013,-5.3832216,0.7851943,358.15393,262.57416,213.4159,293.5144,9.283003,-12.846562,11.917703,0.0020204146213753313
2013-06-01 12:00:00,-2.193895,-4.0669346,0.77834946,346.98465,251.89586,223.84792,299.1806,11.28484,-14.610743,16.4302,1.5743777066735962
2013-06-02 12:00:00,-2.4507723,-4.1677976,0.7685878,357.85748,252.6398,218.49918,298.94022,11.944563,-13.532117,23.18909,2.580968613219568
2013-06-03 12:00:00,-2.3655665,-3.8066788,0.7586941,363.41135,252.93864,215.20206,300.73322,3.448762,-7.229191,21.161114,2.954016035448889
2013-06-04 12:00:00,-1.1653668,-3.0829105,0.7288004,353.32874,239.85022,223.23141,303.51123,10.615143,-13.833824,29.980019,5.3938282828354875
2013-06-05 12:00:00,1.7632664,-1.0026157,0.6863198,344.753,219.8273,246.35419,313.53122,23.276783,-13.749653,67.27579,12.039439704161241
2013-06-06 12:00:00,3.5723855,-0.45591152,0.6393161,359.97745,214.10333,237.59624,315.8871,75.437935,-33.701675,109.319534,26.615733282722065
2013-06-07 12:00:00,2.6601167,-0.31646758,0.6463939,354.2005,215.18579,243.56058,316.6928,27.883026,-3.2801087,90.4854,25.391353362613362
2013-06-08 12:00:00,3.5209472,-0.17525938,0.6126286,343.07556,199.001,246.80447,316.8482,72.08232,-37.302765,108.81038,29.87499633643528
2013-06-09 12:00:00,2.2532928,-0.56896335,0.5719534,354.33542,193.15121,246.40216,315.7315,15.154599,-4.3660975,102.643364,30.944233507740382
2013-06-10 12:00:00,2.9087825,-0.5605631,0.5588415,363.54614,189.95981,241.5261,315.38852,48.419662,-13.298178,134.8454,37.16765924011801
2013-06-11 12:00:00,4.0675726,-0.21845272,0.5392782,347.84406,180.7489,248.94518,317.40308,76.44101,-15.780277,159.29799,43.76811495278732
2013-06-12 12:00:00,4.891225,0.0,0.49135733,346.26862,157.80928,253.79695,318.80942,96.1203,-11.268795,208.29837,54.841643568398744
2013-06-13 12:00:00,3.5263042,-0.0012994342,0.4487346,322.79816,139.27112,259.57077,317.87445,78.312195,-11.911394,191.62416,53.357380617723784
2013-06-14 12:00:00,2.73808,-0.0713057,0.45126092,305.864,133.35422,279.7304,318.6029,11.2143135,-2.462048,142.38956,39.3820236881178
2013-06-15 12:00:00,2.2246397,-0.38790894,0.44368792,348.9651,147.4417,254.60835,316.6856,9.333973,1.4438093,150.2239,37.207365852481594
2013-06-16 12:00:00,1.932013,-0.8287254,0.44636023,370.06384,156.46576,237.37646,314.3457,16.360313,-3.8878195,149.10135,38.29107066554588
2013-06-17 12:00:00,2.1517255,-0.6444713,0.44793057,368.1192,157.17581,236.34207,315.06097,18.20006,-3.8834038,146.54114,37.468234499292635
2013-06-18 12:00:00,1.8218215,-0.6256575,0.44570512,367.7239,155.40784,236.06586,315.0736,14.360699,-3.3394349,144.32959,37.083943845705555
2013-06-19 12:00:00,1.9211925,-0.6457815,0.44622564,364.66815,154.13466,241.34952,314.90277,23.953062,-8.304115,152.62918,38.295733105771816
2013-06-20 12:00:00,2.45608,-0.082089104,0.4466715,328.9323,139.3852,261.96954,317.39325,44.880943,1.2782376,180.28261,47.66094599616587
2013-06-21 12:00:00,2.5412097,0.0,0.48011672,307.56732,144.84761,281.44293,318.2952,41.23005,3.5504746,170.64798,48.79344674685318
2013-06-22 12:00:00,2.7922497,-0.010067091,0.4528159,246.92163,107.83106,297.41998,318.48016,43.906982,1.7237637,163.66115,45.75028266898218
2013-06-23 12:00:00,2.6083093,-0.5304543,0.44814646,347.32294,149.15881,246.5108,315.22015,40.989258,-9.998792,160.44524,39.228945233120434
2013-06-24 12:00:00,3.750714,-0.11842325,0.45105177,328.34137,143.11534,254.51846,317.5355,64.97414,-15.543922,171.63922,45.66460787608611
2013-06-25 12:00:00,3.7934642,-0.008747525,0.44898808,336.47382,145.54924,257.94922,318.31488,63.042683,-17.522034,176.07956,47.98286832779546
2013-06-26 12:00:00,2.88811,-0.27400905,0.45225632,298.28595,130.27605,261.28595,316.8004,37.17569,-10.898113,138.77301,37.42048183258661
2013-06-27 12:00:00,2.0354083,-0.5244204,0.44597834,319.66022,135.30869,255.78397,314.92706,38.865044,-7.101697,156.97179,40.66450885818226
2013-06-28 12:00:00,0.86863,-0.058768485,0.5083744,173.2016,86.21391,303.77954,317.05383,12.140417,-9.801538,76.05228,23.948965666004234
2013-06-29 12:00:00,-0.108697146,-0.5452625,0.8014759,304.08002,234.46896,282.9824,315.3355,-4.455608,-5.67084,27.131487,8.51137043600383
2013-06-30 12:00:00,-0.11168605,-1.2528753,0.7406491,363.2644,250.27084,248.9481,312.40967,-1.9832153,-4.793026,42.755756,14.84420659009381
2013-07-01 12:00:00,-1.4623028,-3.3941126,0.7095274,370.83795,255.17056,219.68909,302.25787,12.84033,-10.910211,35.028725,14.48975773457293
2013-07-02 12:00:00,-0.79621756,-2.9658837,0.7152688,374.21304,256.49976,222.1489,303.60843,23.106997,-16.282213,43.078537,14.618672325545
2013-07-03 12:00:00,0.4251974,-2.0155673,0.7056918,371.32883,250.0079,222.50836,307.39124,47.976032,-35.827034,48.587044,15.517902238770274
2013-07-04 12:00:00,0.9710034,-0.89079344,0.668293,314.5368,199.49992,258.74216,314.28683,9.994532,-3.0809512,66.405785,17.47581479439639
2013-07-05 12:00:00,0.9422754,-1.2087461,0.61672246,339.8609,200.73688,243.68011,312.25018,12.915791,-10.455338,73.014404,18.91117144298349
2013-07-06 12:00:00,1.0771894,-1.3147537,0.5759333,343.19687,186.1656,240.1601,311.70844,19.284023,-10.5448475,94.22211,23.125738228905462
2013-07-07 12:00:00,2.2550712,-0.9977917,0.54787445,364.4018,188.75517,230.1283,312.64352,62.23577,-36.509193,118.85796,28.396271558878396
2013-07-08 12:00:00,2.5532904,-0.34974277,0.51627207,318.66412,159.43257,255.75577,316.3515,33.502735,-11.918331,120.220215,34.12184316402635
2013-07-09 12:00:00,2.047901,-0.5759865,0.5178289,218.76749,109.772675,278.63113,315.2077,27.412947,7.395319,107.22651,29.034062133839164
2013-07-10 12:00:00,1.3791306,-0.6321042,0.52001977,162.81015,83.32705,298.07764,315.15353,5.755905,2.7085075,70.87161,19.565876675239743
2013-07-11 12:00:00,2.2927384,-0.0015578697,0.54470533,326.29944,166.93698,275.80804,318.33023,15.413471,0.10148202,132.35522,31.374898726177864
2013-07-12 12:00:00,3.526381,-0.32311746,0.5552777,240.52545,128.53107,270.63336,316.69885,86.76454,-1.6053984,151.08804,38.43736674846055
2013-07-13 12:00:00,2.6744678,-0.020729594,0.45201585,282.20157,123.19561,280.35083,318.15765,37.507935,2.8110292,161.5181,45.957760573900245
2013-07-14 12:00:00,2.106802,-0.6540508,0.4481989,333.51483,141.85855,246.52628,315.25076,10.254838,-0.66160154,132.52502,34.17134477057377
2013-07-15 12:00:00,2.324745,-0.42427722,0.4472938,333.80786,141.5686,249.40762,315.9262,27.589,-0.0643692,153.2453,40.14339538829013
2013-07-16 12:00:00,2.532106,-0.5379233,0.44769984,321.7173,136.57346,253.06262,316.09912,11.199837,1.2386785,134.54584,35.13473899343016
2013-07-17 12:00:00,2.162885,-0.5906845,0.45068517,314.77042,136.14401,252.15387,315.42896,15.018441,0.56473637,130.93451,33.85719116946878
2013-07-18 12:00:00,3.1480985,-0.004257732,0.4516678,244.36485,106.70943,289.43463,318.64856,48.97422,16.715462,174.13116,46.11998695185834
2013-07-19 12:00:00,2.7263749,-0.0072639254,0.45166543,305.90265,133.50305,273.7801,318.24515,25.528572,2.159588,155.6227,42.017571757243246
2013-07-20 12:00:00,3.304092,-0.31640318,0.44846314,317.84274,136.21141,250.58362,316.2385,65.22973,-13.738211,167.46797,43.2100611407886
2013-07-21 12:00:00,3.4008236,-0.16282685,0.44843888,320.90955,136.39569,250.97614,317.07193,57.456757,-10.0992775,165.77554,45.35007096517728
2013-07-22 12:00:00,3.925581,-0.066229075,0.44790787,323.31628,137.14612,247.62733,317.49112,79.243454,-17.198784,178.35104,48.29487443793442
2013-07-23 12:00:00,3.3385344,-0.21243435,0.4510358,312.27344,134.11493,256.2143,317.03104,48.483883,-2.5326107,163.29305,43.460348180738634
2013-07-24 12:00:00,3.9809322,-0.014711486,0.4524778,274.5111,119.57013,270.0765,318.29303,66.986084,8.82535,182.53589,48.909056165599885
2013-07-25 12:00:00,4.2826777,-0.0011060503,0.45285928,137.04521,59.763603,311.9058,319.01538,92.18077,27.845917,190.1987,52.804695719789045
2013-07-26 12:00:00,3.6617746,0.0,0.45010492,210.39825,91.093475,313.73914,319.43536,72.00662,36.59448,222.20966,63.388409179511655
2013-07-27 12:00:00,2.313866,-0.025970776,0.4834785,238.62704,112.874016,294.3803,318.63373,6.3533115,2.996096,110.849014,31.259710062734644
2013-07-28 12:00:00,2.1480172,-0.6318072,0.50695574,273.1084,136.86737,270.77344,315.463,16.536911,2.2186413,110.30701,27.834869771192366
2013-07-29 12:00:00,2.3059828,-0.27059057,0.51879466,230.55623,115.61627,292.54926,317.13962,17.355595,3.2220066,110.92719,30.211123762949708
2013-07-30 12:00:00,3.7995837,-0.07595931,0.49323362,274.0758,126.81575,280.32385,318.3955,61.146362,11.585031,181.9198,47.18608066541215
2013-07-31 12:00:00,5.1259937,0.0,0.4513759,185.62262,81.055176,305.3363,319.9691,130.07896,23.580227,243.59386,66.72542844096488
2013-08-01 12:00:00,4.3383017,0.0,0.45142072,212.28105,92.66117,307.56897,319.6522,87.59158,24.860287,219.98853,64.50320963463685
2013-08-02 12:00:00,2.6276138,-0.23592314,0.44872564,289.8546,123.34366,261.3332,316.89606,27.718987,1.6171025,140.28418,37.83491781404274
2013-08-03 12:00:00,2.7140632,-0.29062015,0.4493001,288.89688,123.02759,257.63403,316.53885,29.829407,3.5376415,140.33153,36.36734714620262
2013-08-04 12:00:00,3.127151,-0.08776453,0.45119935,278.911,119.83204,260.58057,317.60468,38.482254,8.059862,148.59698,39.935498336116446
2013-08-05 12:00:00,3.2810078,-0.24564573,0.44715172,277.16174,118.18947,263.1275,317.2149,23.300499,4.185733,132.3711,33.94569400165465
2013-08-06 12:00:00,2.0021682,-0.112266116,0.44669765,274.84772,117.07616,266.91284,317.4162,10.464605,2.477398,120.210205,33.18515583775057
2013-08-07 12:00:00,1.6375417,-1.1302513,0.45006594,283.93436,121.10463,229.80345,311.8864,26.451645,-8.864672,98.33374,24.71384766609365
2013-08-08 12:00:00,2.3556323,-0.79458934,0.44969922,273.7741,116.73787,237.37683,313.10468,68.82953,-24.250237,125.88769,31.799167248378257
2013-08-09 12:00:00,3.084464,-0.0076231426,0.451105,216.86826,94.622604,286.65533,317.80133,61.86161,-13.600595,139.36067,38.12598514821565
2013-08-10 12:00:00,2.8219936,-0.04784245,0.44778872,264.11023,112.67417,255.44907,317.1631,39.7539,5.85788,135.33383,37.531053684019746
2013-08-11 12:00:00,2.3850696,-0.6447725,0.45076472,269.46942,115.12496,240.06506,314.01752,47.55941,-5.410727,122.54068,31.906791287630995
2013-08-12 12:00:00,3.3647714,-0.20895545,0.45125908,263.30438,112.70895,242.42506,316.40515,60.269592,4.428331,141.31326,35.89886282003198
2013-08-13 12:00:00,3.1247492,-0.028018529,0.45226532,252.7142,109.76889,252.21758,317.48196,41.71486,16.703327,136.0991,38.585718559922924
2013-08-14 12:00:00,1.894654,-0.5216688,0.45541203,191.56686,82.90437,273.01727,315.18546,15.946893,7.6677494,90.10895,24.969295169601445
2013-08-15 12:00:00,-0.09491658,-1.3040712,0.4982355,229.09888,109.86182,250.02731,311.1963,2.9622614,-3.2910013,57.739346,17.044164688017304
2013-08-16 12:00:00,1.11811,-0.74728525,0.48867875,88.64926,42.52575,298.30573,313.47452,27.974003,-5.5269775,53.401745,7.9191052788764615
2013-08-17 12:00:00,-0.7948619,-0.5456822,0.80643487,140.02167,108.13609,304.054,313.96265,-5.910614,-5.407836,10.6584635,10.98226550798459
2013-08-18 12:00:00,-1.6192228,-1.7899686,0.84012043,207.16557,161.63234,278.6967,308.48907,-4.4082203,-6.1985064,5.134118,1.9390944350464814
2013-08-19 12:00:00,-6.6075993,-7.6160636,0.8665358,254.16327,207.49835,221.30109,282.90082,6.019641,-9.956715,-18.871887,0.48533853246601194
2013-08-20 12:00:00,-7.2990694,-9.6868725,0.86631167,254.12546,206.94693,195.05424,274.03174,29.557549,-12.576143,-14.81756,0.0
2013-08-21 12:00:00,-4.617565,-7.578722,0.86378956,246.9819,200.7572,203.24005,282.88272,49.69078,-18.952393,-2.6795807,9.253295495381681e-07
2013-08-22 12:00:00,-3.4624305,-6.4099007,0.85672235,243.21234,196.47002,212.48557,287.85037,55.619934,-27.161715,-0.16426277,-4.697469867248795e-07
2013-08-23 12:00:00,-3.1160614,-5.881982,0.8347261,237.36433,187.02386,217.70636,290.28653,45.198814,-21.634617,1.3244972,-7.655838587960194e-08
2013-08-24 12:00:00,-0.97924143,-3.7303925,0.8193093,226.5216,174.34857,230.42453,299.49988,50.053673,-21.687174,11.464186,0.1303904886586951
2013-08-25 12:00:00,0.22489634,-1.2754405,0.75913954,111.836136,78.72104,278.30487,310.78735,31.667276,-0.2164779,32.083412,2.3335201783997945
2013-08-26 12:00:00,-1.2864254,-2.1710823,0.72199553,209.01141,144.47722,252.56616,306.02954,10.81183,-8.786339,13.096306,6.123146928282509
2013-08-27 12:00:00,-1.427002,-2.760293,0.69528246,147.21179,97.74892,259.6218,303.8703,26.538012,-11.967138,19.785244,5.380675976337984
2013-08-28 12:00:00,-3.2864196,-3.9159455,0.7699319,134.87651,104.967834,271.3186,298.15393,12.1963825,-19.721529,-4.4517975,0.8197620587383154
2013-08-29 12:00:00,-5.0376215,-6.0870585,0.83485216,125.1353,99.04913,253.31845,289.06564,7.5649843,-3.978778,-6.0748196,0.0014288628713608554
2013-08-30 12:00:00,-1.7544166,-3.4494846,0.83866036,173.02795,137.90228,261.66153,300.44064,38.213863,-27.333895,7.2265263,-0.0018777436189012016
2013-08-31 12:00:00,-0.20022574,-2.0319903,0.79004276,206.83788,155.94882,237.70343,306.6178,52.05889,-25.554897,8.47868,0.2605492808816659
2013-09-01 12:00:00,-2.3886137,-3.3427,0.7620914,94.59012,70.65347,280.08936,300.98273,25.62656,-21.642998,7.0268364,0.09641149992858819
2013-09-02 12:00:00,-1.3120933,-1.3367755,0.8397553,92.85387,74.212135,298.79514,309.9289,-1.5285013,-1.2281816,4.7512894,-0.024951048574200316
2013-09-03 12:00:00,-4.186268,-5.9138064,0.8594688,175.6958,142.1668,228.45425,289.26666,42.87183,-19.416368,-3.82794,0.0001545157666117767
2013-09-04 12:00:00,1.059754,-1.8655941,0.8174832,182.60402,140.22281,248.83275,307.7071,81.84381,-46.270836,19.079842,1.4475484314155103
2013-09-05 12:00:00,4.175073,-0.08861998,0.67985576,63.28731,39.472744,316.83978,319.46405,84.326096,6.6650763,112.18147,21.68869862021039
2013-09-06 12:00:00,2.8634233,-0.0071707834,0.5822407,121.662674,69.43081,288.26724,317.39758,60.68132,-1.0572435,82.7256,29.935721137475092
2013-09-07 12:00:00,0.73666584,-0.53948957,0.59102905,138.78174,80.62935,269.5907,313.63184,32.691357,-17.99731,28.805298,11.566799479981542
2013-09-08 12:00:00,-0.031865,-1.4080845,0.5904775,118.57704,69.7489,273.78436,309.71317,14.847082,-6.942655,20.803764,5.928656392662519
2013-09-09 12:00:00,-0.5332794,-2.0747068,0.664762,154.50195,104.250114,254.69318,306.37085,23.530632,-14.166344,7.9384537,3.853038828563085
2013-09-10 12:00:00,2.138527,-0.26481354,0.59641963,46.94397,27.561785,299.65564,315.5205,74.77603,-30.272038,48.021313,11.816129345028141
2013-09-11 12:00:00,-2.01636,-2.5317156,0.710956,62.283478,48.152023,280.2146,304.11407,14.299471,-12.228214,-7.696764,1.5192718344295824
2013-09-12 12:00:00,-3.2903924,-3.3813217,0.85535157,104.0547,86.739944,287.1745,300.74005,-2.730678,-2.7318697,-1.7133412,0.00035536898860134304
2013-09-13 12:00:00,-4.9876137,-6.0523586,0.85648775,128.08093,105.95102,251.66046,288.88632,12.499779,-3.03122,-5.6273885,0.0
2013-09-14 12:00:00,-4.8098936,-4.97731,0.8487455,95.004715,77.72923,280.00067,293.8205,-2.5674438,-1.9939417,-1.1057276,0.0
2013-09-15 12:00:00,-4.920948,-6.441211,0.85582626,120.9604,100.68789,250.73727,287.04498,25.69354,-14.806025,-5.1476784,-9.630717578502925e-08
2013-09-16 12:00:00,-0.24714957,-2.6704175,0.80143,96.5307,73.04237,272.84335,304.3653,48.73733,-12.363843,28.339874,0.34304624135888445
2013-09-17 12:00:00,0.62125164,-1.0278465,0.7641643,128.46082,94.73146,260.7016,310.87683,40.54095,-24.911804,-0.8167305,0.5175599623915923
2013-09-18 12:00:00,-2.1166441,-4.8277645,0.79098475,135.94116,102.293,223.26659,293.68408,68.809525,-36.84178,-4.80159,0.0012293498599887378
2013-09-19 12:00:00,-1.9508705,-4.875183,0.7883832,132.64252,99.84006,226.96649,293.7183,88.905,-57.52889,-2.5732307,-2.3053598595745697e-06
2013-09-20 12:00:00,-5.9167147,-8.457535,0.79081815,133.06738,100.33386,209.33226,278.67487,37.046158,-12.279036,-11.841963,-3.7767519915697756e-09
2013-09-21 12:00:00,-8.603606,-10.892458,0.79476404,131.52493,99.102646,200.42538,268.55255,28.236898,-5.7504053,-13.218387,1.2849087175869887e-11
2013-09-22 12:00:00,-4.427038,-7.109,0.7912128,111.7634,84.22545,226.41364,284.33932,64.2482,-29.8321,4.0283585,-4.088585002690662e-07
2013-09-23 12:00:00,0.7753284,-1.3330379,0.7720758,44.00827,32.914833,301.753,310.34476,40.03588,-23.485367,19.052185,-1.907623816513629
2013-09-24 12:00:00,0.7495203,-0.19613647,0.7351883,78.3145,56.541893,299.93762,315.2962,16.144775,-11.578939,10.97986,1.4862369705599456
2013-09-25 12:00:00,-1.0451949,-1.2070396,0.84896135,54.82406,45.27993,305.10516,310.445,1.511841,-0.8262732,4.8898525,0.3005457042581673
2013-09-26 12:00:00,-6.327592,-7.862855,0.8687054,112.77003,93.32181,229.78587,281.2902,14.075882,1.4672121,-16.513004,0.0005199994894839035
2013-09-27 12:00:00,-6.88907,-9.117403,0.86639154,94.17041,77.55559,221.36142,275.6811,33.676674,-5.2871675,-9.315343,1.327971641113696e-15
2013-09-28 12:00:00,-11.092529,-13.39139,0.86849886,110.58669,91.04831,190.7515,258.3277,25.026878,0.44566482,-22.565275,1.327971641113696e-15
2013-09-29 12:00:00,-10.284294,-12.936079,0.86664355,109.12822,89.65484,183.78012,259.88086,55.58191,-9.8969965,-10.942445,1.327971641113696e-15
2013-09-30 12:00:00,-1.9013462,-3.3286152,0.8116879,21.764599,16.06953,280.9638,301.1452,36.841427,-3.2008324,19.154266,-5.097914791666305
2013-10-01 12:00:00,-0.6889627,-0.9284245,0.8300719,41.957542,33.453262,306.95352,311.50958,6.436102,-7.494549,2.8897724,0.38331319665522556
2013-10-02 12:00:00,-3.5828648,-4.3971224,0.8481308,68.661,56.10275,273.6633,296.4513,5.1842346,0.9349768,-4.110529,0.0008909444360211943
2013-10-03 12:00:00,-7.3871937,-9.915876,0.8561788,90.412506,73.72063,208.23505,272.22134,40.254913,-3.5393045,-10.57881,1.3275960835228832e-15
2013-10-04 12:00:00,-10.348953,-12.211065,0.8520118,88.44876,72.11856,210.14832,263.08264,20.638748,1.7562675,-14.20911,1.3278602778558648e-15
2013-10-05 12:00:00,-13.436182,-15.278376,0.8499887,74.914024,60.74948,198.17073,250.91129,20.32752,1.5921936,-16.656298,1.327971641113696e-15
2013-10-06 12:00:00,-17.1684,-18.820786,0.8523421,83.452286,67.84049,177.73233,237.29706,21.816425,0.016173571,-22.120335,1.327971641113696e-15
2013-10-07 12:00:00,-17.57709,-19.376814,0.85204077,80.7354,65.56705,173.08862,235.07668,32.00253,-3.38972,-18.206894,1.327971641113696e-15
2013-10-08 12:00:00,-10.344309,-12.520554,0.8465539,45.2125,36.507923,219.27516,262.4557,62.115894,-21.026936,6.6130104,-0.0012844709589161889
2013-10-09 12:00:00,0.41248512,-0.48249647,0.79515207,8.777415,6.2445583,306.82352,313.6754,30.117165,-4.6483555,21.149767,-0.4106163595008073
2013-10-10 12:00:00,-4.7672205,-6.7829027,0.811437,58.412758,45.12979,236.44518,285.52972,33.547615,-1.2181808,-3.472148,-0.00013805648645584062
2013-10-11 12:00:00,-10.99539,-12.345921,0.8097393,60.26272,46.563477,216.39421,262.42108,16.019394,2.994883,-13.313353,4.309348305308508e-15
2013-10-12 12:00:00,-7.5378523,-9.624718,0.81208575,59.347267,46.197567,237.23456,273.74615,28.603947,-3.637941,1.6041093,4.3121316555731846e-15
2013-10-13 12:00:00,-7.457287,-10.364723,0.81738514,64.839935,50.51497,200.33983,270.15387,75.30593,-25.812374,-5.9955177,4.3117365147032904e-15
2013-10-14 12:00:00,-3.4519882,-7.051952,0.8157487,56.003235,43.459023,213.35123,284.23782,97.97592,-28.77935,10.854187,-5.990572161748603e-08
2013-10-15 12:00:00,-0.21027002,-3.6477973,0.81798077,52.202393,40.735794,230.8076,298.78137,91.36675,-23.496681,11.3629,-1.0423647982973814e-06
2013-10-16 12:00:00,-1.556707,-4.4752436,0.8163852,52.114662,40.669724,234.10765,295.20767,62.901787,-7.6592765,5.5874276,-8.07608172582604e-06
2013-10-17 12:00:00,-1.8754268,-3.9233825,0.81597835,37.074318,28.882961,257.70602,297.8156,38.01378,1.6974077,7.7929544,-2.016222305581252e-05
2013-10-18 12:00:00,-4.518444,-5.849799,0.849236,43.69226,36.08461,259.26593,289.739,15.789985,3.625421,-3.450027,-3.1329358408792406e-06
2013-10-19 12:00:00,-7.843686,-10.343165,0.866133,48.16342,39.87039,212.87524,270.32495,42.466118,-2.2281585,-8.918718,4.312956242147337e-15
2013-10-20 12:00:00,-10.700371,-13.038706,0.8647419,46.746162,38.64151,207.88118,259.5118,33.61956,-3.1591086,-13.065527,4.312956242147337e-15
2013-10-21 12:00:00,-9.385594,-12.282991,0.8605896,43.269234,35.66941,206.65991,262.4121,46.533447,-5.6703115,-7.2892385,4.309348305308508e-15
2013-10-22 12:00:00,-14.972067,-16.984104,0.861591,42.81873,35.26183,190.60931,243.96535,26.401628,-0.21987775,-19.617382,4.3121316555731846e-15
2013-10-23 12:00:00,-16.426794,-18.785837,0.8626586,42.075302,34.62026,169.6449,236.90167,43.40382,0.6000066,-15.797905,4.3117365147032904e-15
2013-10-24 12:00:00,-11.611031,-14.539671,0.86150706,38.860283,31.94292,178.91324,253.0315,59.13832,3.6017516,-4.460825,4.31259455907886e-15
2013-10-25 12:00:00,-7.357639,-9.784685,0.8541334,23.679688,19.235373,232.40393,272.82498,38.74298,5.0026627,7.7689056,4.312956242147337e-15
2013-10-26 12:00:00,-4.093074,-4.8153143,0.8476903,19.195454,15.5422,289.2467,294.0788,12.014881,1.5912361,12.4272785,4.312956242147337e-15
2013-10-27 12:00:00,-7.404957,-8.408346,0.83690035,23.25941,18.578934,257.23514,279.21634,9.849106,1.9154487,-5.5361695,-7.180600396057518e-11
2013-10-28 12:00:00,-12.49794,-14.995664,0.8320659,28.018116,22.332676,198.23602,251.6658,34.349,1.5928177,-11.802523,4.312956242147337e-15
2013-10-29 12:00:00,-12.054159,-15.239319,0.8327707,26.524921,21.127844,184.94507,250.6148,60.403664,-7.395138,-7.2641335,4.312956242147337e-15
2013-10-30 12:00:00,-8.112247,-11.459032,0.8305253,22.034145,17.511183,203.52098,265.59497,72.64174,-16.242867,-1.152153,4.312956242147337e-15
2013-10-31 12:00:00,-8.217892,-9.743324,0.830249,15.022373,11.945091,244.971,272.9461,34.404358,-5.8938966,3.6126304,4.312956242147337e-15
2013-11-01 12:00:00,-9.372622,-10.939758,0.8231487,17.509602,13.806459,240.11823,268.08163,24.954302,-5.256443,-4.5624084,4.309348305308508e-15
2013-11-02 12:00:00,-12.316807,-14.6363125,0.8252477,23.231617,18.50478,198.59555,253.03381,48.99768,-10.189767,-10.903512,4.3121316555731846e-15
2013-11-03 12:00:00,-15.197601,-16.692389,0.8217728,12.945518,10.1926365,221.04913,245.31955,12.359049,-1.1288526,-10.28734,4.3117365147032904e-15
2013-11-04 12:00:00,-17.76096,-19.060982,0.8211756,17.333975,13.632336,205.11069,236.62021,8.919609,0.2606347,-18.627638,4.31259455907886e-15
2013-11-05 12:00:00,-20.561176,-22.513422,0.8206859,12.0050535,9.449139,191.13553,223.8147,13.556482,-0.22601986,-16.79279,4.312956242147337e-15
2013-11-06 12:00:00,-22.555954,-24.423523,0.8207793,13.645158,10.699974,172.56372,216.8801,19.909477,0.48601532,-20.9757,4.312956242147337e-15
2013-11-07 12:00:00,-25.063572,-26.96267,0.8261906,17.144451,13.593779,145.88324,207.93,36.64711,-2.0531025,-23.902071,4.312956242147337e-15
2013-11-08 12:00:00,-18.752594,-22.034092,0.82197875,12.936401,10.150772,166.22589,225.3239,51.457397,-0.611411,-5.4663916,4.312956242147337e-15
2013-11-09 12:00:00,-14.697117,-17.65252,0.81815886,11.421215,8.954338,199.6789,241.5826,35.49919,-1.6384127,-5.576046,4.312956242147337e-15
2013-11-10 12:00:00,-21.967329,-24.810303,0.8259681,13.559465,10.750044,153.64622,215.40102,38.46792,-0.66840893,-21.14586,4.312956242147337e-15
2013-11-11 12:00:00,-22.485706,-24.746595,0.8221419,11.049791,8.684456,159.14906,215.69641,46.294575,-3.0697575,-10.957197,4.309348305308508e-15
2013-11-12 12:00:00,-15.06335,-16.43009,0.8170606,7.674983,6.009141,215.08864,246.20981,33.25727,-2.635806,1.1661367,4.3121316555731846e-15
2013-11-13 12:00:00,-14.012382,-15.808649,0.8172004,7.003253,5.4763393,208.96439,248.57132,51.656532,-12.03665,1.5398617,4.3117365147032904e-15
2013-11-14 12:00:00,-10.620086,-13.189238,0.81706023,9.064394,7.1175385,211.76003,258.78943,78.45242,-28.478254,4.8916187,4.31259455907886e-15
2013-11-15 12:00:00,-12.368093,-13.502958,0.813409,6.5815043,5.135023,239.27917,257.7083,17.378199,0.99994093,1.395483,4.312956242147337e-15
2013-11-16 12:00:00,-11.703871,-12.529459,0.8118473,4.8767214,3.8116395,247.2077,261.54303,13.386244,2.071782,2.1877804,4.312956242147337e-15
2013-11-17 12:00:00,-9.858549,-10.898694,0.8108487,4.1079655,3.2102537,251.59633,268.16324,23.700794,-2.601255,5.4303412,4.312956242147337e-15
2013-11-18 12:00:00,-7.120284,-7.9517584,0.8124379,2.9260964,2.3012197,272.53452,280.67133,12.92654,-0.7014865,4.7131205,4.312956242147337e-15
2013-11-19 12:00:00,-5.84603,-6.9703884,0.814489,1.7294993,1.369246,271.95642,285.2613,27.037376,-2.3355927,11.757166,-0.005217004247559441
2013-11-20 12:00:00,-4.8350267,-5.417329,0.8244841,2.6364145,2.106182,274.3966,291.45825,24.009443,-3.9411364,3.536893,-0.0033937662158267596
2013-11-21 12:00:00,-16.04789,-17.702808,0.821574,3.301931,2.6283705,203.58572,241.40013,27.773544,-2.733008,-12.100309,4.309348305308508e-15
2013-11-22 12:00:00,-10.537046,-11.630657,0.81827956,2.5320706,2.0107603,243.31183,265.13605,28.276993,-4.5287895,2.4452953,4.3121316555731846e-15
2013-11-23 12:00:00,-11.80394,-14.23246,0.8193191,2.5409002,2.021135,222.67502,254.73871,28.419085,0.22437155,-2.9004683,4.3117365147032904e-15
2013-11-24 12:00:00,-2.5873117,-5.6140747,0.81766087,2.3287954,1.8477738,243.83875,290.1054,103.546814,-46.54264,11.218533,-5.304656345368097e-07
2013-11-25 12:00:00,-2.9317243,-5.120389,0.82211506,1.3480155,1.0731605,259.05133,292.4181,80.46968,-39.96383,7.413948,-2.8079735594479e-06
2013-11-26 12:00:00,-10.617517,-12.792358,0.8267174,1.741854,1.3925419,213.26447,260.2929,43.773106,-4.3150992,-7.221124,4.312956242147337e-15
2013-11-27 12:00:00,-12.911781,-13.994411,0.8197153,1.2809021,1.0193447,238.11002,255.78827,9.217609,2.1455386,-6.053549,4.312956242147337e-15
2013-11-28 12:00:00,-17.174252,-19.377384,0.8206122,1.3942649,1.1204205,181.344,234.81337,45.073067,-3.73414,-11.856604,4.312956242147337e-15
2013-11-29 12:00:00,-5.3007555,-6.721204,0.82193184,0.5330119,0.42767468,268.2381,285.8927,39.782234,-8.412626,13.820343,-0.0023998298127486297
2013-11-30 12:00:00,-11.179153,-12.225111,0.8154755,0.76647145,0.60995984,236.38507,262.89584,23.986015,-4.5890245,-6.9572706,4.312956242147337e-15
2013-12-01 12:00:00,-16.444036,-18.331604,0.8129089,0.6048579,0.4810934,195.75021,238.76968,33.476967,-1.0429982,-10.461738,4.309348305308508e-15
2013-12-02 12:00:00,-20.298206,-22.663866,0.81287473,0.5015021,0.39880943,160.33572,222.76765,46.991547,0.27830848,-15.059383,4.3121316555731846e-15
2013-12-03 12:00:00,-21.867004,-23.794678,0.8134481,0.34575844,0.27486306,171.68353,218.90108,37.929825,-0.71438324,-9.931207,4.3117365147032904e-15
2013-12-04 12:00:00,-19.936562,-20.942013,0.8125756,0.20643497,0.16445953,209.2065,229.3541,12.945253,0.3229144,-6.8374553,4.31259455907886e-15
2013-12-05 12:00:00,-21.15995,-23.284962,0.81822824,0.20951417,0.16859922,155.43697,220.48196,61.27661,-8.551016,-12.278486,4.312956242147337e-15
2013-12-06 12:00:00,-18.01633,-21.177063,0.8186667,0.03147036,0.02529513,145.702,227.8014,86.834946,-10.200177,-5.4584703,4.312956242147337e-15
2013-12-07 12:00:00,-13.043873,-15.986356,0.812239,0.05588668,0.044319883,189.36444,247.5217,77.645325,-16.701742,2.7978916,4.312956242147337e-15
2013-12-08 12:00:00,-12.879465,-15.59616,0.81226075,0.01648689,0.013094263,202.16351,249.12143,54.69387,-11.124973,-3.3856277,4.312956242147337e-15
2013-12-09 12:00:00,-18.351202,-19.57016,0.8120266,0.0,0.0,216.01572,234.3852,10.706401,0.3489933,-7.314082,4.312956242147337e-15
2013-12-10 12:00:00,-23.909756,-25.156693,0.81160665,0.0,0.0,180.94818,214.58928,16.388605,-0.159797,-17.41229,4.312956242147337e-15
2013-12-11 12:00:00,-21.504316,-24.824419,0.81624496,0.0,0.0,157.16635,215.40273,53.369164,-0.97340167,-5.840612,4.309348305308508e-15
2013-12-12 12:00:00,-9.819254,-12.963846,0.81576514,0.0,0.0,190.81409,259.38483,136.44398,-57.97591,9.897335,4.3121316555731846e-15
2013-12-13 12:00:00,-5.506184,-8.580948,0.8118856,0.0,0.0,208.28432,277.27313,178.94493,-102.52115,7.434967,4.3117365147032904e-15
2013-12-14 12:00:00,-11.79583,-14.706701,0.81231964,0.0,0.0,192.11893,252.67636,72.70848,-17.147535,-4.9964886,4.31259455907886e-15
2013-12-15 12:00:00,-15.782928,-16.468794,0.811481,0.0,0.0,230.99734,246.05505,10.422337,1.1191337,-3.5162385,4.312956242147337e-15
2013-12-16 12:00:00,-17.052692,-17.531273,0.81086445,0.0,0.0,231.31882,242.07034,5.335575,0.22610186,-5.189849,4.312956242147337e-15
2013-12-17 12:00:00,-18.264711,-18.628302,0.81034136,0.0,0.0,231.13719,237.96936,2.059639,0.17030334,-4.6022263,4.312956242147337e-15
2013-12-18 12:00:00,-19.87004,-20.3087,0.8100007,0.0,0.0,217.31128,231.72827,6.1166315,-0.2284418,-8.528803,4.312956242147337e-15
2013-12-19 12:00:00,-24.966034,-26.363548,0.81045985,0.0,0.0,168.99991,210.10617,27.271881,-1.6609257,-15.495307,4.312956242147337e-15
2013-12-20 12:00:00,-27.98613,-29.017525,0.8100757,0.0,0.0,171.62206,201.36406,17.918926,-1.3317852,-13.154863,4.312956242147337e-15
2013-12-21 12:00:00,-26.427458,-28.411285,0.811443,0.0,0.0,155.52304,203.11403,37.70701,-1.4161886,-11.300168,4.309348305308508e-15
2013-12-22 12:00:00,-23.080362,-24.57417,0.8099487,0.0,0.0,194.44345,216.39673,15.056172,-0.6467854,-7.5438905,4.3121316555731846e-15
2013-12-23 12:00:00,-17.075335,-20.48787,0.8099477,0.0,0.0,201.89546,231.31403,33.998222,-1.768194,2.8114645,4.3117365147032904e-15
2013-12-24 12:00:00,-13.765747,-16.808784,0.8102094,0.0,0.0,180.43007,244.2503,70.29251,-7.6847696,-1.2124949,4.31259455907886e-15
2013-12-25 12:00:00,-18.002117,-20.763058,0.8131635,0.0,0.0,174.49594,229.59268,49.57522,0.02895683,-5.4925656,4.312956242147337e-15
2013-12-26 12:00:00,-14.33708,-15.565382,0.8099362,0.0,0.0,226.04698,249.42752,31.924427,-5.7065444,2.8373437,4.312956242147337e-15
2013-12-27 12:00:00,-21.332382,-23.495493,0.81178427,0.0,0.0,163.78134,219.92752,43.405834,-0.46677256,-13.207117,4.312956242147337e-15
2013-12-28 12:00:00,-17.791656,-20.921898,0.81188834,0.0,0.0,156.68082,228.9076,80.011284,-8.348883,-0.5643749,4.312956242147337e-15
2013-12-29 12:00:00,-13.94957,-16.96688,0.81198025,0.0,0.0,169.1849,243.5733,95.3578,-21.88919,-0.91978455,4.312956242147337e-15
2013-12-30 12:00:00,-15.899243,-19.059372,0.8103819,0.0,0.0,158.0682,235.64078,87.55226,-11.873272,-1.8935814,4.312956242147337e-15
2013-12-31 12:00:00,-11.290298,-14.1392765,0.8099221,0.0,0.0,201.45404,254.7216,72.02554,-15.612059,3.1459217,4.312956242147337e-15
2014-01-01 12:00:00,-7.4732533,-10.799858,0.8099203,0.0,0.0,199.47234,267.9787,119.209206,-42.985176,7.7176666,4.309348305308508e-15
2014-01-02 12:00:00,-11.805492,-14.957033,0.81329596,0.0,0.0,177.55032,251.38818,89.08386,-19.455126,-4.2091236,4.3121316555731846e-15
2014-01-03 12:00:00,-18.62368,-21.679544,0.8140329,0.0,0.0,163.07417,226.2634,54.25967,-2.888044,-11.817598,4.3117365147032904e-15
2014-01-04 12:00:00,-23.092323,-25.814655,0.81008,0.0,0.0,161.90102,211.8092,36.05623,0.44977772,-13.402182,4.31259455907886e-15
2014-01-05 12:00:00,-22.187477,-25.481827,0.8099872,0.0,0.0,161.45306,212.90465,41.220993,0.97356534,-9.257026,4.312956242147337e-15
2014-01-06 12:00:00,-21.625736,-24.208355,0.81089264,0.09510932,0.075650916,180.76201,217.49478,26.487228,1.5421007,-8.683985,4.312956242147337e-15
2014-01-07 12:00:00,-18.004318,-20.926048,0.81506014,0.16804737,0.13364814,162.62201,229.414,89.58934,-19.098818,3.7329311,4.312956242147337e-15
2014-01-08 12:00:00,-5.682165,-8.04084,0.81006444,0.03251615,0.025617503,265.96545,279.96066,151.39737,-122.00951,15.399551,4.312956242147337e-15
2014-01-09 12:00:00,-10.778589,-12.838421,0.8115247,0.19656424,0.15463318,226.94218,260.34537,64.60237,-32.899147,-1.6580276,4.312956242147337e-15
2014-01-10 12:00:00,-18.847988,-21.535166,0.8186345,0.37245756,0.29607168,152.92795,226.69467,68.14075,-6.076767,-11.626358,4.312956242147337e-15
2014-01-11 12:00:00,-19.837727,-21.569258,0.811641,0.43649486,0.34316283,189.49557,226.96466,33.402054,-3.641668,-7.61537,4.309348305308508e-15
2014-01-12 12:00:00,-20.417686,-23.630314,0.81559324,0.63454264,0.50470805,144.78264,219.17625,70.85438,-4.8774385,-8.2868395,4.3121316555731846e-15
2014-01-13 12:00:00,-11.34906,-14.440304,0.81189203,0.52759266,0.4145345,213.22195,254.2518,66.907265,-15.168553,10.821925,4.3117365147032904e-15
2014-01-14 12:00:00,-7.3582335,-10.440187,0.81150126,0.93212456,0.7312704,202.29916,269.56158,111.41185,-36.785103,7.565178,4.31259455907886e-15
2014-01-15 12:00:00,-7.454291,-9.547716,0.81127745,1.1106946,0.8705144,238.3135,273.5494,62.04146,-19.517982,7.5277557,4.312956242147337e-15
2014-01-16 12:00:00,-7.2158537,-8.850959,0.81120694,1.2359102,0.9674884,247.63898,276.50293,46.002678,-10.970477,6.4366693,4.312956242147337e-15
2014-01-17 12:00:00,-12.633993,-13.966898,0.81120425,1.4054093,1.0998521,226.76283,255.7471,33.476913,-8.856766,-4.058563,4.312956242147337e-15
2014-01-18 12:00:00,-21.454039,-23.411667,0.8116636,2.2516255,1.7618959,163.75388,220.6189,39.28952,-3.6915941,-20.777363,4.312956242147337e-15
2014-01-19 12:00:00,-17.419605,-20.37393,0.8111818,2.3176844,1.8125001,196.60178,232.02744,38.92607,-1.8651242,2.140472,4.312956242147337e-15
2014-01-20 12:00:00,-9.668901,-13.092138,0.8148913,3.2964442,2.6064548,203.64188,259.2207,70.09029,-13.815968,1.3854828,4.312956242147337e-15
2014-01-21 12:00:00,-9.68947,-13.259597,0.81238735,2.9611287,2.313169,199.66592,258.54803,78.622444,-13.341362,7.046932,4.309348305308508e-15
2014-01-22 12:00:00,-5.7597322,-8.748281,0.81101847,2.9005244,2.261668,242.55014,276.9765,70.688416,-29.460474,7.4404354,4.3121316555731846e-15
2014-01-23 12:00:00,-13.108718,-16.294828,0.811007,4.156253,3.2422323,185.72885,246.48326,57.32852,-4.806392,-7.3182597,4.3117365147032904e-15
2014-01-24 12:00:00,-16.513027,-19.307846,0.812152,4.534465,3.5455923,189.04138,235.60562,35.012497,-1.7737303,-12.3366,4.31259455907886e-15
2014-01-25 12:00:00,-23.52119,-25.523792,0.8117597,4.789546,3.7330616,173.4491,213.10599,21.95272,0.31703395,-16.330652,4.312956242147337e-15
2014-01-26 12:00:00,-22.143654,-24.411388,0.8109058,5.548642,4.326765,168.57037,216.85703,41.04705,-2.0822778,-8.1,4.312956242147337e-15
2014-01-27 12:00:00,-13.045143,-16.37899,0.81088257,7.1610794,5.5790424,173.27301,246.26251,94.0035,-14.858791,7.7372475,4.312956242147337e-15
2014-01-28 12:00:00,-7.8643513,-11.35408,0.810688,7.695233,5.988141,191.31067,265.8635,118.25944,-35.991806,9.421898,4.312956242147337e-15
2014-01-29 12:00:00,-5.07053,-8.638393,0.8102534,5.291271,4.114361,246.34537,277.70685,110.94412,-71.96076,8.79879,4.312956242147337e-15
2014-01-30 12:00:00,-14.568596,-17.238964,0.81182396,7.6700306,5.9587054,191.29431,243.38046,47.1976,-8.993529,-12.170753,4.312956242147337e-15
2014-01-31 12:00:00,-20.92109,-23.576168,0.81274843,10.782583,8.375965,143.78809,219.39252,65.95349,-7.375717,-14.620041,4.312956242147337e-15
2014-02-01 12:00:00,-15.044594,-18.322908,0.8112669,6.1033964,4.7394977,195.47379,239.26917,51.75499,-4.9741154,4.349394,4.309348305308508e-15
2014-02-02 12:00:00,-7.765188,-11.108849,0.81017435,11.78269,9.153014,202.47859,267.0548,104.585724,-34.315292,8.323891,4.3121316555731846e-15
2014-02-03 12:00:00,-11.801615,-14.748417,0.810169,10.175727,7.908018,193.84555,252.57759,70.11755,-15.808313,-2.1550922,4.3117365147032904e-15
2014-02-04 12:00:00,-18.293655,-20.701912,0.8138888,14.318466,11.237764,171.39348,230.04388,46.947723,-5.1694493,-13.791428,4.31259455907886e-15
2014-02-05 12:00:00,-17.263657,-20.297607,0.8125237,15.0363655,11.676264,162.01373,231.40628,68.00482,-5.783986,-3.8116121,4.312956242147337e-15
2014-02-06 12:00:00,-8.324919,-11.623337,0.81066895,12.1435,9.445339,191.57536,264.98804,129.6617,-44.49537,14.451813,4.312956242147337e-15
2014-02-07 12:00:00,-7.220542,-10.071422,0.81144893,11.807057,9.173309,214.02328,271.51715,119.77308,-57.742516,7.1704483,4.312956242147337e-15
2014-02-08 12:00:00,-9.474192,-12.270001,0.81143486,13.807228,10.739414,213.53476,262.5746,72.8188,-26.06867,0.77812004,4.312956242147337e-15
2014-02-09 12:00:00,-15.497242,-18.280304,0.8113255,18.13581,14.095321,185.6633,239.11523,40.644936,-3.7679584,-12.534469,4.312956242147337e-15
2014-02-10 12:00:00,-18.027508,-21.098703,0.811373,22.167406,17.225014,160.17075,228.42201,57.59471,-4.199754,-9.913919,4.312956242147337e-15
2014-02-11 12:00:00,-18.39738,-21.614265,0.811427,20.866352,16.218554,162.62924,226.76355,46.06498,-1.6921113,-15.113643,4.309348305308508e-15
2014-02-12 12:00:00,-27.320248,-29.372698,0.8114345,26.594421,20.672985,141.29404,199.85977,27.080769,0.23820944,-25.325321,4.3121316555731846e-15
2014-02-13 12:00:00,-23.75317,-26.366264,0.81325614,29.040066,22.572947,139.69086,209.8375,56.89021,-2.9866958,-9.776007,4.3117365147032904e-15
2014-02-14 12:00:00,-16.478544,-19.830254,0.8115938,26.164091,20.322184,167.48767,233.2544,69.976425,-4.447373,5.604236,4.31259455907886e-15
2014-02-15 12:00:00,-16.38351,-17.865032,0.8114165,22.204548,17.241528,217.63513,241.19023,13.768681,0.25324556,-4.570153,4.312956242147337e-15
2014-02-16 12:00:00,-22.88827,-24.388824,0.8139821,29.05632,22.639734,178.05728,217.20584,15.8118305,0.16505656,-16.755085,4.312956242147337e-15
2014-02-17 12:00:00,-26.452,-28.465527,0.81559664,29.055206,22.549116,155.4758,203.18817,22.759327,0.63845277,-17.808504,4.312956242147337e-15
2014-02-18 12:00:00,-12.518699,-15.872093,0.8114665,23.601145,18.316147,212.97836,249.2785,81.822266,-29.856274,20.950848,4.312956242147337e-15
2014-02-19 12:00:00,-6.049251,-8.755886,0.811333,22.69709,17.625834,249.85289,277.33682,96.79635,-56.64485,17.738823,4.312956242147337e-15
2014-02-20 12:00:00,-16.137768,-17.164505,0.8113149,29.099556,22.620853,220.48444,243.93402,6.653717,-0.43387157,-10.751037,4.312956242147337e-15
2014-02-21 12:00:00,-22.427723,-23.663723,0.81126523,30.090176,23.371628,185.04663,219.73923,9.752892,0.505825,-17.715332,4.309348305308508e-15
2014-02-22 12:00:00,-27.602047,-28.964802,0.8112518,36.989555,28.737703,164.30838,201.63339,7.0381827,0.36504456,-21.669933,4.3121316555731846e-15
2014-02-23 12:00:00,-28.008041,-27.944595,0.81123906,35.186855,27.351974,180.87932,205.16492,-0.44518012,-0.2739657,-17.169865,4.3117365147032904e-15
2014-02-24 12:00:00,-28.810635,-31.111086,0.81601775,51.61187,40.13332,129.54053,194.55489,38.655624,-0.9446264,-15.824811,4.31259455907886e-15
2014-02-25 12:00:00,-21.897766,-24.818792,0.8110838,53.64045,41.63942,141.5149,215.39273,67.51929,-6.2557364,-0.6132574,4.312956242147337e-15
2014-02-26 12:00:00,-8.811458,-12.115538,0.81167376,46.148903,35.783813,186.95573,262.96857,150.32294,-60.978355,23.696838,4.312956242147337e-15
2014-02-27 12:00:00,-5.865774,-9.1161785,0.8110063,47.19728,36.597656,220.37021,275.5752,125.083405,-59.88665,20.591393,4.312956242147337e-15
2014-02-28 12:00:00,-4.539676,-7.437236,0.81111544,32.200535,24.978085,253.28232,282.91577,89.61511,-49.229256,17.974854,4.312956242147337e-15
2014-03-01 12:00:00,-8.840101,-12.056032,0.81379914,57.834946,44.9551,197.11725,263.3473,69.23153,-15.566325,0.3150072,4.309348305308508e-15
2014-03-02 12:00:00,-18.060005,-19.720613,0.81113005,55.850456,43.281075,190.02927,233.99524,12.868356,0.7442749,-17.783962,4.3121316555731846e-15
2014-03-03 12:00:00,-14.074783,-17.126305,0.81113213,63.081314,48.922497,175.73416,243.4767,69.194855,-12.453335,3.1577988,4.3117365147032904e-15
2014-03-04 12:00:00,-11.024889,-13.971645,0.8135486,67.70252,52.63796,193.41272,255.7424,73.6547,-20.448032,5.941551,4.31259455907886e-15
2014-03-05 12:00:00,-18.317122,-20.821964,0.8127491,72.625,56.31389,157.77248,229.63223,46.24482,-7.006583,-16.31041,4.312956242147337e-15
2014-03-06 12:00:00,-17.75518,-20.298904,0.81511736,77.43443,60.294716,162.35373,231.46893,49.784245,-5.3920135,-7.583256,4.312956242147337e-15
2014-03-07 12:00:00,-19.74218,-21.282911,0.81227076,61.48864,47.653316,183.80511,228.20367,20.392822,0.85667396,-9.31374,4.312956242147337e-15
2014-03-08 12:00:00,-22.348186,-24.558708,0.8151352,84.27662,65.52701,150.13087,216.31113,32.137474,-1.7070602,-17.000227,4.312956242147337e-15
2014-03-09 12:00:00,-22.629263,-24.502563,0.8118367,83.2646,64.55684,154.47855,216.46886,35.97354,-3.407839,-10.716845,4.312956242147337e-15
2014-03-10 12:00:00,-21.444363,-23.734201,0.81321406,91.65486,71.13668,150.68253,219.13583,43.99463,-4.827826,-8.768324,4.312956242147337e-15
2014-03-11 12:00:00,-19.32174,-21.579697,0.81406975,74.09595,57.449165,167.56781,227.06375,51.560253,-7.700654,1.0104399,4.309348305308508e-15
2014-03-12 12:00:00,-18.871786,-20.462288,0.8108829,79.44313,61.53836,183.78159,231.04123,29.467766,-5.028426,-4.915534,4.3121316555731846e-15
2014-03-13 12:00:00,-18.324108,-20.552326,0.810872,100.691605,78.00174,163.61963,230.55646,52.074913,-10.273336,-2.445387,4.3117365147032904e-15
2014-03-14 12:00:00,-13.367409,-16.008595,0.8115884,88.27262,68.43667,198.55423,248.23302,39.535637,-2.036842,7.65596,4.31259455907886e-15
2014-03-15 12:00:00,-18.741482,-18.998962,0.8107803,64.24098,49.727406,218.16864,236.96198,-0.370211,-0.8274808,-5.4774504,4.312956242147337e-15
2014-03-16 12:00:00,-22.162613,-24.442505,0.81411934,111.74814,86.62903,144.28764,216.74188,30.756828,0.65966755,-15.9186325,4.312956242147337e-15
2014-03-17 12:00:00,-22.987082,-25.067833,0.8172413,116.65282,90.44524,143.55908,214.67316,33.65896,-2.7156014,-13.963137,4.312956242147337e-15
2014-03-18 12:00:00,-27.178934,-29.14901,0.81693685,120.54343,93.417816,133.5745,201.16426,20.977251,-1.2920601,-20.778967,4.312956242147337e-15
2014-03-19 12:00:00,-29.320053,-30.411694,0.8133611,121.74538,94.251495,140.1372,196.98412,11.300239,-1.0848547,-19.137642,4.312956242147337e-15
2014-03-20 12:00:00,-28.453037,-30.031807,0.8151303,112.77645,87.38641,146.60858,198.54318,14.5211,-0.73318005,-12.756643,4.312956242147337e-15
2014-03-21 12:00:00,-26.105303,-27.30761,0.8106077,101.78548,78.73867,166.56064,207.52985,10.332015,0.084487304,-7.505899,4.309348305308508e-15
2014-03-22 12:00:00,-25.38926,-27.372543,0.81294733,134.00201,103.66443,146.02301,207.07704,18.789316,-0.15542808,-12.082558,4.3121316555731846e-15
2014-03-23 12:00:00,-28.84591,-30.066732,0.81261766,126.20964,97.51308,148.98145,198.51624,7.7156925,-0.34460276,-13.467136,4.3117365147032904e-15
2014-03-24 12:00:00,-24.082989,-25.22564,0.81059366,103.5053,80.03389,187.30109,215.13615,3.5540934,-0.24823375,-1.0577955,4.31259455907886e-15
2014-03-25 12:00:00,-23.781874,-25.556767,0.81219244,146.62451,113.37158,152.46912,213.47961,20.464586,-1.9966269,-9.289609,4.312956242147337e-15
2014-03-26 12:00:00,-25.192696,-26.815308,0.81293786,109.64328,84.811554,162.6575,209.38786,18.58992,-2.1322963,-5.4410124,4.312956242147337e-15
2014-03-27 12:00:00,-21.284277,-23.598328,0.81250304,150.25812,116.01549,146.47534,219.9852,44.560135,-3.6832094,1.6096983,4.312956242147337e-15
2014-03-28 12:00:00,-9.320064,-12.413958,0.8110133,115.918976,89.59909,216.6799,263.0043,82.53134,-29.688065,32.83876,4.312956242147337e-15
2014-03-29 12:00:00,-4.332686,-7.5214353,0.8108566,141.34764,109.1542,218.33905,282.52264,101.452576,-40.33322,29.129204,-9.497440146115e-09
2014-03-30 12:00:00,-3.378656,-5.7512846,0.8103733,126.172066,97.53671,243.04816,290.1751,52.432423,-11.569794,22.371029,-3.8098390168175105e-06
2014-03-31 12:00:00,-9.637695,-11.131122,0.80801225,155.76001,119.82501,227.92288,268.2823,7.5829782,-0.9923885,2.1661818,4.312956242147337e-15
2014-04-01 12:00:00,-9.486327,-10.183285,0.8092571,105.816444,81.93245,249.065,271.7868,8.926855,-3.1165586,6.97249,4.309348305308508e-15
2014-04-02 12:00:00,-17.39787,-18.44548,0.80960715,162.95877,125.88864,185.8628,239.20612,3.0302677,-0.1222018,-13.365128,4.3121316555731846e-15
2014-04-03 12:00:00,-19.105778,-21.178282,0.8125949,176.67549,136.15225,160.98763,229.49951,23.606949,-1.3782165,-5.7599154,4.3117365147032904e-15
2014-04-04 12:00:00,-14.345167,-17.541477,0.81223917,179.12358,137.75182,172.77097,242.94626,30.374084,-4.048667,-2.4781103,4.31259455907886e-15
2014-04-05 12:00:00,-22.260834,-22.978264,0.8090521,174.5484,134.7561,166.36115,222.49316,2.1208644,-0.61887956,-14.837736,4.312956242147337e-15
2014-04-06 12:00:00,-26.233067,-27.57439,0.8102212,188.65405,145.39064,134.76488,206.56516,8.799097,0.3300394,-19.407728,4.312956242147337e-15
2014-04-07 12:00:00,-26.960056,-28.606014,0.8109509,196.11534,150.6336,131.43753,203.46097,10.122457,0.2096127,-16.209635,4.312956242147337e-15
2014-04-08 12:00:00,-22.666862,-24.745396,0.8111097,195.15796,149.94913,150.96658,216.94827,20.317474,-1.1630203,-1.6184036,4.312956242147337e-15
2014-04-09 12:00:00,-14.031385,-16.712105,0.81235886,182.52847,140.695,177.20023,245.88564,49.486702,-8.422947,14.211811,4.312956242147337e-15
2014-04-10 12:00:00,-4.17741,-7.019574,0.8092598,168.12253,129.83621,239.4579,285.03302,87.45272,-51.876892,28.287025,-1.2169063842967711e-07
2014-04-11 12:00:00,-6.7702265,-8.99466,0.81071603,156.84955,121.23776,220.04999,276.3423,64.47015,-33.488514,10.301128,4.309348305308508e-15
2014-04-12 12:00:00,-7.9904876,-9.990651,0.81264096,146.21823,112.929504,227.77484,272.83643,36.968468,-10.791169,14.404441,-2.7163399210985926e-08
2014-04-13 12:00:00,-11.805369,-12.237503,0.809732,169.11156,130.62437,232.04724,263.35538,1.616044,-12.380992,-3.5859013,4.3117365147032904e-15
2014-04-14 12:00:00,-17.317791,-19.307064,0.81053114,217.44157,166.45256,162.20486,236.2633,18.412827,-4.282578,-8.939178,4.31259455907886e-15
2014-04-15 12:00:00,-15.070902,-15.040426,0.8091743,159.69524,123.25199,224.83124,252.36676,-3.7791061,-3.9559383,1.172678,4.312956242147337e-15
2014-04-16 12:00:00,-16.495848,-18.423761,0.8101986,216.73566,166.33945,173.14145,239.53482,22.523872,-8.541549,-2.0148382,4.312956242147337e-15
2014-04-17 12:00:00,-9.345486,-9.779146,0.81319064,97.89577,76.93121,262.93872,273.35986,4.883901,-4.2436724,11.1836405,4.312956242147337e-15
2014-04-18 12:00:00,-14.968639,-15.140966,0.81071895,180.30911,140.3101,218.15869,251.70082,-3.8505054,-5.4490814,-2.842708,4.312956242147337e-15
2014-04-19 12:00:00,-17.660206,-18.525452,0.80938315,225.05565,173.73764,175.88872,238.84007,9.606791,-3.7255158,-5.752072,4.312956242147337e-15
2014-04-20 12:00:00,-19.639677,-20.870752,0.80927527,239.38177,183.97955,158.08826,230.55957,12.730925,-4.2180176,-8.556185,4.312956242147337e-15
2014-04-21 12:00:00,-19.69482,-21.481285,0.81107426,249.51755,191.47537,150.91882,228.65456,20.119335,-4.832884,-4.4071064,4.309348305308508e-15
2014-04-22 12:00:00,-4.1715765,-7.285195,0.81059563,192.7828,148.712,246.90364,284.39935,63.98566,-44.687332,25.873413,-3.698598383769199e-07
2014-04-23 12:00:00,-5.1043005,-5.6738024,0.81048054,156.94054,121.56561,265.06488,290.96594,25.173313,-22.379047,12.268127,-3.8597934730760333e-07
2014-04-24 12:00:00,-10.863204,-11.281462,0.8100594,244.94662,189.07523,217.64027,267.6266,-2.811837,-3.3208163,-0.24756718,4.31259455907886e-15
2014-04-25 12:00:00,-12.848518,-14.757463,0.81048506,261.45972,199.69672,177.16444,254.18405,15.8815775,-0.42175502,0.20321542,4.312956242147337e-15
2014-04-26 12:00:00,-5.1150703,-7.8271003,0.8117033,209.93648,162.10963,225.39717,282.41336,47.98462,-20.852312,17.94296,-4.807664955165508e-09
2014-04-27 12:00:00,-1.1847476,-3.0167155,0.8101076,144.6126,111.94823,274.27625,302.61462,40.527473,-26.67099,18.182472,-0.0002896770288781683
2014-04-28 12:00:00,-8.19721,-7.9751663,0.83910084,223.81058,179.09433,257.57846,281.218,-14.039443,-7.6480284,-0.6107502,-1.3533356990168786e-08
2014-04-29 12:00:00,-13.910624,-13.716548,0.8247358,241.8641,190.05411,216.21109,257.55338,-10.363919,-4.442497,-4.3387036,4.312956242147337e-15
2014-04-30 12:00:00,-7.7193522,-10.680162,0.81718737,272.2667,209.97803,199.4263,270.9053,28.275656,-10.909005,8.176312,-2.65713402205407e-07
2014-05-01 12:00:00,-4.1905003,-7.387104,0.81937647,277.61813,214.18529,201.2311,283.9944,44.984764,-15.409321,10.244999,-5.083337464140314e-08
2014-05-02 12:00:00,-6.1323576,-8.557436,0.82279634,278.42963,216.87311,203.00543,279.34045,24.303768,-3.6289082,5.8963566,-4.4348185852962733e-10
2014-05-03 12:00:00,-1.7270346,-4.3960505,0.7967781,275.7635,201.49655,221.785,297.13446,34.27036,-11.433873,21.753967,-5.794369585383234e-07
2014-05-04 12:00:00,-7.8167434,-8.848093,0.80802846,274.58337,209.8901,211.40747,277.6053,1.9800403,-2.7048616,-2.2293684,4.31259455907886e-15
2014-05-05 12:00:00,-13.338524,-14.757082,0.8060007,302.2249,229.57625,163.61969,253.26086,13.404133,-6.7433243,-10.331699,4.312956242147337e-15
2014-05-06 12:00:00,-14.873669,-16.120651,0.8062867,301.59918,228.99762,168.48993,249.14874,8.8226385,-5.5022054,-4.736818,4.312956242147337e-15
2014-05-07 12:00:00,-11.371408,-13.064983,0.80410266,299.58624,226.86482,182.96753,260.95895,13.742178,-5.25751,3.2146635,4.312956242147337e-15
2014-05-08 12:00:00,-5.999154,-8.659197,0.79313755,285.30563,213.14607,212.8356,280.0586,17.333866,-3.3521206,18.918314,-9.005390720773686e-08
2014-05-09 12:00:00,-1.3972311,-3.9781704,0.7968714,291.91907,219.68347,223.94981,299.1444,33.017593,-15.914402,14.144192,-3.091373075780551e-06
2014-05-10 12:00:00,-4.9327273,-6.724171,0.8031722,302.7082,228.77283,213.22653,287.5158,12.048998,-3.976201,7.7188845,-3.85646183961074e-08
2014-05-11 12:00:00,-5.6020994,-7.3097982,0.80345774,305.41992,230.94489,207.86157,284.7887,13.522242,-5.322142,5.748012,-6.037490118871684e-07
2014-05-12 12:00:00,-7.52388,-8.615955,0.801583,309.99066,234.87991,206.79932,279.0243,4.722422,-4.7949123,2.8132825,-3.5970578314202103e-08
2014-05-13 12:00:00,-8.147552,-9.94874,0.8031373,323.38525,244.37689,188.65445,273.78534,15.345533,-7.6572328,1.5657725,-7.395247113876827e-11
2014-05-14 12:00:00,-5.621826,-8.002786,0.8085561,276.15222,211.96451,219.11456,282.30328,17.866264,-9.792634,9.072623,-5.038886765775509e-10
2014-05-15 12:00:00,-1.3759921,-2.9742951,0.7933235,204.3309,153.51663,278.02417,303.2904,21.23456,-29.619617,17.162975,-1.4288207181134397e-06
2014-05-16 12:00:00,-2.713345,-2.808419,0.79126143,234.94925,173.03539,277.8858,304.44818,-6.7417145,-10.300514,18.309258,-8.095000776231983e-05
2014-05-17 12:00:00,-3.2028975,-3.7431874,0.8261571,255.60223,198.92197,264.4256,300.07233,3.7163315,-15.378581,9.371289,-6.512003936224888e-06
2014-05-18 12:00:00,-1.9796871,-3.852015,0.78704965,223.20477,164.57327,266.30212,300.01364,29.776703,-23.963627,30.733059,1.9564317910310896
2014-05-19 12:00:00,0.8892033,-0.49754736,0.747003,285.79358,194.70065,274.69162,315.4596,8.738091,-17.106848,41.956192,6.580334941212419
2014-05-20 12:00:00,0.1141901,-2.5333629,0.75178146,256.54776,178.81006,255.20888,307.08698,9.302744,-2.366451,32.795895,3.8091631771529544
2014-05-21 12:00:00,-0.13182089,-0.7260962,0.82066375,266.65247,212.28891,277.515,314.27637,-3.0389876,-5.961298,8.601917,1.0566731680510413
2014-05-22 12:00:00,-3.050716,-5.243083,0.8209446,344.68286,265.19562,206.77914,294.00098,6.5438843,-8.028184,-9.218888,0.11002832111978657
2014-05-23 12:00:00,-3.3657835,-3.761175,0.83490753,221.69458,176.47247,278.71112,300.37085,-9.172237,-7.5386057,6.851535,0.0001999494283620106
2014-05-24 12:00:00,-5.152011,-4.782075,0.8478324,303.16327,243.7468,255.99628,295.72357,-11.734521,-7.0828595,0.87179804,1.3278602778558648e-15
2014-05-25 12:00:00,-5.7767353,-5.961502,0.8419801,291.88028,233.5999,250.40408,290.71277,-8.599749,-6.201278,3.1706681,-2.014267596040049e-08
2014-05-26 12:00:00,-6.61602,-8.084074,0.83439744,349.38776,274.29626,206.52997,281.58392,6.8221765,-10.1741085,-3.3143954,1.327971641113696e-15
2014-05-27 12:00:00,-6.8387685,-8.45347,0.83352864,353.67038,277.07498,202.68088,280.3189,7.556995,-6.1477523,0.36660957,1.327971641113696e-15
2014-05-28 12:00:00,-4.456253,-6.6107025,0.83610517,326.41998,258.75497,221.54602,287.44904,34.825214,-29.634853,6.9523544,1.327971641113696e-15
2014-05-29 12:00:00,-1.7318032,-3.9845614,0.8302095,347.182,273.1828,228.81915,298.97043,32.721786,-25.685213,10.884504,-1.0305326010818644e-07
2014-05-30 12:00:00,-3.0786297,-5.506887,0.82772505,359.89938,281.77325,213.32877,292.89606,20.505531,-13.254961,5.809408,1.327971641113696e-15
2014-05-31 12:00:00,-3.8057685,-6.135943,0.8246036,365.3343,283.20837,207.1423,290.41486,15.56473,-8.386931,6.0311613,-1.0675618949557515e-06
2014-06-01 12:00:00,-2.1977434,-4.53761,0.78976727,363.75763,264.49377,212.8281,297.11853,23.988625,-13.570759,25.391285,1.7878714759000567
2014-06-02 12:00:00,0.59661615,-2.0353537,0.7437975,362.74634,245.73828,220.71709,307.77136,46.053497,-27.433104,48.574173,7.7844676933127115
2014-06-03 12:00:00,2.10782,-0.46308243,0.6408113,330.34763,201.05493,254.89258,315.49292,39.453148,-15.501109,92.644394,20.205896015499036
2014-06-04 12:00:00,1.5430489,-0.53713036,0.65113664,345.8802,210.83853,239.97614,315.58594,21.617529,-7.0436125,74.005775,18.68660408901857
2014-06-05 12:00:00,2.9089544,-0.1376167,0.62918687,198.90005,119.21646,285.7808,317.31992,69.76377,-19.483759,98.424484,23.997631152687493
2014-06-06 12:00:00,1.5440845,-0.033533096,0.58425486,170.91806,102.38315,301.82373,316.98157,35.543682,-28.509405,60.411354,20.123267577028074
2014-06-07 12:00:00,0.58356786,-0.561566,0.5945418,332.6669,187.90866,252.00888,315.39832,4.8066053,-4.5876117,81.5878,22.184149775225027
2014-06-08 12:00:00,-0.4642763,-1.7618995,0.59387195,365.22482,204.48596,221.20935,309.7564,2.5576832,-3.8423457,70.90714,21.72286888086897
2014-06-09 12:00:00,2.2501426,-1.153698,0.5936701,353.00446,198.72232,241.06342,312.5962,54.081886,-30.970093,105.861145,29.221028843657137
2014-06-10 12:00:00,3.802668,-0.10984591,0.57109463,364.01636,196.13693,244.90933,317.6621,65.99758,-28.554234,132.57,39.62282046233049
2014-06-11 12:00:00,2.3742592,-0.73268706,0.575986,367.3477,198.80786,235.57828,314.75644,29.044897,-12.345616,106.06094,31.369612522652172
2014-06-12 12:00:00,3.1840088,-0.2694339,0.57463795,365.07968,197.18445,243.8924,317.1958,34.99164,-9.591123,119.99234,36.75838881812564
2014-06-13 12:00:00,3.0113735,-0.52475905,0.57789034,366.10083,199.76312,241.5499,315.96503,40.783134,-8.860667,123.845055,36.91216541519439
2014-06-14 12:00:00,3.7624204,-0.36061507,0.5787067,370.2141,202.79073,241.81783,316.84247,69.745575,-12.090841,150.05348,43.354037125217566
2014-06-15 12:00:00,4.8061786,-0.018744998,0.5338462,370.02692,179.24655,244.3294,318.6657,107.50498,-14.560762,209.38828,58.34878804681992
2014-06-16 12:00:00,4.269213,-0.0037136078,0.5075348,359.21136,174.31833,253.96317,318.44385,85.02739,-7.310583,198.12917,57.692359936611005
2014-06-17 12:00:00,2.4679193,-0.0082411235,0.46639162,196.17615,88.987,307.76834,318.72528,16.31447,7.258602,119.80528,33.115404600326706
2014-06-18 12:00:00,2.8698087,-0.17346923,0.47959584,331.13705,152.76913,263.9981,317.794,21.607159,0.033380598,146.21257,37.55743822040639
2014-06-19 12:00:00,2.6941133,-0.01070955,0.44969234,294.2448,126.75699,291.20618,319.09674,10.442469,5.9245234,155.96426,40.49122167672792
2014-06-20 12:00:00,2.0662608,-0.5850098,0.44905445,363.8247,156.26767,244.92186,315.4873,18.720821,-1.8461165,153.8663,39.146534107977836
2014-06-21 12:00:00,2.6806157,-0.45807812,0.4518636,340.44922,147.92586,252.99638,315.9624,51.07496,4.7366776,185.36897,45.07827657225223
2014-06-22 12:00:00,3.7885222,0.0,0.44462895,365.13776,154.39395,248.36981,318.24017,75.138916,3.5007675,219.51312,61.0196610494708
2014-06-23 12:00:00,4.1906023,-0.05779934,0.4476554,360.58325,153.38535,247.49693,317.8172,96.07905,-21.863625,211.09308,55.452971325536495
2014-06-24 12:00:00,4.437281,0.0,0.45127177,302.66623,131.95538,268.92535,318.5061,100.93183,-19.00562,203.0563,55.028417014897194
2014-06-25 12:00:00,3.1942194,-0.010905266,0.45155197,284.53253,124.15434,272.81613,318.07825,70.20657,-8.309366,177.01328,51.156413146587084
2014-06-26 12:00:00,1.308286,-0.6386316,0.45256144,304.31,132.59306,259.5255,314.45496,18.998798,-8.033567,127.752716,34.621530941223575
2014-06-27 12:00:00,1.4913535,-0.6457105,0.44652164,342.42444,146.26324,243.7204,314.25836,32.769592,-10.25407,148.13875,37.21853684918132
2014-06-28 12:00:00,1.8772519,-0.034127764,0.45128596,164.05496,71.58692,291.87476,317.1106,54.032227,-5.929813,115.33462,34.06291600446183
2014-06-29 12:00:00,0.85676324,-0.51750046,0.45194536,261.921,114.594284,263.5306,314.40906,19.931053,-17.652,98.72731,25.56572108951726
2014-06-30 12:00:00,1.1317211,-0.90622914,0.4490261,346.56567,148.84735,238.05154,313.4265,18.443634,-9.16028,131.62671,32.56155328303257
2014-07-01 12:00:00,1.0709459,-0.24688509,0.45211563,314.18817,137.04906,263.36148,317.21057,6.1287813,-2.4052315,127.01358,33.48525592025415
2014-07-02 12:00:00,1.3069261,-0.95637906,0.44518882,359.41486,152.0333,240.1399,313.89935,6.550127,-1.7698857,138.40234,34.427005284656666
2014-07-03 12:00:00,2.0796456,-0.7966919,0.447064,365.01276,154.74278,234.81343,314.0053,32.614616,-10.758453,152.93427,37.37126094730115
2014-07-04 12:00:00,3.7948074,-0.10749001,0.45233685,335.55658,145.68048,248.95058,317.39966,84.2518,-17.514233,188.16458,51.24747593369134
2014-07-05 12:00:00,3.3876789,0.0,0.4486869,298.25375,128.56714,286.15186,318.8476,57.75505,14.789135,209.53506,57.73402152309004
2014-07-06 12:00:00,2.5311599,-0.035233814,0.45082283,294.0827,127.846985,273.88208,318.27362,26.7541,1.1700497,149.76833,42.04962659213662
2014-07-07 12:00:00,2.697443,-0.70166916,0.45145136,331.79028,143.10425,251.15138,314.79932,44.39429,-4.360763,165.07162,39.40758673029478
2014-07-08 12:00:00,4.415347,0.0,0.44758224,294.245,125.03677,279.0072,319.43237,86.23529,12.581428,227.59976,60.62180081150438
2014-07-09 12:00:00,2.7737038,0.0,0.45137686,141.46074,61.736805,325.34348,318.52908,35.32865,17.52993,139.39691,41.28221878300111
2014-07-10 12:00:00,2.8024359,-0.104399785,0.44578442,322.23834,136.59659,273.44553,318.3172,10.021067,5.6844587,156.47562,38.496246711084765
2014-07-11 12:00:00,2.5406332,-0.5567168,0.44713038,345.52222,146.28436,246.89078,315.52496,36.654236,4.580902,171.8388,42.5240204177816
2014-07-12 12:00:00,3.2762487,-0.010851436,0.4462129,325.8161,137.6659,267.51212,318.76727,36.0147,9.932982,182.84274,51.30361824515472
2014-07-13 12:00:00,2.519725,-0.39334857,0.45340377,308.72186,134.34045,263.41266,316.50476,20.165016,4.5365224,145.99084,38.666338717624434
2014-07-14 12:00:00,2.537753,-0.13289611,0.45025432,246.59123,106.733154,285.40918,317.96368,12.63678,8.010946,127.9513,33.573824407783846
2014-07-15 12:00:00,1.7296276,-0.7901808,0.4488449,333.5578,142.17169,240.07999,314.42575,9.314152,-1.3490987,125.005394,31.65772488267349
2014-07-16 12:00:00,1.9722235,-0.79188144,0.447854,324.28262,137.57515,246.64893,314.3941,15.503866,-1.7549958,132.71117,34.28557277621919
2014-07-17 12:00:00,2.6478324,-0.17756706,0.4513765,218.34012,95.351395,301.8666,317.71582,25.723492,0.07965855,132.94267,34.63797395973031
2014-07-18 12:00:00,2.7019138,-0.013593038,0.48059735,271.5148,131.9819,296.7445,319.04535,17.835876,7.0183334,142.08627,38.087366543243164
2014-07-19 12:00:00,2.3035514,-0.56339145,0.5180786,334.17105,165.30978,248.03534,315.3208,26.487745,1.2632322,129.32678,35.98355822494209
2014-07-20 12:00:00,3.8110507,-0.16734897,0.5236573,304.0772,154.37274,261.0664,317.33664,81.357475,-6.776166,168.01555,45.65726551581014
2014-07-21 12:00:00,4.4418106,0.0,0.45167294,272.01227,115.26199,303.0374,320.06256,98.71085,35.199047,273.635,72.65138261951995
2014-07-22 12:00:00,4.6467085,0.0,0.44745135,317.39502,134.60985,272.16602,319.31366,92.84067,17.898708,246.3769,69.32428235064029
2014-07-23 12:00:00,4.301652,0.0,0.4482442,274.7603,116.773674,288.9019,319.4666,74.38439,21.174034,222.98035,63.04720019983633
2014-07-24 12:00:00,3.2149882,-0.00096056197,0.44751847,291.87457,124.23977,283.10275,318.84042,33.742195,4.457027,170.09634,47.27857679577957
2014-07-25 12:00:00,3.1570914,-0.15589407,0.4480518,276.89844,117.84198,276.70148,317.76263,35.827667,7.1593246,160.9823,41.570626734814766
2014-07-26 12:00:00,3.089419,-0.0062095854,0.44641125,309.8932,131.57576,274.86676,318.53864,32.3171,5.704878,172.66753,45.8179301443158
2014-07-27 12:00:00,2.9778845,-0.3453673,0.45027852,306.13605,131.11066,251.02196,316.29684,38.439262,0.7304918,148.92026,38.85480357231992
2014-07-28 12:00:00,3.1296234,-0.050434537,0.45237267,289.0459,125.85787,260.77484,317.7929,46.417114,16.555143,169.14221,44.554997795985386
2014-07-29 12:00:00,3.4249573,-0.0046520233,0.4506152,268.2649,116.17142,278.68585,318.56232,43.51327,5.49253,161.22281,44.8355294436117
2014-07-30 12:00:00,3.032744,-0.009021653,0.4460922,296.3258,125.996605,275.66537,318.42096,30.368101,5.976863,163.91858,42.0194319281822
2014-07-31 12:00:00,3.1761553,-0.23796144,0.44965887,236.40215,101.67064,276.75024,317.0742,31.05007,1.3785069,126.83614,34.034026060092714
2014-08-01 12:00:00,2.3224742,-0.0377312,0.46626732,212.60088,97.58763,299.82733,318.50208,5.7650213,4.7441187,106.84764,27.4980851181329
2014-08-02 12:00:00,2.3071146,-0.79937637,0.50304604,298.72394,143.50217,240.85434,313.5636,40.293777,-7.679387,115.1269,25.775945062394054
2014-08-03 12:00:00,2.669848,-0.14125527,0.46283007,281.8813,120.23246,247.08698,316.80646,44.45439,-4.588719,131.79503,36.19963522073167
2014-08-04 12:00:00,2.091051,-0.9314116,0.44967943,293.74817,125.14201,232.05399,312.61517,44.044254,-17.225164,114.86405,29.642119263947233
2014-08-05 12:00:00,2.5378861,-0.7049478,0.44981903,293.715,125.172455,230.5076,313.5713,58.0505,-23.049149,120.48021,30.88423008488436
2014-08-06 12:00:00,2.2377295,-0.6851226,0.4499549,284.9043,121.464554,238.04135,313.97723,37.716118,-8.302151,116.91783,30.688552393658743
2014-08-07 12:00:00,1.9427,-0.8705423,0.45372194,267.60284,116.36447,243.38605,313.03354,32.778557,-8.086066,106.28337,27.914532714189022
2014-08-08 12:00:00,2.6370132,-0.560388,0.44890082,272.95157,116.344604,244.0893,314.42737,65.54252,-13.327335,138.48407,34.08947839580661
2014-08-09 12:00:00,3.0068836,0.0,0.45069426,131.83311,56.887474,313.07617,318.63907,83.90917,38.820465,192.11238,47.694822361220986
2014-08-10 12:00:00,2.6706495,-0.0049863392,0.45103347,173.77661,75.330795,311.60037,318.41306,37.54717,28.131786,157.31209,52.27300334795932
2014-08-11 12:00:00,2.7303195,-0.020775735,0.4477719,250.88611,106.75837,272.56332,317.29712,29.441498,5.6735373,134.50899,34.08451999810113
2014-08-12 12:00:00,4.4054823,-0.0019540787,0.45174313,221.40555,96.47426,279.4314,318.5017,121.6402,-15.00672,192.49446,48.22135966380172
2014-08-13 12:00:00,2.6322808,-0.021647135,0.4547646,175.0777,76.72905,268.62518,317.14456,58.49108,12.440502,120.76085,38.055248976780085
2014-08-14 12:00:00,1.9607527,-0.20166779,0.4530616,96.451706,42.00727,296.5652,316.11752,26.243216,5.1488667,66.28418,17.850213059744437
2014-08-15 12:00:00,2.5796914,0.0,0.48163345,194.70166,91.53194,298.69043,318.17432,27.277817,7.7059097,118.66956,29.061275534257828
2014-08-16 12:00:00,4.3389053,0.0,0.4541009,191.92007,82.423096,291.97888,319.01056,125.11887,15.605644,223.18982,55.51412144946681
2014-08-17 12:00:00,5.1274786,0.0,0.4507169,239.02086,102.45659,275.37018,319.4251,129.65154,22.065496,244.22636,70.51423366806716
2014-08-18 12:00:00,4.33457,-0.016784562,0.45515972,225.62756,98.58359,257.46063,317.66742,89.65226,-9.115446,147.374,42.60490611375739
2014-08-19 12:00:00,4.663947,0.0,0.45257893,216.86926,94.851074,270.39008,318.30298,102.232185,-4.08672,172.25075,45.12964520355909
2014-08-20 12:00:00,4.3619676,0.0,0.4527369,99.85005,43.950043,329.83987,319.69666,83.20746,33.255783,182.50647,50.751773339264545
2014-08-21 12:00:00,2.764451,0.0,0.45140883,81.223236,35.346077,330.74704,318.4826,29.23643,21.74922,109.12724,33.50264030743728
2014-08-22 12:00:00,2.1706817,-0.4176392,0.4523589,102.964554,44.863434,300.62622,315.41766,28.249985,7.5568905,79.116554,18.568809649463553
2014-08-23 12:00:00,2.3870637,0.0,0.45137513,63.21679,27.543856,324.78812,318.17154,36.85487,27.957512,107.10189,30.438734485439795
2014-08-24 12:00:00,-0.1794869,-0.23777167,0.5484011,135.07071,71.60557,299.9682,315.28445,-5.1277046,-5.8753033,37.14588,11.618244255780189
2014-08-25 12:00:00,-2.3929067,-3.4212077,0.7281636,225.47766,156.97823,227.18958,300.3329,7.3561296,-5.9366293,-3.2243748,3.3520104498895686
2014-08-26 12:00:00,-2.5789387,-4.6106257,0.7133835,211.1654,142.70506,220.64233,295.17587,24.736391,-12.165849,6.497346,2.1557835804813665
2014-08-27 12:00:00,0.6241296,-1.459187,0.6547724,169.38107,103.28423,263.21088,309.9831,24.751545,-13.371099,30.705069,4.898266028865161
2014-08-28 12:00:00,-0.80591244,-2.569801,0.59698343,182.20651,103.25816,242.32715,304.8811,13.397568,-6.095089,23.696873,4.807359730000466
2014-08-29 12:00:00,3.103189,-0.8880994,0.5531048,181.7193,92.97307,261.59198,313.3643,72.787415,-12.351799,97.40954,19.55374903280361
2014-08-30 12:00:00,4.3004866,-0.034224086,0.52282596,184.75975,94.076805,254.06976,316.95163,122.35301,-44.075584,106.0785,31.505626064061268
2014-08-31 12:00:00,1.7649522,-0.9938223,0.46236306,187.76923,80.951775,237.00824,311.6468,55.88585,-32.561745,55.503006,16.11883730487111
2014-09-01 12:00:00,0.2324144,-2.222546,0.45359963,178.61777,77.86337,238.49765,306.59595,13.714182,-1.8505481,44.51973,11.043283322394057
2014-09-02 12:00:00,-0.2276605,-2.0832353,0.45034695,183.30652,79.40812,241.68387,307.198,8.067831,1.4886196,47.940723,10.863325188506385
2014-09-03 12:00:00,1.1734573,-1.072822,0.45009756,183.32475,79.23426,251.16727,311.61157,22.500725,-1.6255765,64.52133,14.217448963823973
2014-09-04 12:00:00,2.3325896,-1.016855,0.4528395,74.697266,32.724552,278.4345,312.52863,72.91536,4.8135495,85.60751,17.991750882461677
2014-09-05 12:00:00,3.0371113,0.0,0.4513741,103.79274,45.51862,309.78568,317.95734,61.427055,7.489547,119.01906,34.398236013333744
2014-09-06 12:00:00,1.6040275,-0.14955404,0.46894762,79.12117,37.18354,297.9106,316.13892,31.90123,-4.5534253,51.057133,17.08474263819579
2014-09-07 12:00:00,0.54583436,-1.8867731,0.4993082,141.0935,68.57497,243.59976,307.54688,38.966606,-6.991143,40.54689,10.381452677388877
2014-09-08 12:00:00,1.4291013,-1.2786076,0.5160197,157.08522,78.75357,252.0195,310.7202,29.215775,-10.841032,38.005676,9.526922709831688
2014-09-09 12:00:00,-0.2815896,-0.59934807,0.6160017,95.57193,58.80544,302.70328,314.16577,-1.2997707,-1.4310099,22.573217,5.357896834854496
2014-09-10 12:00:00,-1.0655429,-2.2433193,0.7441248,100.183395,72.057175,274.13086,305.67786,24.088684,-18.49233,2.1755772,2.5429614017048756
2014-09-11 12:00:00,-2.4725296,-3.4435391,0.70994055,117.29932,81.88104,260.4851,300.2788,13.293163,-8.002314,0.91542244,1.1949140354502805
2014-09-12 12:00:00,-1.9053035,-2.4198732,0.845539,83.73625,67.87657,292.00156,304.88013,7.6991377,-11.181105,-0.50085735,0.21265983710864175
2014-09-13 12:00:00,-4.1772895,-4.823615,0.8482734,73.98349,59.84768,274.57132,294.3357,7.900048,-7.8586626,-5.5871778,0.0004590545159475305
2014-09-14 12:00:00,-5.710981,-6.7886014,0.8411058,152.97757,122.371124,234.51135,285.61166,16.88388,-4.8290377,-8.439023,0.0
2014-09-15 12:00:00,-3.0919466,-3.5150604,0.8450653,91.6691,74.08331,289.56512,300.03528,7.6774926,-9.385111,5.4080124,-6.473352913550594e-05
2014-09-16 12:00:00,-1.997097,-4.007544,0.8452228,110.51966,88.98181,257.86768,297.6466,52.66285,-33.484367,0.9374008,-0.0004020916539665702
2014-09-17 12:00:00,-1.3862548,-4.3591185,0.8434437,129.37848,103.791016,234.6715,296.0171,94.43406,-56.600586,2.0753403,-5.804919548989683e-06
2014-09-18 12:00:00,-1.3612685,-3.9998574,0.8437064,123.370834,99.031204,238.78598,297.72742,76.30345,-38.744232,2.9574127,-0.00012954745340742522
2014-09-19 12:00:00,-1.6621737,-4.0476437,0.8406036,128.44597,102.8232,238.55823,297.56976,53.991936,-20.364601,0.23857117,-0.0006911606167229602
2014-09-20 12:00:00,-0.64782494,-3.2071557,0.8328196,107.68642,85.3409,257.294,301.59747,42.997116,-13.350512,7.6886578,-2.2066213753887253e-05
2014-09-21 12:00:00,2.1262665,-1.2430513,0.78721243,56.616066,39.817093,280.7343,310.9215,65.32621,-33.99521,17.94278,0.976754644225367
2014-09-22 12:00:00,-3.173974,-3.9466653,0.85379815,108.884995,88.91118,264.71814,298.21906,9.931513,-1.1189723,-4.714559,0.19290555649903787
2014-09-23 12:00:00,-3.5302804,-5.8916135,0.8279383,82.73198,66.35653,245.01459,289.87625,56.111786,-25.280651,2.344921,-2.0671233296521487
2014-09-24 12:00:00,-1.256386,-1.2227104,0.84842265,60.98073,50.69352,302.58926,310.29883,-1.8155622,-2.5870607,-1.8249786,-0.8847603728668029
2014-09-25 12:00:00,-4.4157567,-4.3135977,0.84700346,74.543564,60.89218,285.38,296.4079,-2.8589044,-2.1558952,-2.3913102,1.327971641113696e-15
2014-09-26 12:00:00,-6.965836,-8.35796,0.8357158,104.75016,85.04201,239.69736,279.34802,7.5343304,1.8220475,-10.586135,1.327971641113696e-15
2014-09-27 12:00:00,-12.903696,-14.823184,0.8342186,110.89456,89.78584,192.35776,252.57913,22.57806,-0.34596914,-16.880564,1.327971641113696e-15
2014-09-28 12:00:00,-8.619659,-11.043857,0.8314742,88.02632,71.084,214.73137,267.6048,37.605675,-6.4953756,-4.8208075,1.327971641113696e-15
2014-09-29 12:00:00,-4.8401937,-7.63573,0.8309251,77.78111,62.63629,229.85281,281.66663,56.701813,-20.148935,-0.11611366,1.327971641113696e-15
2014-09-30 12:00:00,-9.136213,-10.921999,0.8313854,70.104065,56.434277,232.49799,268.4936,14.775268,-1.6592311,-9.209781,1.327971641113696e-15
2014-10-01 12:00:00,-9.611657,-10.8889,0.82801145,68.06903,54.62277,236.21436,268.54208,12.914665,1.5766752,-4.3901253,4.309348305308508e-15
2014-10-02 12:00:00,-7.074087,-7.559284,0.82435286,56.82129,45.875874,270.9166,282.44342,0.9934502,0.38527584,0.7973166,4.3121316555731846e-15
2014-10-03 12:00:00,-11.307059,-12.756712,0.8268048,79.39168,64.755974,216.76483,260.66006,19.592491,-1.4923506,-11.159389,4.3117365147032904e-15
2014-10-04 12:00:00,-14.478035,-15.345402,0.8238175,54.701168,44.399162,224.35767,250.98685,9.969801,0.22082609,-6.136548,4.31259455907886e-15
2014-10-05 12:00:00,-10.00473,-11.20607,0.8156632,76.56593,62.3332,231.74014,266.80096,16.490025,-1.1172067,-5.455269,4.312956242147337e-15
2014-10-06 12:00:00,-9.706959,-12.571305,0.8186526,82.293785,67.02377,198.7958,261.0843,57.808624,-12.502327,-1.7121735,4.312956242147337e-15
2014-10-07 12:00:00,-6.4525614,-10.044022,0.82052875,82.74487,67.49457,194.4838,271.0941,64.54767,-4.765219,-1.5775361,4.312956242147337e-15
2014-10-08 12:00:00,-2.434773,-4.559686,0.81454766,45.522476,36.905533,266.52167,295.0708,41.099487,-11.676212,9.491085,-0.0003863707138408604
2014-10-09 12:00:00,0.67154896,-0.83448076,0.7939864,36.40467,28.41466,300.693,311.95807,39.045074,-19.892319,15.877693,-0.0010295868077271205
2014-10-10 12:00:00,1.1150676,-1.3831351,0.77872384,58.34186,44.608803,267.35663,309.1751,70.828285,-35.812096,6.930767,-0.0002400366840785073
2014-10-11 12:00:00,1.1647409,-1.491329,0.79209405,43.61687,32.739964,273.6518,308.6513,71.40166,-38.18333,9.095722,-0.0005143284644198353
2014-10-12 12:00:00,-1.8219143,-3.9502068,0.80203545,52.736412,40.848633,246.74265,297.70544,45.594402,-6.7976294,-0.27824688,-0.0001272174902520728
2014-10-13 12:00:00,-7.3731203,-10.0078335,0.80767995,63.912437,49.827103,203.62909,271.53094,61.22683,-16.147364,-8.737055,4.3117365147032904e-15
2014-10-14 12:00:00,-6.738964,-8.915828,0.8010292,42.029137,32.47608,231.85545,276.2375,55.942665,-22.522606,-1.4089203,4.31259455907886e-15
2014-10-15 12:00:00,-3.3495636,-5.1676025,0.80033165,35.153458,27.202576,263.88605,292.41748,52.674065,-24.990984,7.1025295,-8.39548362594718e-06
2014-10-16 12:00:00,-2.6354346,-3.3055634,0.8108196,31.203457,24.437767,289.4992,300.7968,18.741432,-9.033301,5.1762133,-1.53353440927898e-05
2014-10-17 12:00:00,-6.173561,-7.304927,0.81204987,33.809303,26.509645,256.30188,283.22943,16.369278,-0.41770762,-3.6763232,4.312956242147337e-15
2014-10-18 12:00:00,-11.173092,-12.943666,0.81191385,40.24671,31.490131,219.1221,260.1199,16.86648,0.45889872,-14.915844,4.312956242147337e-15
2014-10-19 12:00:00,-15.776318,-17.611593,0.8143033,48.211727,38.09281,190.09021,241.75311,22.2804,1.9014821,-17.362106,4.312956242147337e-15
2014-10-20 12:00:00,-14.417871,-16.529045,0.8137553,42.505737,33.304985,191.61743,245.7269,42.21322,-7.1509695,-9.846465,4.312956242147337e-15
2014-10-21 12:00:00,-11.056297,-13.906379,0.81426907,38.469757,30.058334,194.23671,255.88885,63.359932,-14.1970005,-4.077791,4.309348305308508e-15
2014-10-22 12:00:00,-14.333799,-16.617775,0.8119869,42.496727,33.46186,195.3187,245.49025,28.836063,-1.0325669,-13.333192,4.3121316555731846e-15
2014-10-23 12:00:00,-11.771519,-12.99994,0.8100463,24.998352,19.523842,232.5669,259.69745,26.477098,-4.384114,0.43694067,4.3117365147032904e-15
2014-10-24 12:00:00,-12.048489,-13.060961,0.80945873,26.26146,20.638885,242.35016,259.75293,4.496608,1.3392191,-5.9443703,4.31259455907886e-15
2014-10-25 12:00:00,-16.071093,-17.218916,0.8091655,25.911438,20.425785,209.35324,243.2015,16.930977,0.22506556,-11.206572,4.312956242147337e-15
2014-10-26 12:00:00,-21.81438,-23.395977,0.81184673,28.292294,22.382439,173.8237,220.51602,21.619267,0.014201686,-19.148998,4.312956242147337e-15
2014-10-27 12:00:00,-22.647715,-24.151234,0.81374943,33.43599,26.716469,169.44226,217.7721,25.325125,-1.7868826,-18.072071,4.312956242147337e-15
2014-10-28 12:00:00,-17.350348,-20.27222,0.81859934,32.113274,25.674107,168.1325,231.5811,59.068596,-6.4416914,-4.3825216,4.312956242147337e-15
2014-10-29 12:00:00,-12.741364,-15.49742,0.8136239,25.346897,19.9959,189.47563,249.45737,71.776886,-17.356064,-0.20991516,4.312956242147337e-15
2014-10-30 12:00:00,-9.111209,-11.915944,0.80945647,23.874428,18.782936,213.09985,263.71216,75.696014,-27.896461,2.27874,4.312956242147337e-15
2014-10-31 12:00:00,-11.845442,-14.901312,0.8126496,26.022602,20.606216,179.5553,251.7049,81.128845,-19.53159,-5.1359596,4.312956242147337e-15
2014-11-01 12:00:00,-10.861221,-14.383377,0.8143526,25.13733,19.91021,175.82324,253.68488,82.98006,-12.756353,-2.4108105,4.309348305308508e-15
2014-11-02 12:00:00,-12.982372,-16.019697,0.8110934,20.180565,15.806665,178.12163,247.39163,67.2241,-8.229713,-5.901718,4.3121316555731846e-15
2014-11-03 12:00:00,-13.220661,-16.116953,0.8113501,17.18195,13.443925,185.68881,247.09006,59.04187,-7.3729954,-5.9943447,4.3117365147032904e-15
2014-11-04 12:00:00,-17.316786,-20.055593,0.8125684,19.657318,15.454283,172.95169,232.39243,44.53367,-3.6843605,-14.388393,4.31259455907886e-15
2014-11-05 12:00:00,-20.49656,-22.642227,0.81477743,18.513002,14.574553,170.37918,223.07416,40.49627,-3.85217,-12.112428,4.312956242147337e-15
2014-11-06 12:00:00,-9.4928,-12.067022,0.80921245,11.250935,8.800163,236.17734,263.43903,50.605026,-15.80444,9.98967,4.312956242147337e-15
2014-11-07 12:00:00,-6.564688,-8.115562,0.8092208,6.819626,5.3419056,271.2904,279.79224,26.272469,-10.663027,8.585331,4.312956242147337e-15
2014-11-08 12:00:00,-6.8586216,-8.878115,0.8099072,10.258791,8.025765,248.04861,276.45523,34.4952,-5.0704365,3.251173,4.312956242147337e-15
2014-11-09 12:00:00,-10.09271,-13.368761,0.81843334,13.885181,10.981525,189.0533,257.84607,72.97578,-12.852177,-5.7655144,4.312956242147337e-15
2014-11-10 12:00:00,-16.68294,-19.331469,0.8148391,13.058768,10.317057,180.41571,235.17673,36.489094,0.22296408,-15.307248,4.312956242147337e-15
2014-11-11 12:00:00,-16.703535,-19.497692,0.8111382,9.4834175,7.415164,185.09128,234.75871,41.13246,1.4175653,-5.049155,4.309348305308508e-15
2014-11-12 12:00:00,-6.9934216,-9.647253,0.8097112,8.119061,6.3495817,229.41595,273.03845,58.74709,-8.805554,8.088515,4.3121316555731846e-15
2014-11-13 12:00:00,-9.932783,-13.305759,0.814751,9.989601,7.8913174,193.20898,258.1024,70.13025,-10.814567,-3.4794378,4.3117365147032904e-15
2014-11-14 12:00:00,-4.092704,-7.293358,0.81132865,5.522929,4.310351,241.01364,283.12628,81.33598,-26.64212,13.7938,-2.482657933779326e-07
2014-11-15 12:00:00,-4.001418,-6.337508,0.8099693,5.6458006,4.3994646,257.58282,287.50015,50.75382,-18.606163,3.4766636,-1.0468687501382894e-06
2014-11-16 12:00:00,-2.9444048,-6.328685,0.8096905,3.9310699,3.0628245,256.69196,287.72943,86.78569,-44.472527,12.143936,-1.3059119034444627e-06
2014-11-17 12:00:00,-3.8646035,-6.9793715,0.8133069,6.3945756,5.0470123,232.49835,284.41296,97.47663,-45.1081,1.8014832,-7.134181383902402e-07
2014-11-18 12:00:00,-10.895514,-12.791061,0.8136075,5.5588884,4.3547854,212.57602,260.6548,39.674416,-2.6624546,-9.862703,4.312956242147337e-15
2014-11-19 12:00:00,-11.250191,-14.175139,0.8146703,4.1136084,3.2065277,196.09155,255.08496,78.66554,-20.618647,-0.03943062,4.312956242147337e-15
2014-11-20 12:00:00,-5.6664896,-8.456648,0.8107389,2.3188949,1.8063701,240.81671,278.33163,122.91217,-82.60355,3.306221,-1.3584565288635556e-10
2014-11-21 12:00:00,-7.8468475,-9.912394,0.8119971,1.8502175,1.4394749,233.41803,272.13684,65.85911,-25.67727,1.8737698,4.309348305308508e-15
2014-11-22 12:00:00,-12.261602,-14.885614,0.813107,3.5877738,2.795467,187.34465,252.01251,74.353294,-20.161983,-9.684246,4.3121316555731846e-15
2014-11-23 12:00:00,-4.114732,-7.0912914,0.81054306,1.8873764,1.4725462,253.88211,284.15665,135.0893,-91.95317,13.276413,-3.237755448859653e-08
2014-11-24 12:00:00,-8.955618,-11.341084,0.8118409,2.396729,1.8774593,221.51491,266.2412,50.075897,-11.560036,-5.6911736,4.31259455907886e-15
2014-11-25 12:00:00,-13.888355,-15.407066,0.811705,1.8484422,1.4382813,212.49771,250.26706,31.594112,-8.0372095,-13.802285,4.312956242147337e-15
2014-11-26 12:00:00,-20.772823,-23.22261,0.81384444,1.857631,1.4443692,157.14526,220.75241,44.038788,-3.7095776,-22.864676,4.312956242147337e-15
2014-11-27 12:00:00,-19.33601,-21.515759,0.8151829,1.4517176,1.1285583,167.37659,226.78522,46.761673,-1.7145377,-14.038337,4.312956242147337e-15
2014-11-28 12:00:00,-23.533428,-25.947235,0.81881523,1.4611142,1.147248,141.04834,211.07118,49.718834,-2.538569,-22.528711,4.312956242147337e-15
2014-11-29 12:00:00,-23.33879,-25.148499,0.81239384,0.9575231,0.74408805,164.27322,214.01317,34.39627,-0.9837748,-16.114012,4.312956242147337e-15
2014-11-30 12:00:00,-25.118385,-26.710495,0.8107629,0.8281706,0.6437588,165.62866,208.77243,23.680647,-1.3905697,-20.669281,4.312956242147337e-15
2014-12-01 12:00:00,-24.66806,-26.817554,0.8155744,0.7101869,0.5524075,144.66096,208.22179,54.42147,-4.7659645,-13.747536,4.309348305308508e-15
2014-12-02 12:00:00,-18.627018,-20.299295,0.8100164,0.47862932,0.37167838,207.49353,231.69647,16.899263,1.6974647,-5.499263,4.3121316555731846e-15
2014-12-03 12:00:00,-21.568203,-23.905132,0.80998135,0.35492313,0.27565494,168.63437,218.38846,34.11493,3.120944,-12.438947,4.3117365147032904e-15
2014-12-04 12:00:00,-21.332037,-23.914219,0.8122487,0.23762825,0.18679689,150.42088,218.22897,68.47699,-7.5365276,-6.8167934,4.31259455907886e-15
2014-12-05 12:00:00,-8.172691,-10.643774,0.80973434,0.12272264,0.09570293,244.42215,269.44382,112.312996,-68.15852,19.15982,4.312956242147337e-15
2014-12-06 12:00:00,-12.161215,-13.429075,0.8097499,0.06079758,0.047346495,232.0354,257.94443,32.85348,-5.847338,1.1105666,4.312956242147337e-15
2014-12-07 12:00:00,-16.197956,-17.876766,0.80951136,0.06074459,0.04725282,198.40732,240.57155,39.38244,-5.5699487,-8.338247,4.312956242147337e-15
2014-12-08 12:00:00,-16.7803,-19.471508,0.8094833,0.0,0.0,165.9035,234.3439,73.4909,-13.246058,-8.1955595,4.312956242147337e-15
2014-12-09 12:00:00,-20.420696,-21.958742,0.80951536,0.0,0.0,191.8298,225.61392,22.244844,-0.035966143,-11.57524,4.312956242147337e-15
2014-12-10 12:00:00,-23.616333,-25.35446,0.80989164,0.0,0.0,165.07166,213.54361,29.760632,0.021298826,-18.690023,4.312956242147337e-15
2014-12-11 12:00:00,-17.482681,-18.734537,0.8095685,0.0,0.0,211.08386,237.77907,42.132248,-8.99726,6.439782,4.309348305308508e-15
2014-12-12 12:00:00,-11.327169,-11.931865,0.80950296,0.0,0.0,251.55609,264.0365,24.129105,-4.301747,7.34695,4.3121316555731846e-15
2014-12-13 12:00:00,-18.862415,-19.739517,0.8099735,0.0,0.0,209.41785,233.76587,11.971705,1.2586966,-11.11762,4.3117365147032904e-15
2014-12-14 12:00:00,-18.4561,-20.175201,0.8099182,0.0,0.0,197.53769,232.14297,36.635986,-5.1509466,-3.120246,4.31259455907886e-15
2014-12-15 12:00:00,-10.113281,-10.89222,0.80966717,0.0,0.0,263.25983,268.33374,12.484304,2.1156926,9.526083,4.312956242147337e-15
2014-12-16 12:00:00,-17.56533,-18.088516,0.80974203,0.0,0.0,228.29361,240.11412,2.6379995,0.29042768,-8.892084,4.312956242147337e-15
2014-12-17 12:00:00,-23.71428,-25.118973,0.80975187,0.0,0.0,179.10992,214.4324,18.987347,0.23517272,-16.09996,4.312956242147337e-15
2014-12-18 12:00:00,-26.595978,-28.749321,0.8159603,0.0,0.0,136.72952,201.75447,50.88465,-2.474248,-16.614544,4.312956242147337e-15
2014-12-19 12:00:00,-23.371044,-25.685324,0.81155515,0.0,0.0,161.89908,212.32895,45.445644,-1.9555807,-6.939807,4.312956242147337e-15
2014-12-20 12:00:00,-19.031376,-20.78632,0.80975807,0.0,0.0,212.62234,229.89806,13.2547245,-0.17817727,-4.199164,4.312956242147337e-15
2014-12-21 12:00:00,-22.259228,-23.7564,0.8105116,0.0,0.0,186.06734,219.16354,23.32433,0.21855083,-9.553327,4.309348305308508e-15
2014-12-22 12:00:00,-25.554977,-27.69748,0.8153517,0.0,0.0,152.00865,205.40121,42.064537,-1.0752715,-12.403297,4.3121316555731846e-15
2014-12-23 12:00:00,-16.727211,-18.51122,0.809759,0.0,0.0,206.37292,238.41473,46.422386,-7.5064535,6.8741236,4.3117365147032904e-15
2014-12-24 12:00:00,-10.258792,-10.880861,0.8097706,0.0,0.0,264.14044,268.22882,14.973231,-0.93865573,9.946197,4.31259455907886e-15
2014-12-25 12:00:00,-15.743356,-17.089928,0.811512,0.0,0.0,215.32582,244.01608,19.27398,1.5472522,-7.8690305,4.312956242147337e-15
2014-12-26 12:00:00,-15.94361,-18.874245,0.81586665,0.0,0.0,171.13531,236.83167,80.74719,-12.095037,2.9558048,4.312956242147337e-15
2014-12-27 12:00:00,-3.0507512,-4.2512164,0.82067513,0.0,0.0,288.99274,296.36414,38.670883,-13.0981655,18.201319,-4.3923323478667595e-06
2014-12-28 12:00:00,-5.2514834,-7.8811727,0.82348144,0.0,0.0,244.2391,280.73907,62.143013,-22.623955,3.0190887,-1.9241574119340625e-06
2014-12-29 12:00:00,-11.907085,-14.192514,0.8228279,0.0,0.0,217.71948,254.7317,37.79341,-1.8541405,-1.0729516,4.312956242147337e-15
2014-12-30 12:00:00,-13.292572,-15.451115,0.8242241,0.0,0.0,202.24648,249.93994,49.668797,-7.194765,-5.2194347,4.312956242147337e-15
2014-12-31 12:00:00,-11.3568535,-14.84745,0.81952447,0.0,0.0,193.04651,252.13837,79.86214,-16.963757,3.8065224,4.312956242147337e-15
2015-01-01 12:00:00,-12.445814,-15.087736,0.8121669,0.0,0.0,199.22787,251.1807,64.51392,-16.643736,-4.082632,4.309348305308508e-15
2015-01-02 12:00:00,-18.514887,-19.851788,0.8134046,0.0,0.0,200.42493,233.28827,24.177086,-0.7147812,-9.401037,4.3121316555731846e-15
2015-01-03 12:00:00,-20.622513,-23.06449,0.81497234,0.0,0.0,163.35333,221.28043,54.707073,-6.50865,-9.72867,4.3117365147032904e-15
2015-01-04 12:00:00,-19.735592,-22.673077,0.8194734,0.008371896,0.0067466823,145.68265,222.47858,74.39567,-5.763217,-8.161853,4.31259455907886e-15
2015-01-05 12:00:00,-25.208153,-28.098564,0.8215637,0.05185076,0.041788705,136.19243,203.95999,52.03544,-1.60521,-17.32727,4.312956242147337e-15
2015-01-06 12:00:00,-30.98386,-33.250195,0.81973755,0.10049937,0.081023335,129.17558,187.44154,36.698204,-0.8137536,-22.362032,4.312956242147337e-15
2015-01-07 12:00:00,-30.056633,-32.29839,0.8169569,0.15591224,0.12569612,136.98215,190.43073,41.548973,-0.2001316,-12.06952,4.312956242147337e-15
2015-01-08 12:00:00,-27.232542,-29.813534,0.8157964,0.2278893,0.181589,143.98364,198.37595,41.754143,-0.71999085,-13.311852,4.312956242147337e-15
2015-01-09 12:00:00,-28.841398,-31.308796,0.8134934,0.28615344,0.22793663,146.5727,193.60532,34.696808,0.3033824,-11.974216,4.312956242147337e-15
2015-01-10 12:00:00,-25.001457,-26.843857,0.8141962,0.3603313,0.28716528,169.19498,208.42296,31.955618,-1.5209625,-8.7201605,4.312956242147337e-15
2015-01-11 12:00:00,-30.745895,-33.5158,0.81954175,0.49492404,0.39755285,123.84735,186.42404,45.359024,-0.48934865,-17.609646,4.309348305308508e-15
2015-01-12 12:00:00,-28.823359,-31.362694,0.8134655,0.57639873,0.459178,144.43668,193.35313,39.164406,-0.84018517,-10.475016,4.3121316555731846e-15
2015-01-13 12:00:00,-22.414566,-25.663296,0.8134495,0.733904,0.58440137,157.78699,212.25122,53.78302,-0.42458138,-0.956293,4.3117365147032904e-15
2015-01-14 12:00:00,-19.905262,-22.804842,0.8134669,0.96903527,0.77179736,175.89163,222.25677,43.674477,-0.26606184,-2.759489,4.31259455907886e-15
2015-01-15 12:00:00,-21.629015,-24.022041,0.8137085,1.127204,0.897954,173.1636,218.00317,40.288536,-0.4035304,-4.7253156,4.312956242147337e-15
2015-01-16 12:00:00,-19.006203,-21.088493,0.8141428,1.6365689,1.311909,175.76831,228.42923,58.7213,-6.373227,0.011813164,4.312956242147337e-15
2015-01-17 12:00:00,-12.102149,-14.583315,0.8134036,1.5097938,1.2011256,219.97812,253.28181,66.959496,-21.433228,12.531242,4.312956242147337e-15
2015-01-18 12:00:00,-7.297077,-9.3095,0.81277883,1.5397451,1.2163751,259.9582,274.72815,98.932755,-73.62138,10.864784,4.312956242147337e-15
2015-01-19 12:00:00,-18.250277,-19.329308,0.8113351,2.0417778,1.612438,202.57379,235.18024,25.79028,-2.377461,-8.764286,4.312956242147337e-15
2015-01-20 12:00:00,-23.76217,-25.85859,0.815388,3.3390102,2.6637866,147.3205,211.5534,50.44674,-1.3866574,-14.497604,4.312956242147337e-15
2015-01-21 12:00:00,-23.229107,-24.421783,0.81236976,2.388136,1.8860602,196.78506,217.0506,16.663853,-0.9767401,-4.0763454,4.309348305308508e-15
2015-01-22 12:00:00,-26.23206,-26.763855,0.81098497,3.1982555,2.5332186,187.24493,209.08542,5.8466434,0.06198338,-15.266821,4.3121316555731846e-15
2015-01-23 12:00:00,-26.396141,-28.260895,0.81212294,3.7259712,2.950727,157.261,203.63043,37.636475,0.20223825,-7.755472,4.3117365147032904e-15
2015-01-24 12:00:00,-29.516945,-32.257023,0.81921303,5.9718075,4.7846513,120.65253,190.45744,50.57639,-1.6601839,-19.701553,4.31259455907886e-15
2015-01-25 12:00:00,-28.464584,-31.138828,0.8170423,4.930333,3.907127,127.03531,193.9891,59.892204,-2.3696342,-8.408018,4.312956242147337e-15
2015-01-26 12:00:00,-23.746819,-25.684639,0.8134048,4.787995,3.7901382,179.40393,212.49127,32.569496,-1.9861188,-1.5061078,4.312956242147337e-15
2015-01-27 12:00:00,-24.8451,-24.84935,0.81054264,4.4588985,3.545908,207.67416,215.62323,-0.7725793,-0.40830013,-8.216955,4.312956242147337e-15
2015-01-28 12:00:00,-27.1363,-29.253368,0.8143008,8.429264,6.771779,137.90381,200.05441,50.6248,-1.1004659,-10.968782,4.312956242147337e-15
2015-01-29 12:00:00,-19.309786,-21.989733,0.8124606,6.658266,5.291513,170.03235,225.58774,71.66145,-10.358727,7.114089,4.312956242147337e-15
2015-01-30 12:00:00,-13.159546,-14.841551,0.8104613,6.556452,5.2050858,223.87698,252.18393,39.121742,-5.479344,6.6868186,4.312956242147337e-15
2015-01-31 12:00:00,-14.586775,-15.816509,0.81071514,6.8187356,5.4222355,226.32083,248.74695,23.356722,-2.4653778,-0.13827324,4.312956242147337e-15
2015-02-01 12:00:00,-23.059124,-26.04647,0.81500757,11.409499,9.185404,158.14801,211.10846,41.444977,0.9748844,-8.316494,4.309348305308508e-15
2015-02-02 12:00:00,-2.6897788,-4.506359,0.78411025,3.6055775,2.7477033,285.5863,295.985,43.635864,-6.5846963,27.510359,-4.874127367872179
2015-02-03 12:00:00,-6.701186,-7.680806,0.79880357,10.348596,8.404993,254.08975,282.36832,36.716557,-26.533909,-16.152313,-4.597097509188374
2015-02-04 12:00:00,-17.430712,-18.346731,0.8247421,8.379789,6.674283,214.59814,238.90187,15.84922,-2.8557205,-9.604721,4.31259455907886e-15
2015-02-05 12:00:00,-18.610771,-20.200397,0.81234396,13.044402,10.372574,190.98398,231.8912,28.408619,-0.7358847,-10.562663,4.312956242147337e-15
2015-02-06 12:00:00,-20.436827,-22.318142,0.816387,17.56939,14.1595,170.84839,223.99472,44.003296,-2.3549602,-8.088107,4.312956242147337e-15
2015-02-07 12:00:00,-12.940371,-15.011268,0.8140434,12.892675,10.281047,213.36957,251.68906,42.018074,-1.0375931,5.272622,4.312956242147337e-15
2015-02-08 12:00:00,-24.036964,-25.671286,0.8158063,14.05485,11.184078,167.68011,212.48871,22.599136,1.2265925,-18.112091,4.312956242147337e-15
2015-02-09 12:00:00,-27.030598,-27.067463,0.81099427,14.048023,11.197623,189.68088,207.88464,0.6297176,0.0466367,-14.6770115,4.312956242147337e-15
2015-02-10 12:00:00,-22.506645,-23.484951,0.8106469,14.749567,11.784513,197.97467,220.20758,18.509064,-0.40565968,-1.1644526,4.312956242147337e-15
2015-02-11 12:00:00,-22.033783,-24.09562,0.81063104,18.362682,14.665497,174.72975,217.89519,28.451946,-0.30310526,-11.319409,4.309348305308508e-15
2015-02-12 12:00:00,-23.867813,-26.271072,0.81063926,20.826412,16.63713,166.18765,210.46948,33.175854,0.34484056,-6.571854,4.3121316555731846e-15
2015-02-13 12:00:00,-24.933064,-26.397602,0.81177336,22.68012,18.107792,164.75604,210.22119,28.13049,-3.4419618,-16.204294,4.3117365147032904e-15
2015-02-14 12:00:00,-36.307934,-38.006035,0.8193418,32.890312,26.566074,105.89277,172.95117,29.950302,-0.9196666,-31.70353,4.31259455907886e-15
2015-02-15 12:00:00,-36.73232,-38.954605,0.81884205,34.89003,28.178284,102.12103,170.08195,39.564533,-0.6959231,-22.380566,4.312956242147337e-15
2015-02-16 12:00:00,-34.012466,-36.063744,0.816579,36.024555,29.093807,113.488266,178.61543,44.591057,-0.42598242,-14.031344,4.312956242147337e-15
2015-02-17 12:00:00,-28.531118,-31.12851,0.81530523,30.1129,24.061134,131.40125,194.07019,53.442036,-2.5111094,-5.6862535,4.312956242147337e-15
2015-02-18 12:00:00,-26.091766,-28.625841,0.81029296,27.421585,21.86684,165.46246,202.40384,26.613739,-0.17916214,-4.952054,4.312956242147337e-15
2015-02-19 12:00:00,-22.399134,-24.424175,0.8102856,26.888504,21.456879,183.90604,216.78833,28.265335,2.7341502,3.548817,4.312956242147337e-15
2015-02-20 12:00:00,-21.648447,-22.926083,0.8109029,28.902122,23.108545,195.46362,222.0989,17.883747,0.85220295,-2.1057572,4.312956242147337e-15
2015-02-21 12:00:00,-27.03297,-29.66563,0.81537175,44.013298,35.21936,128.03421,198.77188,48.036922,-2.2144651,-16.121277,4.309348305308508e-15
2015-02-22 12:00:00,-30.66724,-33.463585,0.81574655,49.212566,39.736637,123.944336,186.71783,37.644753,0.8537839,-14.799033,4.3121316555731846e-15
2015-02-23 12:00:00,-25.537752,-26.87284,0.81097317,32.447983,25.938904,177.00607,208.39279,23.663567,0.9556414,-0.2584318,4.3117365147032904e-15
2015-02-24 12:00:00,-26.726292,-29.28619,0.8150752,53.681244,43.332466,139.77383,200.05089,39.001682,-0.093455814,-11.02005,4.31259455907886e-15
2015-02-25 12:00:00,-23.255482,-26.640902,0.81796366,56.315857,45.333447,131.5787,208.66736,64.826324,-1.4889133,-2.7688358,4.312956242147337e-15
2015-02-26 12:00:00,-24.764557,-27.247047,0.81528485,56.704617,45.369576,133.00311,206.6799,60.219246,-3.32736,-5.4498615,4.312956242147337e-15
2015-02-27 12:00:00,-21.421127,-24.31491,0.81046355,43.93734,35.093605,159.1997,217.04846,53.493652,-2.470823,2.0178092,4.312956242147337e-15
2015-02-28 12:00:00,-19.63728,-22.562294,0.8102251,54.020924,43.155624,165.94788,223.09366,47.37854,-1.282048,-0.1839912,4.312956242147337e-15
2015-03-01 12:00:00,-21.147295,-24.006891,0.81022406,58.25167,46.52864,159.65836,218.01244,42.44497,-0.7599204,-4.9460015,4.309348305308508e-15
2015-03-02 12:00:00,-24.84019,-27.378342,0.8112184,65.04793,51.964264,141.41241,206.40372,42.532085,-0.9259294,-10.301482,4.3121316555731846e-15
2015-03-03 12:00:00,-27.289314,-29.49218,0.8122691,67.26345,53.76323,136.21667,199.40567,40.32302,-1.3439256,-10.709679,4.3117365147032904e-15
2015-03-04 12:00:00,-16.433933,-20.149921,0.8117419,52.709785,42.08606,183.9898,233.00058,63.10707,-8.794004,15.92602,4.31259455907886e-15
2015-03-05 12:00:00,-20.004421,-21.28638,0.81062484,57.321995,45.83042,189.3377,228.55203,20.355465,-3.147211,-10.514498,4.312956242147337e-15
2015-03-06 12:00:00,-29.312288,-31.513752,0.8101202,70.44849,56.322754,146.70502,193.21533,14.454133,0.19332933,-17.737122,4.312956242147337e-15
2015-03-07 12:00:00,-29.224527,-30.26294,0.81012356,57.025574,45.617416,167.60416,197.43442,9.473202,0.088656515,-8.860246,4.312956242147337e-15
2015-03-08 12:00:00,-24.944794,-26.364628,0.81012,61.14286,48.886536,177.27225,210.24121,19.267895,0.26630947,-1.1784346,4.312956242147337e-15
2015-03-09 12:00:00,-24.587746,-24.790771,0.81003344,57.882607,46.29248,200.45953,215.74316,1.6935194,-0.1231069,-2.123092,4.312956242147337e-15
2015-03-10 12:00:00,-26.34739,-28.058323,0.81173533,84.55495,67.850586,153.93011,204.3353,21.956146,-0.15920746,-11.903882,4.312956242147337e-15
2015-03-11 12:00:00,-29.367014,-31.21237,0.8100612,87.72925,70.24109,148.95006,194.16884,16.554667,0.3105993,-10.8653555,4.309348305308508e-15
2015-03-12 12:00:00,-25.321377,-27.153696,0.8100649,76.98686,61.618835,174.81073,207.68037,14.812155,-0.08245527,-2.7719178,4.3121316555731846e-15
2015-03-13 12:00:00,-12.247499,-15.965335,0.8126478,67.005806,53.62847,197.6714,248.29749,79.031,-21.061106,20.721144,4.3117365147032904e-15
2015-03-14 12:00:00,-11.157236,-14.212048,0.81035846,96.029175,76.878296,205.66962,255.02852,46.164474,-11.5678625,4.388589,4.31259455907886e-15
2015-03-15 12:00:00,-19.811844,-20.687954,0.8111036,87.123245,69.68848,200.56439,230.48138,7.3037066,0.34784678,-4.83067,4.312956242147337e-15
2015-03-16 12:00:00,-20.620003,-23.086735,0.8166263,110.72693,88.7683,154.39056,221.31738,46.157784,-3.9948845,-2.805294,4.312956242147337e-15
2015-03-17 12:00:00,-15.366972,-18.271042,0.81649345,115.26309,92.315094,158.43597,238.99942,83.56766,-15.707296,10.244913,4.312956242147337e-15
2015-03-18 12:00:00,-9.880262,-12.586193,0.814551,96.57617,77.07554,194.51279,261.0079,113.90738,-51.272026,15.640869,4.312956242147337e-15
2015-03-19 12:00:00,-5.6982,-8.78852,0.81154054,109.772934,87.02632,206.18015,276.41394,116.57407,-53.82875,15.258141,4.312956242147337e-15
2015-03-20 12:00:00,-5.1471496,-7.957982,0.81249475,85.298065,67.18956,225.3519,280.1317,119.18811,-66.03023,16.486572,-4.135439983206942e-10
2015-03-21 12:00:00,-7.384555,-7.833065,0.8145983,65.81268,52.6439,265.5573,281.12134,18.086727,-6.4268403,9.264643,4.309348305308508e-15
2015-03-22 12:00:00,-12.160488,-12.835638,0.8144603,77.722336,62.486385,240.6156,260.41748,7.7955337,-2.8621778,0.3674264,4.3121316555731846e-15
2015-03-23 12:00:00,-9.583216,-12.098338,0.8180664,116.68085,93.80673,200.58078,263.19638,71.300995,-23.167105,8.392405,-4.9394309845530966e-09
2015-03-24 12:00:00,-6.1922884,-8.340811,0.81283253,81.33447,64.72691,254.62515,278.73682,94.222885,-78.90562,7.8131638,4.31259455907886e-15
2015-03-25 12:00:00,-15.670343,-17.050327,0.8105996,134.45837,106.47572,178.27432,243.7905,34.687187,-9.015369,-11.861706,4.312956242147337e-15
2015-03-26 12:00:00,-21.496681,-23.331028,0.81058,147.57349,116.57294,149.40833,220.73663,28.977718,-3.0289059,-14.378946,4.312956242147337e-15
2015-03-27 12:00:00,-21.93201,-23.632717,0.8107292,134.82721,106.69481,157.19247,219.69925,31.490932,-4.5162544,-7.3996964,4.312956242147337e-15
2015-03-28 12:00:00,-20.21182,-21.343943,0.8107178,122.31181,96.73926,184.43414,228.04999,19.107796,-4.3218927,-3.2573862,4.312956242147337e-15
2015-03-29 12:00:00,-22.795544,-24.48249,0.812134,160.88312,126.90112,149.06116,216.84515,23.82072,-2.4088483,-12.390129,4.312956242147337e-15
2015-03-30 12:00:00,-24.220213,-26.204487,0.8146742,162.40958,128.27982,138.01187,210.93312,31.36425,-2.3037367,-9.730975,4.312956242147337e-15
2015-03-31 12:00:00,-23.025555,-24.942614,0.8128786,170.59764,134.3425,138.34631,215.13849,36.270462,-3.236468,-7.5030394,4.312956242147337e-15
2015-04-01 12:00:00,-19.230255,-21.953503,0.81513107,173.00034,136.0776,143.05974,225.78403,51.424408,-4.393052,1.2297964,4.309348305308508e-15
2015-04-02 12:00:00,-14.135133,-16.677692,0.8120335,146.18814,115.263306,189.09418,245.83475,37.4887,-2.316107,9.356859,4.3121316555731846e-15
2015-04-03 12:00:00,-11.299147,-11.707663,0.810635,114.281555,90.110855,251.66754,265.57986,3.0386207,-2.8548913,10.442106,4.3117365147032904e-15
2015-04-04 12:00:00,-14.511129,-17.16124,0.8140532,179.40688,140.742,174.13254,243.86147,29.708847,-0.55583084,-1.9110402,4.31259455907886e-15
2015-04-05 12:00:00,-13.666589,-16.26848,0.8143549,185.47736,145.27185,167.58458,246.86996,53.03814,-12.471646,1.4866133,4.312956242147337e-15
2015-04-06 12:00:00,-12.370016,-15.300073,0.813588,185.30089,144.90414,175.89978,251.19577,44.57479,-5.0701404,4.6054044,4.312956242147337e-15
2015-04-07 12:00:00,-15.017648,-17.113634,0.811782,174.22867,136.76352,186.6246,244.54152,16.31776,1.0487208,-3.0852857,4.312956242147337e-15
2015-04-08 12:00:00,-19.840563,-21.229507,0.80992377,193.27176,150.93782,164.58939,228.93414,11.877821,0.61916536,-9.513832,4.312956242147337e-15
2015-04-09 12:00:00,-24.695312,-25.53416,0.8118199,193.18483,152.04181,153.52159,214.10918,6.80344,-0.22924453,-12.870369,4.312956242147337e-15
2015-04-10 12:00:00,-18.086014,-19.08928,0.81188035,140.72281,110.6283,202.22757,236.91669,20.632168,-7.9646773,8.072878,4.312956242147337e-15
2015-04-11 12:00:00,-11.452573,-12.211471,0.8104133,146.92336,115.42886,238.16357,263.2549,15.930843,-9.630604,12.703392,4.309348305308508e-15
2015-04-12 12:00:00,-18.03344,-18.494392,0.8092986,209.33743,163.42511,183.70963,238.99165,-0.33936727,-1.5790503,-11.288122,4.3121316555731846e-15
2015-04-13 12:00:00,-18.120533,-19.730911,0.81394744,196.2471,154.06741,175.84583,234.56702,27.272781,-8.1280985,2.603179,4.3117365147032904e-15
2015-04-14 12:00:00,-8.649946,-9.371501,0.8097634,137.8746,108.035545,246.18665,274.98483,18.944687,-1.9007988,18.084759,4.31259455907886e-15
2015-04-15 12:00:00,-6.579155,-6.3687706,0.8189702,86.195496,69.65478,281.33453,287.58746,0.6089151,-2.3501878,8.546516,4.312956242147337e-15
2015-04-16 12:00:00,-17.9285,-17.131508,0.81396943,191.54155,154.48521,211.71123,243.64374,-11.048805,-3.2831774,-9.208158,4.312956242147337e-15
2015-04-17 12:00:00,-18.334267,-17.478563,0.81341004,164.74988,132.70905,214.70041,242.79004,-2.9670868,-2.2587457,-1.2746301,4.312956242147337e-15
2015-04-18 12:00:00,-18.527771,-20.275562,0.8136307,237.88446,190.14343,153.61588,231.81772,26.524288,-3.2590778,-7.1956053,4.312956242147337e-15
2015-04-19 12:00:00,-17.268257,-17.96944,0.8135188,186.27008,149.77054,208.07265,241.08977,1.1644634,-3.2251725,1.4217129,4.312956242147337e-15
2015-04-20 12:00:00,-17.983562,-18.542799,0.81236863,226.73135,182.55545,188.71158,238.25748,0.7895723,-0.84819484,-5.4286175,4.312956242147337e-15
2015-04-21 12:00:00,-15.995703,-17.044483,0.8154421,196.36171,158.10587,196.43436,244.3196,19.27496,-4.5860415,5.0595236,4.309348305308508e-15
2015-04-22 12:00:00,-13.14776,-13.978435,0.80910856,243.25061,193.93231,201.73196,255.71875,9.494696,-2.642416,2.183792,4.3121316555731846e-15
2015-04-23 12:00:00,-16.065092,-17.305197,0.81019986,252.45135,201.0207,175.75883,242.96767,14.767523,-0.6561383,-1.6667985,4.3117365147032904e-15
2015-04-24 12:00:00,-16.314648,-17.6748,0.8090927,259.57684,206.94954,174.55164,241.70148,13.120408,-0.12291588,-1.525045,4.31259455907886e-15
2015-04-25 12:00:00,-17.448349,-19.258198,0.8120922,264.1763,210.24945,159.78166,235.67468,20.236908,-0.9952588,-2.724522,4.312956242147337e-15
2015-04-26 12:00:00,-14.877475,-16.495167,0.81232315,248.33513,199.5659,177.8223,246.0132,24.353909,-1.3859819,3.5462499,4.312956242147337e-15
2015-04-27 12:00:00,-11.551615,-13.386757,0.8112582,253.18085,202.92786,195.76324,258.10367,26.825184,-8.762758,5.9749928,4.312956242147337e-15
2015-04-28 12:00:00,-9.066965,-10.227848,0.81181,153.71211,123.59106,240.89072,270.9024,32.65336,-23.792484,8.970242,4.312956242147337e-15
2015-04-29 12:00:00,-6.838373,-6.895194,0.8132671,157.50357,126.857735,271.8011,285.05392,1.8074076,-7.888428,11.311977,4.312956242147337e-15
2015-04-30 12:00:00,-14.287333,-14.471178,0.8162186,278.80014,225.0142,193.05043,253.86014,0.08119875,-0.90484345,-7.847418,4.312956242147337e-15
2015-05-01 12:00:00,-19.016691,-19.416653,0.8206909,257.05145,209.58105,175.75201,235.31735,8.736539,-1.7360003,-5.0944014,4.309348305308508e-15
2015-05-02 12:00:00,-19.418182,-20.522228,0.8161175,290.27744,233.44681,157.22656,231.06616,12.645479,-1.5821462,-5.945639,4.3121316555731846e-15
2015-05-03 12:00:00,-8.894156,-10.629223,0.81837547,227.76645,185.25801,222.63425,269.40134,34.44213,-16.782192,13.401287,4.3117365147032904e-15
2015-05-04 12:00:00,-6.081282,-7.382102,0.8143017,239.79303,193.7515,249.28023,282.6785,36.327255,-38.15181,10.81871,4.31259455907886e-15
2015-05-05 12:00:00,-3.997913,-5.8968077,0.81032306,247.72931,198.62828,235.56842,288.90128,55.191456,-39.265507,11.694122,-1.2043886899967443e-08
2015-05-06 12:00:00,-2.4587228,-4.0239716,0.7928394,240.31494,183.90036,250.64502,297.45682,28.534279,-19.604448,18.532614,-1.5162351540630862e-07
2015-05-07 12:00:00,-1.9535692,-3.9659817,0.7802341,288.55838,210.57649,232.91615,298.18414,23.175652,-11.375988,24.513561,-4.817371399203777e-08
2015-05-08 12:00:00,-1.816183,-3.7176337,0.7746991,256.92273,183.79681,241.51547,299.75616,28.257362,-18.402235,24.74035,-9.745641051101605e-06
2015-05-09 12:00:00,-3.4141636,-2.8605278,0.84999084,234.93988,193.12537,277.3151,303.74194,-7.925137,-7.075417,0.3871107,-0.0002860313965584895
2015-05-10 12:00:00,-5.4202404,-6.6065936,0.86547756,202.41609,166.29642,251.69164,287.12955,18.53573,-13.669286,5.5482073,-9.713333597022891e-08
2015-05-11 12:00:00,-2.275854,-4.3443866,0.8605775,274.21204,224.20044,249.08073,297.31775,21.447163,-14.616006,8.605739,-3.494616455188622e-07
2015-05-12 12:00:00,-4.706162,-6.996045,0.85819554,292.82306,239.00339,223.9598,285.79834,24.105457,-11.713567,4.3730154,-1.0535183352816702e-07
2015-05-13 12:00:00,-4.2666664,-7.1027455,0.85743207,299.27924,242.68951,213.58038,285.18237,48.87831,-26.903389,6.962654,-1.2381729053461868e-08
2015-05-14 12:00:00,-1.8301471,-4.06979,0.85378736,264.51007,214.8353,253.52676,298.31473,35.59186,-31.457912,9.02076,-3.6542584931518534e-07
2015-05-15 12:00:00,-7.3702197,-9.459891,0.8488539,324.72974,259.14905,193.0986,275.71466,21.899902,-6.79987,-1.9353375,4.312956242147337e-15
2015-05-16 12:00:00,-9.120407,-10.966236,0.8479088,321.9781,256.94315,196.50284,269.42163,18.263668,-9.177682,1.202136,4.312956242147337e-15
2015-05-17 12:00:00,-3.7695918,-4.6400285,0.8445522,126.11107,101.568954,280.3161,295.23566,26.371742,-23.589643,12.404657,-0.006784303686804995
2015-05-18 12:00:00,-1.3290648,-2.1335344,0.8007233,145.85667,112.22565,287.12003,306.66132,26.458,-30.167364,10.380373,-0.19363445265414245
2015-05-19 12:00:00,-9.318132,-9.811067,0.84065,266.94006,212.94101,224.42473,274.00757,3.5084598,-12.101444,-4.17677,4.312956242147337e-15
2015-05-20 12:00:00,-8.488152,-7.527134,0.8251623,236.7739,185.70021,262.74072,283.22894,-16.145342,-10.027155,4.4129677,4.312956242147337e-15
2015-05-21 12:00:00,-7.8006144,-8.404648,0.8116053,330.40417,253.01617,218.30402,279.78235,-1.6969281,-12.076452,2.1362877,4.309348305308508e-15
2015-05-22 12:00:00,-3.1369915,-4.4848833,0.78551245,187.47641,135.37923,269.86206,297.5378,15.834474,-7.9380417,32.317863,-0.00021006237642045582
2015-05-23 12:00:00,-3.4023504,-2.7935834,0.87940705,278.6798,232.52979,272.79346,304.64087,-9.089312,-8.113566,-2.9002657,-4.272041924332453e-05
2015-05-24 12:00:00,-6.8886905,-8.920834,0.87194073,349.71997,286.32074,201.63449,278.03543,14.194023,-4.7083635,-3.5160494,-5.354769992904296e-10
2015-05-25 12:00:00,-4.637545,-6.9452496,0.8736673,314.17108,260.5023,222.63916,286.6966,22.637123,-6.3841724,5.8643093,-1.1172886995437676e-08
2015-05-26 12:00:00,-6.0153613,-8.104422,0.8670354,347.82166,285.33597,209.04308,281.3294,20.013456,-8.364166,1.8486462,-3.1472890133519035e-09
2015-05-27 12:00:00,-3.9204164,-5.873823,0.8680165,311.9016,257.09015,232.45375,290.7475,29.133636,-16.595854,9.055498,-0.0007042474201024361
2015-05-28 12:00:00,-5.7709484,-7.3116016,0.8550391,350.17325,282.2365,221.82466,285.30008,4.722133,-8.726924,0.45652866,4.312956242147337e-15
2015-05-29 12:00:00,-2.2792783,-4.3039665,0.85909843,293.7763,239.74007,261.99747,297.67963,33.74302,-39.669487,12.427612,-2.041973256647829e-07
2015-05-30 12:00:00,-1.7096816,-4.3510265,0.85623896,326.67902,266.09186,239.11308,297.6529,33.951653,-26.46056,9.538441,-3.2233891136550186e-08
2015-05-31 12:00:00,1.3793427,-1.9948604,0.80344474,333.0798,247.74628,238.28802,308.072,82.018875,-59.734123,37.834312,0.4762701447460994
2015-06-01 12:00:00,0.45856836,-2.0329957,0.7594202,351.27826,244.16357,223.7424,308.61804,32.27916,-29.599398,24.918806,2.135444962757633
2015-06-02 12:00:00,-1.1100487,-1.7622558,0.7602998,295.75055,207.35199,259.2082,310.35034,-4.7015414,-5.2171135,27.337753,2.353041524895381
2015-06-03 12:00:00,-0.31470022,-0.63177764,0.76809394,341.17188,239.00362,257.326,314.98297,-7.909848,-11.818078,24.783352,3.6190175509770555
2015-06-04 12:00:00,-1.557926,-2.9611888,0.76724184,365.2729,258.42218,217.99548,303.59244,9.297306,-20.883793,9.667267,2.3468067027917803
2015-06-05 12:00:00,0.2763562,-2.0944989,0.7615417,300.63046,211.0022,248.63744,308.48773,29.159254,-16.030664,42.906563,6.64649406419112
2015-06-06 12:00:00,1.4354808,-0.5581755,0.7545466,311.24603,215.29971,262.7616,315.70657,10.530828,-4.3390074,49.193165,8.330161711634878
2015-06-07 12:00:00,1.6763643,-0.48408633,0.7538663,242.05789,168.23793,288.7895,316.54468,9.799609,0.4405476,56.30493,9.21776257552055
2015-06-08 12:00:00,-0.7775364,-1.5738926,0.79885316,311.43478,238.30829,262.4301,309.92004,6.074584,-26.382095,5.329056,5.44852702041541
2015-06-09 12:00:00,-1.328406,-1.5719256,0.77523303,276.70612,197.07138,275.75372,310.92288,-5.4146233,-7.087993,31.96296,4.393984919625421
2015-06-10 12:00:00,-0.23039767,-1.7482522,0.67201746,362.73694,225.14575,231.24951,310.05774,0.77727634,-6.666529,52.893703,12.14122376688849
2015-06-11 12:00:00,0.21358907,-1.8418157,0.60079455,364.84943,207.29916,227.49289,309.31244,11.566429,-16.267824,71.02932,19.623975666821885
2015-06-12 12:00:00,0.22884035,-1.578908,0.594463,367.6388,206.39447,226.6759,310.4084,10.285172,-12.4532585,75.34375,22.268056598548746
2015-06-13 12:00:00,0.086523,-1.7219911,0.59294325,367.21106,205.66605,229.47855,309.85394,9.360627,-14.430527,76.09972,23.377139509289826
2015-06-14 12:00:00,0.50369495,-1.5852575,0.58929104,367.57083,204.75354,230.28745,310.67764,11.076321,-13.461925,80.0415,24.311541139239477
2015-06-15 12:00:00,0.10909635,-1.5897824,0.59141433,363.35675,203.5933,229.22186,310.40332,10.502989,-12.719139,76.36584,23.709049658244094
2015-06-16 12:00:00,2.0611074,-0.24531904,0.58917844,285.65836,161.62799,272.01764,317.3244,6.9513273,-4.460967,81.21396,23.017931429504955
2015-06-17 12:00:00,1.2625794,-0.9451872,0.5867086,349.40857,194.45297,236.71205,313.273,19.04456,-13.787581,83.65161,24.552083090845652
2015-06-18 12:00:00,2.0605934,-0.69896984,0.5818201,243.01132,136.44815,276.32874,315.1206,26.334242,1.1448368,95.25038,24.831224694139575
2015-06-19 12:00:00,3.3089685,0.0,0.55557054,346.96564,185.84058,268.4806,318.7081,43.615868,1.2987928,155.81223,45.60641596346953
2015-06-20 12:00:00,3.3935618,-0.035276838,0.5726024,257.35266,142.12057,273.93924,318.01526,52.080597,-3.1200023,120.11666,38.03868491279103
2015-06-21 12:00:00,2.548356,-0.28536072,0.55050004,369.79276,194.45013,237.35304,316.23843,38.32501,-9.35834,125.423904,36.04178519868107
2015-06-22 12:00:00,3.979889,-0.018913692,0.5576162,317.5294,171.32086,267.55444,318.7023,64.29605,1.4358838,160.7926,45.755383826129446
2015-06-23 12:00:00,4.1582704,-0.0035536024,0.5464616,340.88843,179.00275,263.19794,318.8021,65.89798,0.38504872,172.56456,49.34233002011482
2015-06-24 12:00:00,4.81075,0.0,0.5247628,311.3224,153.14607,280.04126,319.28983,90.848206,-12.558521,197.21744,55.11543661155615
2015-06-25 12:00:00,4.2883434,-0.023250792,0.50742555,362.9409,177.17456,255.38138,318.26273,79.28654,-16.998959,185.17255,51.37987992783235
2015-06-26 12:00:00,3.981474,-0.2595853,0.5077312,379.29974,183.86414,232.62103,316.51636,79.42291,-28.94061,162.02258,45.34012778800474
2015-06-27 12:00:00,4.6096983,-0.038472917,0.47088614,370.75055,159.30037,239.08041,317.87247,104.15325,-26.36,210.45137,54.295557790327265
2015-06-28 12:00:00,4.3941145,-0.017223993,0.4481196,355.98962,151.59314,248.09302,318.0124,98.94603,-22.523108,210.90004,57.25335684043077
2015-06-29 12:00:00,4.0639396,-0.10004012,0.44799572,359.46362,153.46469,249.09842,317.6591,79.59858,-13.19454,203.8423,53.71341576242433
2015-06-30 12:00:00,4.203517,-0.051717654,0.4494055,358.21716,153.34029,250.92577,318.0658,78.896034,-11.183782,205.4491,54.97896595321943
2015-07-01 12:00:00,3.731151,-0.087587975,0.44570947,364.83398,154.32872,245.03763,317.61792,65.6559,-17.351688,186.22919,51.05426557431783
2015-07-02 12:00:00,3.434801,-0.13670467,0.44621152,362.05402,153.09433,246.0181,317.41302,56.240616,-9.233152,184.57222,48.899112802663886
2015-07-03 12:00:00,3.21834,-0.18930668,0.44412908,358.8526,151.88069,249.57104,317.09985,50.477417,-6.4943676,183.42615,47.10228694138899
2015-07-04 12:00:00,3.9808524,-0.060036022,0.44694513,345.82584,146.30003,250.0923,317.92374,70.92473,-17.471893,185.1472,49.435353522410665
2015-07-05 12:00:00,3.4719553,-0.048802484,0.44489855,351.08582,148.4179,257.71506,318.06836,48.32096,-2.711443,187.92415,48.51411661562705
2015-07-06 12:00:00,3.633794,-0.21144189,0.44679463,346.01404,147.28534,256.5307,317.29636,56.81735,-2.2386694,192.54173,48.0154297386639
2015-07-07 12:00:00,5.1370344,0.0,0.44717813,354.36353,150.15805,254.22949,318.88614,111.386734,-10.359871,240.57568,63.36737972299428
2015-07-08 12:00:00,3.8219833,-0.020204544,0.44685355,350.6266,148.3705,255.42705,318.357,60.408806,2.2375185,201.97247,57.2674684865547
2015-07-09 12:00:00,2.855479,-0.28464496,0.4479385,349.6374,148.70053,252.1113,316.9163,30.831532,-1.2970455,165.66635,44.1167210520236
2015-07-10 12:00:00,2.651399,-0.4184495,0.44886142,284.88467,120.969604,270.57892,316.44653,32.28917,9.493551,159.83017,40.6729115372884
2015-07-11 12:00:00,2.7727811,-0.0031272098,0.45089716,229.5715,99.99043,306.6974,319.08167,7.8617754,5.0349565,130.09352,35.11225566578671
2015-07-12 12:00:00,1.8740273,-0.59036773,0.44665653,333.7669,141.72653,248.76402,315.3378,13.495149,1.448381,140.41013,34.71887432994469
2015-07-13 12:00:00,2.406761,-0.21058974,0.45200765,244.8945,106.865234,272.70258,317.13434,18.835835,3.786335,116.219666,31.14414263506012
2015-07-14 12:00:00,2.1314342,-0.45653364,0.44844586,306.10992,130.54474,261.36694,316.23932,13.440518,3.872354,138.00569,34.31923163904599
2015-07-15 12:00:00,2.996889,-0.4828487,0.44854593,336.53482,143.49686,248.51971,315.69525,58.7162,-1.9212954,182.65733,44.10437772780367
2015-07-16 12:00:00,3.793819,-0.0019759072,0.44453824,336.25504,142.45712,259.01697,318.4298,59.264084,-1.516669,192.13249,53.67593251113292
2015-07-17 12:00:00,3.4770513,-0.17398548,0.44757143,336.87018,142.7645,248.50092,317.1316,62.27441,-4.447855,183.30156,48.69801094356275
2015-07-18 12:00:00,2.5867538,-0.33478048,0.4475891,322.09546,137.56735,257.1601,316.57095,26.400042,-0.34764898,151.16963,40.150322893103244
2015-07-19 12:00:00,2.5229402,-0.3969644,0.447959,328.6226,139.40115,251.706,316.33127,21.256157,1.9432843,147.79561,38.47018766656483
2015-07-20 12:00:00,3.5174193,-0.03954347,0.4482695,315.63358,134.12967,257.2042,317.94376,63.4823,5.3301644,189.57681,48.48159249928794
2015-07-21 12:00:00,2.5806122,-0.21603383,0.44957465,286.47775,122.95887,276.7036,317.41797,24.307339,4.910505,152.02238,41.00638090304899
2015-07-22 12:00:00,2.391755,0.0,0.45076025,227.1047,98.90166,311.5763,318.93317,13.350085,9.652597,143.84886,38.00284908197906
2015-07-23 12:00:00,2.1705081,-0.020338058,0.46881294,235.47467,109.60198,297.74945,318.64203,6.726074,3.9681754,115.67436,31.19430279711388
2015-07-24 12:00:00,1.4288002,-0.9246162,0.51311773,306.04523,151.7417,251.91191,313.55853,15.530127,2.3354077,110.522446,29.100101026562765
2015-07-25 12:00:00,1.6674005,-0.0047486625,0.5549147,184.15747,101.885574,310.20685,318.33124,5.834098,4.6366615,84.61827,23.639500321746358
2015-07-26 12:00:00,1.110442,-0.017090268,0.5896129,158.6366,93.038864,308.15094,317.3208,13.011444,2.5608199,72.00014,19.37257830311831
2015-07-27 12:00:00,1.2815899,-0.19626437,0.6398213,281.8006,172.34021,276.455,317.29938,-0.31247568,-2.1674497,66.13607,20.604712045176733
2015-07-28 12:00:00,-0.029491425,-1.712456,0.5927241,294.66644,168.00371,247.21783,310.14783,3.5359197,-4.4357476,62.832912,18.228556770037706
2015-07-29 12:00:00,0.74977076,-1.0991974,0.55138063,289.08273,151.93987,253.86206,313.09192,5.64098,-2.9782033,80.57578,21.67963269218404
2015-07-30 12:00:00,0.51426506,-1.1551076,0.49516827,304.10275,143.55862,242.1442,311.90338,13.401665,-11.640276,92.54633,24.41864184387542
2015-07-31 12:00:00,0.8244193,-0.95188946,0.46818203,293.81882,130.41747,243.26648,312.45474,21.566992,-18.49681,97.28327,26.046175864394126
2015-08-01 12:00:00,0.79443717,-1.6316323,0.49365228,304.45886,150.04279,224.39755,309.10034,43.15341,-29.450298,83.4164,23.26737677291426
2015-08-02 12:00:00,1.565335,-1.3217984,0.51379895,298.63812,148.75885,227.2009,310.85333,52.050514,-31.05907,87.21828,23.45931068112766
2015-08-03 12:00:00,1.0468817,-1.292453,0.513355,246.80783,123.07892,256.02777,311.4259,21.356964,-9.297958,80.389786,21.66525921838728
2015-08-04 12:00:00,1.6612852,-0.1349286,0.51793766,133.6673,68.80003,313.43774,317.15884,10.059708,-1.5672008,69.63867,17.72532289426897
2015-08-05 12:00:00,2.3040714,-0.18064012,0.51139414,264.5387,127.826004,274.58063,317.75604,3.1644838,-0.18884574,96.51292,25.03476159930631
2015-08-06 12:00:00,0.76095974,-1.3572866,0.4871056,283.8266,131.07599,236.46237,310.8321,18.939178,-4.6890497,92.63102,24.327619364145345
2015-08-07 12:00:00,1.9350829,-0.55777955,0.4740864,202.69571,92.82181,282.7082,315.26334,20.499931,-7.946792,89.871895,23.233228876590726
2015-08-08 12:00:00,1.5638375,-0.18229198,0.47502124,59.85844,28.720053,310.09827,316.20032,19.055367,8.785924,52.87763,8.589722489609095
2015-08-09 12:00:00,1.4839114,0.0,0.46143886,147.18303,64.88263,314.12494,317.7954,6.940462,6.151861,91.72225,27.978706255124646
2015-08-10 12:00:00,0.7966611,-0.19976436,0.6216853,167.80695,105.77877,294.721,316.59637,1.591449,0.89555615,42.639816,14.747677244465434
2015-08-11 12:00:00,-0.11463866,-1.1505157,0.6737868,184.01166,118.447205,281.57678,312.00644,4.5298376,-0.3868645,39.27777,9.186942738866817
2015-08-12 12:00:00,-0.5623274,-0.596109,0.8015636,220.85979,158.33084,281.69073,314.56976,-4.174077,-5.806621,19.66922,6.823979763892264
2015-08-13 12:00:00,-2.0754619,-3.5918672,0.7802709,248.7283,184.62202,234.72198,299.84506,25.209057,-25.019573,-0.8273163,1.4146954199033492
2015-08-14 12:00:00,2.2858462,-0.37407154,0.68602467,201.04391,124.894714,291.0647,316.05658,36.733383,-17.842659,70.04804,14.286272608885369
2015-08-15 12:00:00,2.3532264,-0.44024107,0.5981732,254.37274,142.87872,255.71552,315.0659,41.798172,-18.184998,75.75682,19.882183455824954
2015-08-16 12:00:00,1.9825205,-0.80020183,0.55441916,169.8134,88.544075,272.51764,313.7013,51.9624,-10.2882395,81.75983,20.00460743146827
2015-08-17 12:00:00,1.8176441,-0.14106019,0.523641,107.413055,54.917526,306.01392,316.4427,24.204317,-3.0882506,63.182823,18.59847384506667
2015-08-18 12:00:00,2.2106807,-0.3750252,0.50035405,181.16739,87.293076,273.60718,315.1997,41.379524,-11.672789,81.98852,21.1236591587913
2015-08-19 12:00:00,2.8675225,-0.008002917,0.4904846,170.48601,84.4997,288.4916,317.3747,49.43331,-1.803056,104.733475,27.329077126470633
2015-08-20 12:00:00,1.7688303,-0.00033717684,0.5112261,78.28047,39.206085,314.146,317.54388,23.039581,14.008375,72.72446,22.554426265730186
2015-08-21 12:00:00,0.3209184,-0.28036416,0.68875575,134.6259,89.399796,301.27036,315.7608,1.759725,-1.2957581,31.199623,8.881591605836661
2015-08-22 12:00:00,-3.0145552,-3.558184,0.7013992,194.86122,133.1145,242.21468,300.01743,2.9959054,-9.224028,-2.2841525,4.158527285988627
2015-08-23 12:00:00,-2.606635,-4.2442408,0.67774856,229.94788,148.75769,223.39925,297.0791,15.265518,-7.535431,15.2404175,5.479631320122885
2015-08-24 12:00:00,-2.5484686,-3.9819608,0.66087455,223.88058,141.57242,226.80508,298.2506,13.895008,-9.108122,15.649527,6.0980559200157005
2015-08-25 12:00:00,-2.869587,-4.5253296,0.6567917,224.43903,141.23608,218.68681,296.055,15.791952,-10.181135,11.44558,4.249209241365001
2015-08-26 12:00:00,-4.3678527,-5.4920354,0.6595945,223.12538,140.58049,212.61566,291.63043,9.347818,-10.484712,2.3932276,2.8259329998205036
2015-08-27 12:00:00,-1.1057462,-4.007327,0.6582526,146.5509,93.49553,250.97803,298.46893,64.05733,-41.31826,28.303535,4.357767237054979
2015-08-28 12:00:00,2.9698591,-0.0039141974,0.54803383,95.52759,47.975475,317.25916,318.53677,75.86128,19.23791,141.37369,31.024117060814238
2015-08-29 12:00:00,2.8995328,0.0,0.45421857,72.465195,31.602314,321.94867,318.39026,60.713524,42.753624,147.88843,43.06565730905348
2015-08-30 12:00:00,3.923555,0.0,0.4514516,135.89828,59.297096,303.44623,318.1561,76.76654,16.226952,154.88483,42.48488694898315
2015-08-31 12:00:00,2.112825,0.0,0.4978129,70.71237,35.535065,308.6311,317.2273,34.016266,13.746983,74.34436,23.508250509349132
2015-09-01 12:00:00,0.7170973,-1.2999002,0.60160077,161.26845,94.766846,259.20523,310.31262,22.012093,-4.638991,32.76731,10.982006093898011
2015-09-02 12:00:00,0.05625713,-1.1354059,0.58483404,184.24178,104.75424,259.07758,311.03247,6.6506634,-5.4232297,28.760075,9.93395643345006
2015-09-03 12:00:00,0.5090712,-2.0967765,0.5556968,118.30893,64.019035,256.93042,306.70053,41.262886,-7.913785,37.868885,7.508938660320227
2015-09-04 12:00:00,2.4427094,0.0,0.5027166,38.224716,19.37253,321.50543,317.8643,44.25556,31.212517,97.96141,21.661591769989883
2015-09-05 12:00:00,1.1034474,-0.0014121798,0.5495913,109.10679,59.295097,306.0041,317.24896,9.662297,5.756816,53.98593,19.834099386601324
2015-09-06 12:00:00,-0.117341146,-0.7480932,0.591091,109.41478,60.46849,288.78656,312.72723,3.8924346,-1.8720524,27.025997,6.400172843521272
2015-09-07 12:00:00,3.0320694,-0.6231646,0.56332904,119.41663,63.927376,266.01675,313.57147,62.033142,-15.661208,54.306473,11.809131063152945
2015-09-08 12:00:00,1.3929505,-1.3425555,0.53694385,172.31691,88.530464,237.77328,309.77936,55.593994,-33.541782,33.832584,9.964126241775546
2015-09-09 12:00:00,-0.8142075,-0.8793684,0.5932076,110.69644,66.72635,294.62775,312.28577,-5.893718,-5.123062,15.295292,4.408017167813714
2015-09-10 12:00:00,-2.8756356,-2.7525263,0.6703966,144.54395,96.35695,259.164,303.6291,-2.4926674,-2.3149705,-1.0857294,1.3838671719716071
2015-09-11 12:00:00,-3.159688,-4.1586685,0.855196,135.89618,112.39163,260.80176,297.75293,1.5160067,0.05729741,-11.873321,0.18005072488285154
2015-09-12 12:00:00,-5.7111797,-7.4660892,0.86769676,161.38632,132.4627,222.0368,283.0846,10.938958,0.7064754,-20.478743,0.0003904974593400758
2015-09-13 12:00:00,-5.0077286,-7.4026203,0.86806965,159.43092,130.54257,216.01176,282.94067,42.775127,-11.762636,-7.0280666,-3.171236114405744e-08
2015-09-14 12:00:00,-3.4407048,-6.5090995,0.8655,157.84969,128.99556,213.3927,286.88147,66.9496,-23.424618,-1.1096611,-7.16044560102691e-07
2015-09-15 12:00:00,-0.28717697,-3.0805678,0.7100882,118.25337,76.786194,252.01927,301.95868,95.16779,-60.23368,26.461884,0.7652824041918262
2015-09-16 12:00:00,0.5116503,-1.1904833,0.6153492,74.79204,44.52417,286.25452,310.7823,47.06523,-19.776325,33.029003,3.7792884971079577
2015-09-17 12:00:00,-0.19900173,-0.4896127,0.7867692,70.74478,54.08007,306.38998,314.00543,3.2878501,0.3884757,12.725589,2.371097317736356
2015-09-18 12:00:00,-4.1726704,-4.9268756,0.86448884,133.0386,109.180214,253.83304,294.12708,2.9625149,-3.2221756,-16.695307,0.1902539826733736
2015-09-19 12:00:00,-7.599326,-8.383317,0.860559,105.985,86.591576,240.16422,279.0196,3.4278502,-1.1936814,-17.227783,0.0003583991404162603
2015-09-20 12:00:00,-7.50368,-8.432411,0.846328,125.18427,100.498146,235.40211,278.83264,7.2117043,-2.0260568,-13.558752,0.0
2015-09-21 12:00:00,-9.036819,-11.48513,0.8453016,131.22299,104.92471,198.8214,266.06552,29.4983,-7.2573433,-18.70489,1.9269771487335743e-09
2015-09-22 12:00:00,-10.114862,-11.612024,0.8398404,117.87225,94.31152,216.40883,265.70575,9.958937,0.9168334,-14.86042,4.190802897429404e-12
2015-09-23 12:00:00,-9.6549425,-12.144264,0.841396,120.70983,96.33432,193.72842,263.14093,49.199986,-14.949117,-10.786126,1.3459984054727052e-15
2015-09-24 12:00:00,-3.3703895,-5.3648,0.83565855,70.950806,56.505737,262.432,291.97632,37.13414,-3.2342114,18.800686,-8.463041841696019e-07
2015-09-25 12:00:00,-5.547167,-7.7146034,0.83435,99.610916,79.216064,237.75623,281.90323,23.690838,-3.7138023,-3.775116,-1.9954871228546844e-09
2015-09-26 12:00:00,-4.5220838,-7.3361654,0.8338512,111.539825,88.65896,233.38199,283.44846,35.013916,-7.6582174,0.1700983,-3.180193241019377e-06
2015-09-27 12:00:00,-6.548044,-8.493364,0.8308697,91.504684,72.45956,240.59743,278.5331,23.803658,-7.198217,-2.2851157,1.3459984054727052e-15
2015-09-28 12:00:00,-4.9845257,-6.9455023,0.8297333,85.12043,67.38038,245.48509,284.94022,38.613247,-14.619484,2.2786903,1.3459984054727052e-15
2015-09-29 12:00:00,-5.4613776,-7.5894938,0.82833505,67.50484,53.28569,244.66177,282.44745,31.50113,-6.2862253,1.6483755,1.3459984054727052e-15
2015-09-30 12:00:00,-6.8391123,-8.667074,0.82575846,97.50476,76.65381,228.8224,277.73428,24.280117,-3.6311526,-7.411964,1.3459984054727052e-15
2015-10-01 12:00:00,-8.821018,-10.165882,0.8252567,62.90226,49.657272,241.26697,271.56866,10.091845,1.0011269,-5.963738,4.309348305308508e-15
2015-10-02 12:00:00,-6.395034,-7.5628276,0.8263362,29.455536,23.182552,252.44131,282.11917,27.985416,-1.7816879,2.7988558,4.3121316555731846e-15
2015-10-03 12:00:00,-6.028454,-6.430147,0.82339215,60.078964,47.77926,270.58398,287.1613,3.3054862,1.3431728,0.37106347,4.3117365147032904e-15
2015-10-04 12:00:00,-14.853363,-16.120188,0.8224332,87.45299,70.13887,197.76471,247.49588,17.042038,-2.573525,-17.94854,4.31259455907886e-15
2015-10-05 12:00:00,-18.420591,-20.102661,0.82271206,68.39621,54.572746,178.71884,232.55344,22.651875,-2.1693497,-19.528606,4.312956242147337e-15
2015-10-06 12:00:00,-18.668,-20.416582,0.8219943,84.58794,67.76724,174.45126,231.32828,20.378998,0.42118454,-19.256138,4.312956242147337e-15
2015-10-07 12:00:00,-17.45987,-19.290487,0.8182002,72.06276,57.401093,189.5346,235.55064,21.464172,-2.0982718,-11.98847,4.312956242147337e-15
2015-10-08 12:00:00,-10.286462,-13.249715,0.82300496,77.099014,61.690792,194.90225,258.50427,58.835228,-10.039635,0.6017952,4.312956242147337e-15
2015-10-09 12:00:00,-7.755481,-10.904471,0.82022715,71.75858,56.964657,196.04959,267.85846,79.06464,-18.837017,3.212677,4.312956242147337e-15
2015-10-10 12:00:00,-4.2159986,-7.3968573,0.8210678,71.09062,56.524418,212.5834,282.40552,92.826675,-31.124113,6.4466534,-5.199950096066813e-10
2015-10-11 12:00:00,-5.405655,-8.493052,0.8198507,67.62344,53.431,204.76874,277.83618,116.750465,-53.63964,4.2358246,-3.6949598000237647e-08
2015-10-12 12:00:00,-2.28378,-5.1980457,0.81762135,48.02575,37.72191,248.16217,292.1054,146.31137,-102.095085,10.576889,-3.9622794069897634e-07
2015-10-13 12:00:00,-3.612207,-5.1829023,0.82032084,31.070673,24.402893,266.54272,292.35095,52.589554,-25.171223,8.277882,-1.3478129808191326e-07
2015-10-14 12:00:00,-4.3729353,-6.6924524,0.8331015,58.17062,46.503944,221.26064,285.6079,69.11669,-11.595417,4.8406754,-0.001022432967936541
2015-10-15 12:00:00,-0.26809144,-0.95752335,0.8265437,16.356167,13.037515,307.90445,311.4037,18.312052,-4.887411,13.244055,-0.012167990946375487
2015-10-16 12:00:00,-2.4632478,-3.620143,0.8382761,40.518856,32.619286,273.5818,299.25342,18.744587,2.208297,3.1808236,-0.0005501687314677614
2015-10-17 12:00:00,-6.048995,-7.8573723,0.83801544,33.350163,27.229477,240.6076,280.68933,28.819715,3.156263,-1.9850619,-1.38480863227996e-08
2015-10-18 12:00:00,-10.843943,-12.673071,0.8237685,52.17583,42.479347,209.03516,260.97635,33.554066,-2.950033,-11.6406765,4.312956242147337e-15
2015-10-19 12:00:00,-14.795977,-16.77291,0.8213701,49.05593,39.76351,187.53201,244.60089,39.256958,-3.7098331,-12.229334,4.312956242147337e-15
2015-10-20 12:00:00,-16.90765,-19.44552,0.8245168,48.170624,39.166275,169.1344,234.46907,46.84327,-4.2262764,-13.713329,4.312956242147337e-15
2015-10-21 12:00:00,-20.326956,-22.521187,0.8238195,46.271538,37.63955,162.94095,223.42747,34.361237,-1.8136053,-19.306908,4.309348305308508e-15
2015-10-22 12:00:00,-22.559155,-24.48838,0.8222203,37.15275,29.921715,163.09882,216.53214,31.8883,-1.4564812,-15.770467,4.3121316555731846e-15
2015-10-23 12:00:00,-16.425213,-17.850079,0.8174794,30.271038,24.34035,210.8972,240.74786,23.20163,-3.502308,-4.2206516,4.3117365147032904e-15
2015-10-24 12:00:00,-15.474125,-17.743622,0.8209602,37.226273,29.988293,180.67896,240.83557,60.85553,-15.175934,-7.2390404,4.31259455907886e-15
2015-10-25 12:00:00,-8.940448,-11.095327,0.81956494,15.240009,12.213236,229.36797,267.4679,71.15262,-28.60439,7.475071,4.312956242147337e-15
2015-10-26 12:00:00,-5.0046167,-5.78021,0.81711066,22.987104,18.39819,271.63776,289.91605,22.374474,-2.7179105,5.967188,4.312956242147337e-15
2015-10-27 12:00:00,-12.09888,-12.397951,0.8143959,19.347727,15.529964,254.34157,262.28278,0.55788755,-0.5027971,-4.068355,4.312956242147337e-15
2015-10-28 12:00:00,-13.066376,-13.507238,0.8136679,16.30048,13.079471,250.31973,257.82312,1.6168714,-1.3583016,-4.0238085,4.312956242147337e-15
2015-10-29 12:00:00,-16.656452,-19.517998,0.8168459,28.738623,23.261875,189.8515,234.46939,23.642374,0.82784355,-14.670926,4.312956242147337e-15
2015-10-30 12:00:00,-17.62481,-20.07687,0.8182301,26.056122,21.078924,189.1322,232.41367,27.94373,1.9285522,-8.431986,4.312956242147337e-15
2015-10-31 12:00:00,-7.4301176,-10.997679,0.81937236,23.057985,18.58043,201.42456,267.23273,73.74635,-8.623763,3.791978,4.312956242147337e-15
2015-11-01 12:00:00,-15.642294,-17.581867,0.81800455,18.30645,14.695912,206.31342,241.7783,22.794914,0.29344434,-8.765992,4.309348305308508e-15
2015-11-02 12:00:00,-16.733986,-18.416018,0.8125995,17.655685,14.186479,207.35825,238.79733,14.813007,1.9091561,-11.247716,4.3121316555731846e-15
2015-11-03 12:00:00,-24.145536,-26.313026,0.8205687,22.006706,17.883072,154.65363,210.18515,31.011688,0.12272115,-20.273481,4.3117365147032904e-15
2015-11-04 12:00:00,-24.459818,-27.028471,0.8213569,21.05465,17.114323,145.11249,207.67087,44.35482,-0.39546505,-14.658698,4.31259455907886e-15
2015-11-05 12:00:00,-17.081928,-20.624657,0.8213534,19.088634,15.514738,161.62245,229.9945,60.82617,-1.6292021,-5.6011868,4.312956242147337e-15
2015-11-06 12:00:00,-19.92043,-22.45339,0.81450415,12.973549,10.418636,181.85141,223.67628,30.15965,-1.1648018,-10.275113,4.312956242147337e-15
2015-11-07 12:00:00,-23.927298,-26.35887,0.8169185,16.312302,13.112499,159.41885,210.00142,30.03555,0.49062225,-16.856592,4.312956242147337e-15
2015-11-08 12:00:00,-21.084967,-23.13721,0.812168,12.421839,9.978617,189.0719,221.33626,21.391237,-0.32200325,-8.751903,4.312956242147337e-15
2015-11-09 12:00:00,-21.56868,-24.318314,0.81593144,14.381649,11.683899,169.20004,217.01903,34.014114,-0.03400143,-11.141122,4.312956242147337e-15
2015-11-10 12:00:00,-20.60812,-23.387215,0.81298167,10.932408,8.776703,171.97314,220.25967,37.95556,-0.04801041,-8.223277,4.312956242147337e-15
2015-11-11 12:00:00,-22.250221,-24.325798,0.81314707,9.628485,7.731253,176.9838,217.09793,24.430193,1.6103817,-12.176329,4.309348305308508e-15
2015-11-12 12:00:00,-27.583275,-29.427364,0.8176351,11.177543,9.072556,149.01196,199.77382,28.952461,0.8465549,-18.857851,4.3121316555731846e-15
2015-11-13 12:00:00,-27.48534,-29.663805,0.8206552,10.271158,8.342703,144.06673,198.90643,39.958076,-0.51243424,-13.465609,4.3117365147032904e-15
2015-11-14 12:00:00,-18.036882,-21.094927,0.81533086,6.88925,5.529622,181.12962,228.50601,45.19023,-1.1504816,-1.977012,4.31259455907886e-15
2015-11-15 12:00:00,-22.610516,-25.123482,0.8211918,8.371465,6.8001204,161.22159,214.14392,40.62973,-0.13944423,-10.860704,4.312956242147337e-15
2015-11-16 12:00:00,-20.69972,-23.64698,0.82103944,7.7473316,6.2924476,157.46207,219.18234,54.581383,-1.5619131,-7.2459226,4.312956242147337e-15
2015-11-17 12:00:00,-22.660826,-25.50346,0.82115376,6.980092,5.6687584,151.24176,212.76497,49.8549,-1.2092694,-11.566245,4.312956242147337e-15
2015-11-18 12:00:00,-22.040737,-24.445988,0.8205962,6.3286366,5.120564,150.87466,216.55734,67.75542,-7.691635,-4.4108276,4.312956242147337e-15
2015-11-19 12:00:00,-9.724285,-12.452654,0.8127451,3.7826357,3.0286622,219.94028,261.5511,98.21431,-45.536568,11.820908,4.312956242147337e-15
2015-11-20 12:00:00,-5.1791215,-6.3571925,0.8118942,2.7734325,2.2130475,282.97443,287.28815,58.960514,-37.17296,18.034222,-1.4833816606655944e-05
2015-11-21 12:00:00,-0.85737956,-1.7824662,0.82118464,1.271004,1.0464872,304.39276,307.4415,35.768806,-15.288483,17.656105,-0.07448748688925672
2015-11-22 12:00:00,-4.7868786,-5.6483145,0.825902,1.7062594,1.3915596,278.4107,290.3102,25.094822,-7.1263113,6.383705,-5.5645167760973255e-06
2015-11-23 12:00:00,-10.332186,-12.086317,0.81348014,3.0470958,2.4905224,230.39734,263.40378,29.049828,-0.99711734,-4.397157,4.3117365147032904e-15
2015-11-24 12:00:00,-11.003809,-12.489644,0.81266564,1.8619428,1.5131261,244.9989,261.68295,19.0532,-0.4226348,2.2953293,4.31259455907886e-15
2015-11-25 12:00:00,-15.503956,-16.701595,0.81329185,1.7189512,1.395749,223.44247,245.22166,14.945385,0.63079274,-5.8798103,4.312956242147337e-15
2015-11-26 12:00:00,-16.213413,-16.990103,0.81088364,1.4627492,1.1858935,230.87784,244.20834,5.793827,0.80162895,-6.458194,4.312956242147337e-15
2015-11-27 12:00:00,-24.43459,-26.36588,0.8138969,1.7598224,1.4413435,154.85112,210.14679,37.659653,-0.9665367,-18.284077,4.312956242147337e-15
2015-11-28 12:00:00,-27.389954,-29.341612,0.81070054,1.2709818,1.0303816,143.69608,199.8783,44.688713,-2.8605676,-14.113474,4.312956242147337e-15
2015-11-29 12:00:00,-26.063496,-28.09857,0.8106942,1.0466106,0.84848076,150.38406,204.00835,44.29087,-2.4180803,-11.553361,4.312956242147337e-15
2015-11-30 12:00:00,-22.92908,-24.89104,0.8109108,0.8900026,0.7225621,169.49118,215.03157,41.570827,-2.6594784,-6.4615984,4.312956242147337e-15
2015-12-01 12:00:00,-17.216309,-19.459896,0.81068647,0.53535616,0.43400443,212.43398,234.74622,27.030083,-3.424387,1.3948078,4.309348305308508e-15
2015-12-02 12:00:00,-17.016735,-19.835625,0.8116324,0.51143676,0.41461858,159.45694,232.8135,83.65245,-15.2290535,-4.8363533,4.3121316555731846e-15
2015-12-03 12:00:00,-15.892057,-18.60948,0.8106864,0.28600997,0.23187143,185.906,237.72137,65.46739,-13.372885,0.33327675,4.3117365147032904e-15
2015-12-04 12:00:00,-17.052166,-20.066113,0.81069434,0.24385118,0.19768648,159.29501,231.95859,77.86804,-11.117765,-5.867132,4.31259455907886e-15
2015-12-05 12:00:00,-20.117268,-22.498335,0.81068414,0.1733906,0.14056331,162.54749,223.34023,57.332016,-6.027845,-9.455744,4.312956242147337e-15
2015-12-06 12:00:00,-22.03359,-24.580772,0.81067693,0.10971278,0.088940665,174.17126,216.28746,37.136433,-1.1641128,-6.123105,4.312956242147337e-15
2015-12-07 12:00:00,-13.797762,-17.05314,0.81223786,0.035550892,0.028820165,196.3855,243.63394,56.974457,-5.9111667,3.8215756,4.312956242147337e-15
2015-12-08 12:00:00,-11.1298065,-13.6649685,0.8106669,0.011535624,0.009351334,234.03983,256.9962,32.50052,-8.37501,1.1713333,4.312956242147337e-15
2015-12-09 12:00:00,-19.477764,-22.2794,0.81072354,0.0,0.0,167.60864,224.10977,49.40209,-2.0903265,-9.189367,4.312956242147337e-15
2015-12-10 12:00:00,-16.230795,-19.220276,0.8135481,0.0,0.0,170.07007,235.13702,67.25186,-4.203257,-2.018351,4.312956242147337e-15
2015-12-11 12:00:00,-16.656391,-19.564611,0.81258225,0.0,0.0,171.43074,233.89323,65.344246,-6.2335334,-3.3517814,4.309348305308508e-15
2015-12-12 12:00:00,-15.117408,-16.955666,0.8106608,0.0,0.0,220.9693,244.09763,31.960007,-8.182163,0.64951706,4.3121316555731846e-15
2015-12-13 12:00:00,-25.385618,-27.81954,0.8163248,0.0,0.0,151.2008,205.42754,31.042866,1.9590259,-21.224838,4.3117365147032904e-15
2015-12-14 12:00:00,-34.260727,-36.36209,0.8185648,0.0,0.0,121.0302,177.82007,33.219,0.15289524,-23.417974,4.31259455907886e-15
2015-12-15 12:00:00,-34.282806,-36.306694,0.81879914,0.0,0.0,119.89485,177.95502,40.385033,-0.69850653,-18.37364,4.312956242147337e-15
2015-12-16 12:00:00,-35.280247,-37.381645,0.8196659,0.0,0.0,117.164635,174.72394,38.749382,-0.64774525,-19.457666,4.312956242147337e-15
2015-12-17 12:00:00,-31.444845,-34.372475,0.8196328,0.0,0.0,122.206345,183.79507,49.862366,-0.09324503,-11.819609,4.312956242147337e-15
2015-12-18 12:00:00,-28.217354,-30.702808,0.8170079,0.0,0.0,144.27176,195.4838,43.65619,-1.2314126,-8.78726,4.312956242147337e-15
2015-12-19 12:00:00,-28.022709,-30.553879,0.8172624,0.0,0.0,139.36682,195.8851,46.730774,-0.27608752,-10.063594,4.312956242147337e-15
2015-12-20 12:00:00,-30.456905,-32.8957,0.812747,0.0,0.0,145.34088,188.62503,27.934391,0.054025058,-15.295733,4.312956242147337e-15
2015-12-21 12:00:00,-31.312233,-33.674656,0.81062996,0.0,0.0,154.19794,186.2325,19.219734,0.2696114,-12.545216,4.309348305308508e-15
2015-12-22 12:00:00,-32.341152,-34.92801,0.8136465,0.0,0.0,138.71628,182.2969,26.836548,0.45417985,-16.2899,4.3121316555731846e-15
2015-12-23 12:00:00,-30.545633,-32.938957,0.8186291,0.0,0.0,143.14883,188.50366,38.589977,-0.8744086,-7.6392593,4.3117365147032904e-15
2015-12-24 12:00:00,-20.581661,-23.46698,0.81652856,0.0,0.0,157.3405,219.90915,71.765076,-4.8949704,4.301456,4.31259455907886e-15
2015-12-25 12:00:00,-9.196312,-11.558054,0.8113554,0.0,0.0,240.23024,265.57,66.611534,-23.712713,17.559053,4.312956242147337e-15
2015-12-26 12:00:00,-7.089366,-9.791507,0.81100166,0.0,0.0,233.62888,272.39532,119.48955,-70.88321,9.83989,4.312956242147337e-15
2015-12-27 12:00:00,-12.611072,-15.723564,0.8113313,0.0,0.0,172.87167,248.3216,104.71669,-28.72331,0.54345894,4.312956242147337e-15
2015-12-28 12:00:00,-16.97088,-19.956928,0.8133209,0.0,0.0,171.85251,232.91985,61.373158,-8.157606,-7.8517857,4.312956242147337e-15
2015-12-29 12:00:00,-28.740988,-30.140541,0.81169903,0.0,0.0,166.66803,197.74797,13.071199,0.75133324,-17.257408,4.312956242147337e-15
2015-12-30 12:00:00,-31.071737,-31.957376,0.81150395,0.0,0.0,168.46902,191.79413,8.467149,0.05532089,-14.802634,4.312956242147337e-15
2015-12-31 12:00:00,-33.72073,-34.712257,0.81149626,0.0,0.0,150.20683,183.0908,15.961088,-0.5959121,-17.518797,4.312956242147337e-15
2016-01-01 12:00:00,-26.059917,-29.501228,0.8114894,0.0,0.0,158.56152,199.92142,38.96431,0.675418,-1.7201661,4.309348305308508e-15
2016-01-02 12:00:00,-13.167511,-16.254501,0.8114697,0.0,0.0,201.07054,246.49344,66.29553,-11.563283,9.309352,4.3121316555731846e-15
2016-01-03 12:00:00,-10.344742,-13.75552,0.81144226,0.0,0.0,204.80307,256.3422,80.80312,-19.74128,9.52272,4.3117365147032904e-15
2016-01-04 12:00:00,-8.050259,-11.341108,0.811388,0.008176816,0.0066066533,199.04639,265.74167,119.7411,-43.268333,9.779053,4.31259455907886e-15
2016-01-05 12:00:00,-7.24489,-11.337345,0.8113314,0.050719544,0.040920943,221.6233,266.2699,69.76716,-20.418118,4.7122498,4.312956242147337e-15
2016-01-06 12:00:00,-9.110781,-12.077232,0.8120792,0.0,0.0,214.88927,263.0434,91.624435,-35.7117,7.758606,4.312956242147337e-15
2016-01-07 12:00:00,-9.629749,-12.76748,0.8131565,0.1652852,0.13331442,187.60036,260.08542,117.43398,-38.16626,6.8146286,-3.3242861436430293e-12
2016-01-08 12:00:00,-5.9926825,-9.390646,0.8136369,0.22578265,0.1815379,206.2727,273.87146,119.4366,-44.485565,7.3965225,-6.590113246531488e-10
2016-01-09 12:00:00,-10.063196,-13.231838,0.8135548,0.28494054,0.2288529,206.50848,258.38834,65.91091,-12.608612,1.4785347,4.312956242147337e-15
2016-01-10 12:00:00,-12.024958,-13.749477,0.813032,0.33892107,0.27222443,231.31189,256.61322,28.925072,-2.5244699,1.1659675,4.312956242147337e-15
2016-01-11 12:00:00,-14.296964,-17.12461,0.81276214,0.45878598,0.36844468,182.92197,243.09644,63.914223,-4.770218,-0.9401245,4.309348305308508e-15
2016-01-12 12:00:00,-10.82535,-13.045694,0.8127425,0.5515936,0.4426735,211.34189,259.12256,67.552574,-15.348328,4.5324974,4.3121316555731846e-15
2016-01-13 12:00:00,-15.520529,-17.31379,0.814131,0.7975396,0.64538485,189.75977,242.50262,62.266785,-13.344821,-3.6687422,4.3117365147032904e-15
2016-01-14 12:00:00,-16.976578,-19.169212,0.8172186,1.0701239,0.8678993,172.81146,235.42944,66.25038,-6.7641354,-2.92951,4.31259455907886e-15
2016-01-15 12:00:00,-7.865874,-11.107359,0.8142941,1.1754339,0.9360912,193.92648,266.69113,125.64324,-43.290047,9.8278885,4.312956242147337e-15
2016-01-16 12:00:00,-7.641881,-11.019944,0.811221,1.5272582,1.2139378,198.72308,267.20166,101.882614,-25.47921,8.238152,-3.3877913422384254e-07
2016-01-17 12:00:00,-2.2295055,-5.734865,0.8107803,1.3809848,1.0920806,240.56287,289.528,137.0239,-74.15317,14.194481,-2.1947001313184925e-08
2016-01-18 12:00:00,-1.9284375,-5.410304,0.8134606,2.0224721,1.6005123,231.44435,290.8686,121.842636,-50.752617,12.087738,-3.1088817608786924e-08
2016-01-19 12:00:00,-2.3323772,-5.9065356,0.81329536,2.480825,1.9563324,214.69669,288.60602,158.50705,-73.75355,11.36866,-6.421310047256961e-08
2016-01-20 12:00:00,-1.4453231,-4.9997454,0.81309944,2.836018,2.228846,228.85117,292.68173,148.40305,-72.554756,12.624893,-9.51522393934979e-08
2016-01-21 12:00:00,-6.853009,-10.043602,0.81449395,3.3556993,2.6329298,209.36592,271.6624,80.85469,-22.065056,-2.7840881,-1.2864030973833248e-08
2016-01-22 12:00:00,-15.716042,-15.904617,0.81271327,2.1161957,1.6669574,241.07574,248.33286,0.8376589,-0.30427328,-6.2744865,4.3121316555731846e-15
2016-01-23 12:00:00,-19.428043,-19.858572,0.8117011,3.3090415,2.6058125,216.74643,233.52036,2.62759,-0.21672842,-13.659836,4.3117365147032904e-15
2016-01-24 12:00:00,-22.940159,-25.660576,0.81239974,4.9431725,3.894401,151.59804,212.29211,41.177647,0.7292266,-17.738432,4.31259455907886e-15
2016-01-25 12:00:00,-26.014164,-27.484577,0.8115708,4.408436,3.4686508,174.95428,206.37708,14.591354,-0.19758555,-16.089237,4.312956242147337e-15
2016-01-26 12:00:00,-27.649834,-27.132877,0.81104124,3.5906463,2.8318343,196.56143,207.7279,-3.9836397,-0.9177103,-15.309011,4.312956242147337e-15
2016-01-27 12:00:00,-29.564186,-31.107014,0.8122798,5.7341423,4.5195246,153.04646,194.36935,21.7528,-0.7911877,-19.14666,4.312956242147337e-15
2016-01-28 12:00:00,-22.122864,-25.04696,0.8108028,5.501783,4.336749,182.09624,214.63202,27.12664,-0.8620559,-5.106164,4.312956242147337e-15
2016-01-29 12:00:00,-17.918879,-20.92376,0.81338954,7.696932,6.0631294,161.48729,229.09872,70.2177,-7.665147,-3.4250803,4.312956242147337e-15
2016-01-30 12:00:00,-25.912682,-28.313976,0.81991875,10.036802,7.9972734,145.14883,203.33263,41.14913,-0.7340668,-15.729199,4.312956242147337e-15
2016-01-31 12:00:00,-24.845308,-27.64323,0.8199258,11.119926,8.85819,138.85123,205.45926,57.1852,-2.9091835,-10.070282,4.312956242147337e-15
2016-02-01 12:00:00,-20.114164,-22.995602,0.81982154,11.256312,8.956619,147.40479,221.42334,77.56119,-7.487233,-1.6449099,4.309348305308508e-15
2016-02-02 12:00:00,-15.502676,-18.44159,0.81201404,12.119205,9.591355,169.49583,238.1296,88.79007,-17.857138,4.8270206,4.3121316555731846e-15
2016-02-03 12:00:00,-10.872242,-13.74168,0.8128252,9.377882,7.3563128,194.48956,256.2999,110.23774,-40.758537,9.690437,4.3117365147032904e-15
2016-02-04 12:00:00,-12.562652,-15.923769,0.8140204,14.706928,11.651766,170.84396,247.67162,95.66704,-20.792347,1.1021996,4.31259455907886e-15
2016-02-05 12:00:00,-16.725044,-19.628971,0.81668645,15.648226,12.324318,166.39413,233.80646,69.68384,-11.037759,-5.442338,4.312956242147337e-15
2016-02-06 12:00:00,-18.755993,-21.105526,0.8124283,16.087854,12.62764,176.05965,228.49207,51.36828,-7.060773,-4.6647005,4.312956242147337e-15
2016-02-07 12:00:00,-12.359326,-15.547501,0.81076527,13.4044695,10.481373,194.71434,249.3294,67.34395,-9.944864,5.7071133,4.312956242147337e-15
2016-02-08 12:00:00,-16.758575,-19.368002,0.8107711,16.91492,13.224657,183.9037,234.97444,43.327835,-2.4879835,-6.5406265,4.312956242147337e-15
2016-02-09 12:00:00,-20.760834,-21.812166,0.8105957,13.677385,10.702884,203.1196,226.21214,11.98098,0.5763096,-7.5607524,4.312956242147337e-15
2016-02-10 12:00:00,-25.213852,-27.22081,0.8168188,23.704731,18.749584,145.88586,207.0912,40.853638,-1.9550248,-17.351578,4.312956242147337e-15
2016-02-11 12:00:00,-24.792406,-27.40461,0.8133205,19.405546,15.164547,150.27417,206.5669,44.21317,-1.5504725,-9.38903,4.309348305308508e-15
2016-02-12 12:00:00,-14.713459,-17.994856,0.81044626,19.502375,15.237871,188.47943,240.0266,58.993385,-4.858594,6.85213,4.3121316555731846e-15
2016-02-13 12:00:00,-12.13314,-15.529352,0.8104524,23.70073,18.50419,179.35376,249.29575,85.83009,-15.511801,5.5728474,4.3117365147032904e-15
2016-02-14 12:00:00,-9.900031,-13.40897,0.8104637,26.682274,20.81812,184.4697,257.68066,101.86571,-24.586178,9.932713,4.31259455907886e-15
2016-02-15 12:00:00,-7.718203,-11.182292,0.81101805,19.992298,15.592016,201.47792,266.7655,125.12681,-55.676933,8.562576,4.312956242147337e-15
2016-02-16 12:00:00,-14.078592,-17.082525,0.81605995,34.88528,27.39391,168.77432,243.5778,77.079056,-16.00517,-6.238226,4.312956242147337e-15
2016-02-17 12:00:00,-20.384853,-22.949286,0.81766,35.792915,28.102634,153.88225,221.85138,50.128227,-1.0872679,-11.237891,4.312956242147337e-15
2016-02-18 12:00:00,-17.206156,-18.442722,0.8108477,17.149899,13.357186,217.98259,238.65701,20.249166,-2.8124747,0.5549817,4.312956242147337e-15
2016-02-19 12:00:00,-19.001194,-19.910955,0.810421,28.001984,21.808702,210.76147,233.19066,10.321184,0.8420294,-5.072689,4.312956242147337e-15
2016-02-20 12:00:00,-23.476023,-25.217045,0.81325275,43.232132,34.046467,156.84253,213.99323,36.55954,-2.191748,-13.597239,4.312956242147337e-15
2016-02-21 12:00:00,-12.429746,-14.157639,0.8103593,20.115646,15.687344,236.13559,255.52124,59.626328,-28.436062,16.232918,4.309348305308508e-15
2016-02-22 12:00:00,-7.095072,-8.259905,0.81033593,27.332651,21.275135,255.00098,279.0927,49.398827,-15.360047,16.004559,4.3121316555731846e-15
2016-02-23 12:00:00,-3.402977,-5.3726416,0.81031394,23.520805,18.291965,270.22876,291.52264,61.426537,-27.72435,17.637142,-1.359983072347384e-07
2016-02-24 12:00:00,-8.644283,-10.139444,0.810302,28.272093,21.941462,253.7908,271.77673,37.829468,-25.242613,0.9315548,-1.7630057971547355e-11
2016-02-25 12:00:00,-18.283377,-18.768566,0.81031543,39.97853,31.026432,214.73672,237.67989,3.5023868,-0.7191363,-11.207811,4.312956242147337e-15
2016-02-26 12:00:00,-15.334272,-18.539509,0.81508946,55.601288,43.433285,168.95749,238.59706,76.36502,-18.685184,0.20826721,4.312956242147337e-15
2016-02-27 12:00:00,-7.096077,-9.515883,0.81059825,46.158447,35.86933,227.16498,273.73578,112.674866,-62.235264,14.157917,4.312956242147337e-15
2016-02-28 12:00:00,-5.4024143,-8.059202,0.8114362,33.18935,25.756207,249.78673,280.242,83.95426,-46.961926,13.970203,4.312956242147337e-15
2016-02-29 12:00:00,-5.9867315,-9.068136,0.81162703,47.461456,36.86968,229.38303,275.94653,65.974365,-23.723213,6.2794228,4.312956242147337e-15
2016-03-01 12:00:00,-10.881873,-13.83638,0.8147783,57.33028,44.630928,193.28612,256.24957,56.398094,-9.036925,-2.902934,4.309348305308508e-15
2016-03-02 12:00:00,-10.050299,-13.044123,0.8161379,55.005814,42.695946,194.5212,259.49387,64.404144,-6.5920954,5.1492453,4.3121316555731846e-15
2016-03-03 12:00:00,-7.3903656,-9.562579,0.81138796,41.509277,32.215775,246.92458,273.80743,37.398365,-11.396792,8.412217,4.3117365147032904e-15
2016-03-04 12:00:00,-3.7873688,-6.6116543,0.8083559,45.122894,35.025745,247.04369,286.7238,71.921555,-22.388693,19.949911,-1.705252738616081e-05
2016-03-05 12:00:00,-8.675543,-10.035437,0.81366765,52.628487,40.9645,238.80237,272.12073,23.372623,-6.175768,-4.4575176,-1.7963814232121192e-06
2016-03-06 12:00:00,-14.4436245,-15.993642,0.81361604,58.317833,45.317154,194.87202,247.75555,40.127815,-8.885026,-8.640061,4.312956242147337e-15
2016-03-07 12:00:00,-21.952793,-23.948479,0.819649,81.44233,63.556313,145.22083,218.35522,36.44215,-3.937284,-22.743517,4.312956242147337e-15
2016-03-08 12:00:00,-14.832769,-17.019379,0.81347775,55.736305,43.313194,196.6456,244.2684,53.105003,-12.982504,4.9228077,4.312956242147337e-15
2016-03-09 12:00:00,-9.413731,-12.168986,0.81264603,61.09707,47.38891,223.11966,263.2137,51.20378,-16.554247,8.263639,4.312956242147337e-15
2016-03-10 12:00:00,-10.231802,-12.234745,0.81286323,71.23636,55.412506,232.96309,263.1726,19.68982,-4.2896347,1.0145187,4.312956242147337e-15
2016-03-11 12:00:00,-20.657177,-19.955505,0.8117734,56.6764,44.05959,218.89041,233.23798,-11.088688,-2.022047,-14.84149,4.309348305308508e-15
2016-03-12 12:00:00,-25.274067,-26.799791,0.81417924,97.90082,76.2094,151.96432,209.13284,12.488103,-0.92386174,-23.912857,4.3121316555731846e-15
2016-03-13 12:00:00,-26.26144,-27.8663,0.8141175,102.3631,79.71516,152.83734,205.50462,9.415627,-0.5032653,-21.10698,4.3117365147032904e-15
2016-03-14 12:00:00,-25.560574,-27.332287,0.8161609,98.55763,76.648895,143.45139,207.18454,32.8798,-1.3486495,-10.293268,4.31259455907886e-15
2016-03-15 12:00:00,-15.770842,-18.046335,0.8152428,97.82155,76.0152,179.68488,240.33614,66.887505,-18.451134,9.591461,4.312956242147337e-15
2016-03-16 12:00:00,-7.162709,-9.807291,0.8125212,69.096115,53.580208,245.86716,272.91342,65.58763,-37.069298,16.987976,4.312956242147337e-15
2016-03-17 12:00:00,-2.0467806,-5.78398,0.8119242,97.42714,75.45113,223.85454,289.87473,115.12331,-46.442387,24.636738,-3.9637802345869744e-07
2016-03-18 12:00:00,-1.0698742,-4.5387564,0.81595296,103.89886,80.511566,224.119,295.1787,128.28,-60.04326,20.564323,-3.942994304954979e-05
2016-03-19 12:00:00,-4.455476,-6.3267517,0.83936423,109.16859,88.25936,253.45624,287.90396,34.783146,-11.933502,9.311146,-3.24776715686298e-05
2016-03-20 12:00:00,-6.3776083,-8.181293,0.84028035,104.97302,84.049965,244.06158,280.2737,20.011868,-1.0892352,3.633562,-4.543900426901143e-09
2016-03-21 12:00:00,-7.2081537,-9.576464,0.83570236,79.18661,63.20887,235.08751,274.22937,34.314796,-4.9676313,6.1830416,4.309348305308508e-15
2016-03-22 12:00:00,-11.039282,-12.799643,0.8346785,129.83784,103.205185,209.99644,261.1266,19.75762,-1.5094478,-6.2493105,4.3121316555731846e-15
2016-03-23 12:00:00,-8.035651,-11.377142,0.8329822,118.644104,94.083824,194.81174,266.4655,94.78465,-40.367256,7.3238983,-5.091085604528248e-11
2016-03-24 12:00:00,-7.3932548,-10.4132,0.83438575,138.60254,109.35589,189.18353,270.0276,100.16531,-44.21982,4.348091,4.31259455907886e-15
2016-03-25 12:00:00,-9.585112,-12.528542,0.83340275,139.1354,109.65773,194.95271,262.02234,45.163105,-7.3419514,0.22920418,4.312956242147337e-15
2016-03-26 12:00:00,-12.111067,-15.281094,0.8318428,141.57669,111.50178,188.4411,251.54279,29.377499,-1.9746393,-5.6239123,4.312956242147337e-15
2016-03-27 12:00:00,-16.652235,-18.150959,0.8303453,129.91437,102.51539,190.78058,240.37894,13.604696,0.21364282,-8.38104,4.312956242147337e-15
2016-03-28 12:00:00,-15.525747,-15.883184,0.822763,114.72069,90.14229,224.92249,249.26527,0.47926855,-1.380375,-0.6654955,4.312956242147337e-15
2016-03-29 12:00:00,-18.19542,-19.581882,0.8176811,154.418,120.21828,179.35303,234.96007,11.814615,-3.3793774,-12.97208,4.312956242147337e-15
2016-03-30 12:00:00,-17.752655,-20.094826,0.81841385,157.17606,122.31363,179.3294,233.60645,14.675746,-0.43431205,-5.1731777,4.312956242147337e-15
2016-03-31 12:00:00,-14.717062,-15.936859,0.8182484,122.62884,95.76239,218.43263,249.06615,6.5642157,-3.005588,-0.20843935,4.312956242147337e-15
2016-04-01 12:00:00,-18.42546,-18.690365,0.8181348,136.92116,106.76281,204.26486,238.16397,-2.675769,-1.8808395,-8.297369,4.309348305308508e-15
2016-04-02 12:00:00,-11.7277975,-14.797484,0.8193606,167.83412,130.65176,192.6684,253.98862,48.52601,-14.614552,9.773594,-2.1226653623891846e-11
2016-04-03 12:00:00,-4.101045,-7.4855833,0.8205243,160.54565,125.077354,209.06535,282.58142,103.76881,-47.921494,17.799545,-2.1336399973525597e-07
2016-04-04 12:00:00,-3.641605,-6.8522635,0.8151396,174.45802,134.70786,206.11234,285.13278,132.15115,-79.01637,13.864502,-8.42680401995808e-10
2016-04-05 12:00:00,-3.7515273,-6.7239475,0.8152483,146.58731,113.7055,221.12042,285.8971,140.06621,-93.3963,14.775047,-6.666998116610016e-09
2016-04-06 12:00:00,-2.8530908,-5.8807297,0.8110868,159.32404,122.82581,230.9635,289.75378,104.38272,-66.129585,15.961075,-1.9666970717679747e-08
2016-04-07 12:00:00,-2.4181132,-5.1518664,0.81087244,81.786865,63.249805,277.74707,293.28082,120.41983,-110.94991,12.473228,-1.3326399329754613e-07
2016-04-08 12:00:00,-3.6558635,-5.675221,0.8108047,115.869095,89.58333,266.59848,291.03113,31.378944,-25.121922,8.110142,-2.9017161010438532e-08
2016-04-09 12:00:00,-3.925345,-6.2050705,0.8128716,86.41301,66.985306,253.72574,288.67303,54.07734,-23.010693,15.547054,-4.490031884658156e-05
2016-04-10 12:00:00,2.9491873,-0.35318184,0.72844887,100.44351,65.31108,295.5409,316.1872,78.39651,-24.669613,68.21303,6.1858897234930135
2016-04-11 12:00:00,4.8045797,-0.028639905,0.6146171,121.536766,71.16,292.513,319.19992,116.70495,0.057080507,140.45187,28.905151415022353
2016-04-12 12:00:00,1.5057762,-0.8580482,0.5876298,177.90479,101.21412,243.98325,311.9825,48.840324,-13.908257,43.623466,14.57486684187953
2016-04-13 12:00:00,-1.4201528,-2.3104117,0.5849666,123.3078,70.619415,274.61725,305.70007,7.554864,-5.5532074,23.607216,2.90440175647826
2016-04-14 12:00:00,1.9133519,-0.26665,0.5785874,102.54479,57.705265,291.96234,315.37433,47.857685,-18.014292,51.270935,9.571149677257498
2016-04-15 12:00:00,-4.274421,-4.119629,0.614527,131.66681,78.0931,261.75336,297.06842,-2.7917264,-20.94923,-5.482312,1.2537215820970435
2016-04-16 12:00:00,-10.384577,-8.643132,0.79748356,156.08466,119.40614,248.98465,278.06512,-15.094,-8.319497,-15.815459,0.0001896908372954833
2016-04-17 12:00:00,-12.421683,-13.781643,0.8039451,223.91324,170.64394,176.79178,257.09506,11.932974,-9.755127,-24.856134,0.0
2016-04-18 12:00:00,-9.8053465,-10.986145,0.803036,172.2568,131.42084,223.97098,269.03506,10.730818,-5.580477,0.92222166,0.0
2016-04-19 12:00:00,-8.545739,-9.081909,0.79963124,172.31607,130.99544,244.03246,276.7898,0.98588794,-5.077669,4.471512,0.0
2016-04-20 12:00:00,-9.307013,-10.118635,0.79921174,236.03244,178.48091,210.82965,271.67322,9.101973,-10.880625,-5.07069,0.0
2016-04-21 12:00:00,-6.5688076,-8.909568,0.802572,190.7045,145.10532,216.72879,277.12946,60.95066,-31.516079,14.633099,-0.0004904450426034589
2016-04-22 12:00:00,-1.4053859,-2.2317247,0.80368304,68.8638,52.817055,295.6554,305.76086,30.19904,-10.896839,25.243477,-0.0010679780016946458
2016-04-23 12:00:00,0.75424707,-0.8299615,0.76012146,121.672066,84.42082,296.38016,312.63446,34.63479,-20.325558,35.30617,1.6587785752443858
2016-04-24 12:00:00,1.2595145,-1.6674392,0.6647706,233.54211,145.6278,239.64499,308.72534,58.510017,-27.452316,49.891655,8.238430327299506
2016-04-25 12:00:00,0.65955067,-2.1811967,0.674792,244.35912,155.93524,231.23444,306.26248,62.78831,-37.676094,38.50805,8.34425353215231
2016-04-26 12:00:00,-0.9034701,-3.211162,0.67391026,252.13513,161.22588,229.4682,301.84204,37.618946,-26.126556,30.027805,6.8827861594428725
2016-04-27 12:00:00,1.2183086,-1.9758514,0.6654316,256.78122,160.66737,228.98508,307.33536,70.93486,-39.242886,49.45554,9.404304243255492
2016-04-28 12:00:00,0.6720774,-2.0447674,0.6618619,260.76675,162.92642,225.1969,306.96643,55.302704,-36.009903,35.3636,9.100722315262253
2016-04-29 12:00:00,-0.5089997,-2.971499,0.659117,265.86383,165.25815,219.48328,302.64026,61.258324,-50.93582,27.771202,7.837712963893161
2016-04-30 12:00:00,-1.204467,-3.3765008,0.59929216,265.1584,152.00938,214.76443,300.48663,72.20116,-75.399796,24.228165,7.578202098333878
2016-05-01 12:00:00,-4.935605,-5.1670012,0.5797522,258.6256,144.94228,212.87363,292.90186,4.725662,-27.816826,10.563942,4.490440556383344
2016-05-02 12:00:00,-5.729151,-4.9091463,0.6278019,256.6565,154.73807,233.64145,294.18558,-11.971703,-18.655647,10.746948,2.493198986037532
2016-05-03 12:00:00,-4.3789186,-5.265333,0.6465059,197.2877,123.20872,243.49976,292.72455,11.398369,-26.38461,9.867954,1.6337023819978933
2016-05-04 12:00:00,-2.9099064,-3.9831314,0.643969,274.11627,168.39177,222.8758,298.66766,7.0770264,-11.07866,25.931,5.0378813568332355
2016-05-05 12:00:00,-3.9523277,-4.726735,0.64552635,279.24823,172.08194,217.28943,295.17355,4.717132,-13.925497,20.073801,5.547241097859573
2016-05-06 12:00:00,-3.4615157,-4.433717,0.64457154,287.15747,176.65451,218.81311,296.15814,11.883878,-23.074043,21.967762,5.397481240114511
2016-05-07 12:00:00,-1.1980342,-2.6888828,0.71470135,182.82799,133.98245,260.92615,304.05054,29.712996,-13.099531,22.334612,4.659841324539375
2016-05-08 12:00:00,-0.3535412,-2.0990448,0.7194081,90.55842,65.75005,279.01807,306.93475,49.462578,-16.53504,29.819216,4.109890039103891
2016-05-09 12:00:00,2.2033784,0.0,0.59777474,132.15295,76.37226,309.61536,318.08752,36.33634,4.4493303,88.0942,21.15909175202691
2016-05-10 12:00:00,1.2241144,0.0,0.59869266,62.718155,39.816025,311.33582,317.00446,15.445649,5.857159,38.536297,9.31053890705308
2016-05-11 12:00:00,2.301932,0.0,0.5689465,151.30693,79.3333,318.78735,318.63602,26.114643,16.220575,114.46018,25.169741114001038
2016-05-12 12:00:00,2.5660312,-0.004500389,0.5222012,240.20059,119.45279,290.63318,318.2972,36.91272,8.6220455,138.61853,36.86624173190272
2016-05-13 12:00:00,2.0445983,-0.5570928,0.47948974,280.11072,128.18677,256.2823,314.6228,31.927788,-8.222524,117.2887,31.305519563621523
2016-05-14 12:00:00,2.753758,-0.22097895,0.5095217,287.80365,141.65408,257.91614,316.60077,30.935165,-8.4531555,109.946945,29.518584515388046
2016-05-15 12:00:00,1.7204511,-1.0286546,0.50951886,304.54352,148.06615,243.3317,312.79736,29.427834,1.9036324,118.34317,31.02051893155441
2016-05-16 12:00:00,1.7884679,-0.7835024,0.49127448,294.74554,136.6802,246.19,313.97775,21.315887,-1.9238074,109.66967,29.023005418884388
2016-05-17 12:00:00,2.3039823,-0.16645569,0.45082814,282.46045,122.86844,259.94928,316.90527,21.660994,5.87521,130.17223,33.074435162152014
2016-05-18 12:00:00,1.5515947,-0.729017,0.45191753,292.5946,127.36859,251.22394,314.09528,21.61378,-5.78467,118.183784,29.06495754657561
2016-05-19 12:00:00,1.3023455,-0.26560253,0.44806793,295.44568,126.972824,260.09122,315.79718,22.998161,-15.4553385,120.30971,33.344389804133144
2016-05-20 12:00:00,0.07320869,-0.7031343,0.45137623,190.23453,83.08778,268.026,312.57272,10.969457,-41.460205,32.109276,12.492718551853956
2016-05-21 12:00:00,-2.582612,-2.709661,0.44561327,322.47366,137.08115,220.31442,303.5712,-6.825664,-51.2186,44.09148,11.033003148209627
2016-05-22 12:00:00,-2.1920786,-2.602721,0.45146266,292.3053,127.589874,235.56638,304.4883,-2.6345375,-37.364014,55.794937,12.523162873958317
2016-05-23 12:00:00,-1.2635487,-2.3973298,0.44494653,332.06857,140.84827,215.49146,305.54114,5.690896,-27.491787,79.369736,17.60204956468777
2016-05-24 12:00:00,-0.8770649,-2.3865714,0.45212948,301.82684,130.67027,227.10973,305.24884,26.849857,-55.882202,63.985107,18.193349082315244
2016-05-25 12:00:00,-2.8645117,-3.1475298,0.55439365,140.02794,87.944916,270.51166,301.56757,4.320624,-39.2119,-13.864161,1.6977893609140848
2016-05-26 12:00:00,-4.2989955,-3.7499802,0.68128175,205.44836,143.80362,280.71832,299.526,-9.143517,-23.86985,9.8237,2.103760872895601
2016-05-27 12:00:00,-4.359894,-4.0833645,0.84673005,293.6384,235.79294,256.82758,298.74478,-9.426483,-9.589628,-3.0878582,0.48342559454996964
2016-05-28 12:00:00,-4.424011,-5.488205,0.8410722,309.2382,246.75943,237.95361,293.50592,0.00024008751,-7.512889,-0.58619595,2.6552721767205355e-05
2016-05-29 12:00:00,-5.84282,-7.2335243,0.8348472,360.75,283.24207,201.40564,285.15582,8.669983,-12.322004,-9.89427,-7.553503983139549e-08
2016-05-30 12:00:00,-5.372787,-6.928999,0.8392801,342.0808,271.91284,213.02686,286.00543,19.714554,-19.480303,-2.576357,-0.004497620704628729
2016-05-31 12:00:00,-3.94347,-6.0061417,0.8348831,332.64557,263.7562,221.20354,290.0575,27.207203,-23.69197,3.5506477,-0.005393442074901304
2016-06-01 12:00:00,-2.9593318,-4.5319605,0.83222663,328.7533,258.98483,238.9963,297.07977,9.945923,-12.8673115,8.763609,-3.374909358079414e-05
2016-06-02 12:00:00,1.391983,-1.67949,0.7479048,320.4681,215.68492,265.37906,311.61853,10.418471,-4.774434,64.18775,8.073993013017208
2016-06-03 12:00:00,1.0551968,-0.59434754,0.63831866,132.71107,79.74101,295.71167,314.68365,9.336504,0.28267145,43.617252,9.319195393149988
2016-06-04 12:00:00,-1.7153366,-2.410192,0.8486506,335.71985,270.80365,248.15063,305.73657,0.8741703,-2.706297,5.4981346,1.9843743416994712
2016-06-05 12:00:00,-1.9083349,-3.3458443,0.7817363,358.91617,267.54578,225.94202,302.11078,5.2058983,-1.8369341,18.570595,4.750835015881819
2016-06-06 12:00:00,1.2005236,-1.4795349,0.6592407,213.81577,122.5912,278.9388,311.57312,24.761644,7.600052,90.95195,16.19162482837766
2016-06-07 12:00:00,2.583732,-0.16433005,0.5466962,315.82434,162.72617,267.48474,317.40344,30.369211,-1.1458207,132.40286,31.25471683937425
2016-06-08 12:00:00,2.6134725,-0.15896215,0.49893388,337.74097,167.05357,259.32596,317.29306,23.677608,-3.9323213,132.46558,36.23781821269321
2016-06-09 12:00:00,3.8695128,-0.4705279,0.49040163,353.6776,160.05508,248.61954,316.0852,75.81555,-8.185424,193.78699,47.07175098717863
2016-06-10 12:00:00,5.269977,0.0,0.44706458,348.0517,149.19833,264.22137,319.31714,111.06751,-2.590219,252.23488,67.5661742555619
2016-06-11 12:00:00,5.316673,0.0,0.45053178,293.9011,127.89577,280.13785,319.5145,113.97916,-2.5965967,238.01123,66.98081844424613
2016-06-12 12:00:00,4.1629477,-0.009452502,0.44699764,350.02795,149.04807,255.05113,318.2835,70.832794,-6.1526413,202.42767,55.60323565371054
2016-06-13 12:00:00,2.4114013,-0.37629098,0.44697562,352.2008,149.21634,252.36282,316.46008,23.367947,1.8184261,164.07358,43.88793787400352
2016-06-14 12:00:00,2.8386245,-0.4775897,0.4465814,348.24097,147.48712,250.8287,316.3577,19.379139,1.6386896,156.24268,38.88952194199849
2016-06-15 12:00:00,-0.33089638,-0.6798564,0.48627385,351.22983,167.70482,245.73364,314.01053,-5.5526295,-14.423891,95.27161,30.165701580970243
2016-06-16 12:00:00,-0.7365049,-0.96349025,0.57566595,350.72144,194.09204,247.78851,312.90686,-8.148859,-15.136978,68.22521,19.48702065216123
2016-06-17 12:00:00,-0.9495499,-1.8836887,0.57059646,367.69614,195.82404,222.3534,308.96512,-1.6710169,-6.704089,76.88527,18.641365682262546
2016-06-18 12:00:00,1.0650902,-1.1598549,0.54816926,352.65115,180.8844,245.30423,313.266,6.766632,-2.4939141,108.07771,24.14956462451316
2016-06-19 12:00:00,4.0321083,-0.17511165,0.5344945,364.13037,179.86191,247.20128,317.55017,72.20724,-18.018707,168.1081,39.38673838917306
2016-06-20 12:00:00,2.8402486,-0.16539711,0.4552216,218.8409,95.6945,281.3069,317.44553,30.974669,-0.42694852,117.55547,33.7673456335016
2016-06-21 12:00:00,2.7974977,-0.3068517,0.44481063,358.6103,151.51376,251.70435,316.63913,37.387352,-5.1297183,174.41939,42.872673892671116
2016-06-22 12:00:00,4.146808,-0.020971192,0.45299214,175.04092,76.458374,299.64572,318.75806,90.54974,15.804342,185.8243,50.630722514967
2016-06-23 12:00:00,3.51013,0.0,0.4475238,237.9057,101.12729,303.34265,319.0755,65.99989,29.629215,216.67467,60.203809389072035
2016-06-24 12:00:00,3.3821576,0.0,0.44711953,326.09897,139.10268,269.83362,318.4414,64.06543,13.7131405,216.16707,59.2387892399056
2016-06-25 12:00:00,2.9190936,-0.004467646,0.4507677,293.0892,127.56901,287.02728,318.79547,27.503397,-0.6416964,160.61372,45.02023651256173
2016-06-26 12:00:00,1.9155973,0.0,0.47788078,195.75839,93.984085,313.66357,318.52893,3.2523408,-1.9681208,98.19317,27.51047906802021
2016-06-27 12:00:00,1.4632361,-0.027001062,0.58151716,233.7597,135.37982,302.25024,318.64716,-0.38688055,-1.2243611,80.371735,22.275703066153053
2016-06-28 12:00:00,1.5855894,-1.1787012,0.5852413,288.3203,161.11838,262.85632,313.13428,14.179383,-0.51880336,90.58456,21.253170134548434
2016-06-29 12:00:00,1.854998,0.0,0.54561925,219.17496,114.488495,303.42404,318.64856,14.973824,4.931881,109.367645,29.10258671831196
2016-06-30 12:00:00,1.7046176,-0.025282647,0.5620456,254.17851,133.7558,295.35217,318.49603,4.443363,-1.2673995,100.45481,25.862963267633464
2016-07-01 12:00:00,1.0113932,-1.0528835,0.5369489,349.55017,175.90825,244.67307,313.26157,8.011212,-2.8979845,110.16665,26.7296239915465
2016-07-02 12:00:00,1.9783425,-0.0069531333,0.53813505,221.11525,112.96101,313.23578,319.12048,6.4515195,3.1797197,111.90077,27.90943548598501
2016-07-03 12:00:00,2.2890272,-0.16921765,0.51977724,336.20407,164.41092,270.13586,318.1037,3.4001784,-0.9958382,126.22965,30.94021906240359
2016-07-04 12:00:00,1.6282971,-0.9926883,0.5185769,349.18192,173.07495,243.83948,313.76804,10.800745,-3.7482867,113.230865,30.07444437230138
2016-07-05 12:00:00,2.337365,-0.5960105,0.51855105,356.6109,177.28787,245.71751,315.1471,29.759075,-4.2988124,135.35371,36.28611031720003
2016-07-06 12:00:00,3.81195,-0.16756132,0.45712978,362.08173,153.58795,235.9938,316.75897,96.312614,-39.466965,184.57426,47.851019141809225
2016-07-07 12:00:00,3.0911229,-0.20317619,0.44682223,352.9378,149.35669,243.5882,316.83032,52.67177,-11.418173,171.59259,47.55554400921765
2016-07-08 12:00:00,2.1492438,-0.5310176,0.45201403,345.71204,149.74358,244.66656,315.2871,26.183596,-4.7977443,146.73376,38.73961008514786
2016-07-09 12:00:00,2.5746875,-0.14711975,0.44680998,322.69336,136.90204,264.15503,317.5335,26.599571,-0.44123697,158.57118,41.68037075719109
2016-07-10 12:00:00,2.2201269,-0.16859287,0.44961417,339.3689,146.97652,260.1024,317.30072,17.468624,-3.3836675,149.279,39.603481989814554
2016-07-11 12:00:00,2.0045993,-0.71998256,0.44784275,345.4024,146.71996,242.1429,314.524,21.161386,-3.047307,144.41545,37.31442691934966
2016-07-12 12:00:00,1.8073177,-0.672806,0.45460963,334.05847,145.98166,245.39261,314.76855,19.22274,-2.8284192,135.0952,35.904172668178894
2016-07-13 12:00:00,2.143347,-0.7644839,0.44699568,343.95398,145.61545,242.05624,314.3122,27.013653,-5.429247,147.66699,38.128029409424435
2016-07-14 12:00:00,2.8423984,-0.38511276,0.44454712,311.4325,131.48898,259.7564,316.01202,44.866737,-11.608062,156.94656,40.6106910161065
2016-07-15 12:00:00,3.9588025,-0.0014710956,0.44409877,336.67847,142.39394,261.1344,318.28485,65.17873,-10.194801,192.11801,50.120168472468336
2016-07-16 12:00:00,4.0016828,-0.14938205,0.44603008,335.4746,142.21912,248.39206,317.2461,88.957306,-20.567041,192.79172,50.847979411557965
2016-07-17 12:00:00,3.5800233,-0.03379504,0.4522525,243.97778,106.48822,289.00067,318.58386,70.10579,15.376722,193.38889,52.472384162590316
2016-07-18 12:00:00,3.79162,0.0,0.45148748,250.87051,108.60723,287.0312,319.03714,88.648926,33.55398,232.46024,61.55307186579618
2016-07-19 12:00:00,5.154105,0.0,0.45244205,261.0896,113.97453,302.255,320.7594,116.142334,63.01197,307.76498,84.05342619958604
2016-07-20 12:00:00,4.9485216,0.0,0.4510302,309.75647,134.94049,283.2751,319.8255,103.33782,17.38493,258.9883,73.5651025144376
2016-07-21 12:00:00,4.4704823,0.0,0.44635886,320.04755,135.97449,266.40576,318.75977,87.22985,0.3761149,219.32503,58.10394263523515
2016-07-22 12:00:00,4.604946,0.0,0.44806272,324.0846,137.49086,253.2123,318.42297,98.66748,-7.8212223,212.22931,57.1720755604754
2016-07-23 12:00:00,3.7177606,-0.014591747,0.44817686,318.82355,135.29282,255.64012,318.2016,57.735733,-4.8746996,173.83029,49.68040636141181
2016-07-24 12:00:00,2.847053,-0.38804466,0.44828185,317.0205,134.55814,252.53882,316.1239,37.567783,-3.1451511,153.29991,39.6401253511119
2016-07-25 12:00:00,3.2392714,-0.119827375,0.44999796,304.16748,129.87212,262.149,317.68573,41.985023,0.71319455,161.45685,42.510454571635975
2016-07-26 12:00:00,2.4592948,-0.26235157,0.44850498,311.27405,132.19226,257.2712,316.6969,27.772842,0.57774645,148.00668,38.94524877668786
2016-07-27 12:00:00,2.7316594,-0.4423902,0.44863492,311.67322,132.40439,248.88638,315.66104,40.07943,-2.7279668,149.84564,39.049538940372585
2016-07-28 12:00:00,2.6459827,-0.30904642,0.45307085,288.07196,124.91774,258.76477,316.38904,33.447464,-0.8883083,138.08911,36.80215019821206
2016-07-29 12:00:00,2.775678,-0.52325535,0.4498074,306.10083,130.75255,249.78265,315.3991,38.665337,-2.262492,146.13466,36.723993089594344
2016-07-30 12:00:00,3.0265756,-0.18783835,0.4489979,300.87286,127.93187,255.08661,317.04254,43.855125,-0.447775,154.39241,39.73909322444046
2016-07-31 12:00:00,3.2739148,-0.08679708,0.44982797,294.85977,125.798355,259.4256,317.64816,44.016937,3.9264424,158.78223,42.05041043869847
2016-08-01 12:00:00,2.8000345,-0.3245657,0.44991708,272.97247,116.70909,262.24707,316.3318,36.133938,2.4366736,140.74928,37.01032715999492
2016-08-02 12:00:00,2.5655193,-0.16883098,0.44663024,289.7057,123.26851,256.52234,317.0377,24.935596,4.9419584,135.79938,35.77178889098125
2016-08-03 12:00:00,1.525106,-1.0358031,0.44954255,295.10596,125.6833,238.02956,312.67218,19.220901,-1.0261282,112.974815,28.740310897052396
2016-08-04 12:00:00,2.3725052,-0.90621424,0.44967878,297.1748,126.60737,229.44547,312.779,54.819054,-18.226503,123.82648,30.180798879935047
2016-08-05 12:00:00,2.5757947,-0.5809074,0.4498518,290.6159,123.87355,234.8389,314.38812,51.399834,-14.161716,124.431244,32.34080707294038
2016-08-06 12:00:00,1.8420683,-0.9673233,0.45150232,280.80383,121.22258,242.09933,312.81708,33.66909,-8.844498,113.6881,29.175584796558777
2016-08-07 12:00:00,2.3047247,-0.6166929,0.45198062,250.37393,109.46765,260.68997,314.7246,28.313534,-8.209346,106.97584,26.90010482161957
2016-08-08 12:00:00,2.5923963,-0.7134812,0.45012778,279.34882,119.18503,245.97577,314.04807,44.847813,-9.907983,127.03132,30.57035748671628
2016-08-09 12:00:00,3.6528735,-0.2948549,0.45397645,213.1348,92.67499,269.57935,316.64258,70.82483,10.19559,154.41699,38.371096901982085
2016-08-10 12:00:00,3.0494645,0.0,0.4508773,192.81577,84.023865,319.83276,319.2589,27.54092,15.497889,152.40457,42.652224578110676
2016-08-11 12:00:00,2.4131327,-0.03558318,0.4518159,129.92708,56.449978,314.86584,317.9914,17.912678,12.538404,100.80263,28.60661075174541
2016-08-12 12:00:00,1.8268857,-0.5726742,0.44963387,265.36218,113.40158,248.75912,314.73874,13.102293,2.451039,101.534325,24.911019260359662
2016-08-13 12:00:00,1.5204133,-1.0039936,0.45097587,263.42468,112.65048,235.34387,312.52643,18.702778,0.37732893,92.671745,23.88887269559769
2016-08-14 12:00:00,1.3876971,-1.401822,0.45112944,262.70453,112.39464,227.11047,310.67892,21.517792,-6.9248276,81.334404,20.288433548933448
2016-08-15 12:00:00,1.5428627,-1.3741654,0.45292684,224.22946,96.98284,244.75388,311.10724,19.935425,-4.8797936,75.94889,18.949064927798066
2016-08-16 12:00:00,1.1694492,-0.981989,0.45183003,223.8016,97.87805,249.99312,313.00464,8.831848,-0.90238994,70.84149,17.341063049695375
2016-08-17 12:00:00,1.8064281,-0.91311455,0.45141214,232.08456,101.286316,252.74037,313.40466,11.595295,0.42239606,82.15164,18.995727841449824
2016-08-18 12:00:00,1.9868381,-0.93218935,0.45113018,242.45172,103.92323,242.46011,312.68222,35.55315,-3.0785093,100.78102,24.774815771487905
2016-08-19 12:00:00,1.9446342,-0.8393123,0.4534405,238.38528,103.197876,242.31595,313.0465,34.103653,-3.8487365,94.71176,24.088488310699574
2016-08-20 12:00:00,1.7448411,-0.89222324,0.4533732,213.15247,93.15036,249.9526,312.7587,33.327198,-5.8760457,84.64716,21.129810201942508
2016-08-21 12:00:00,2.0749469,-0.5952217,0.448943,231.67462,99.53981,248.69284,314.1784,33.09351,-9.8927355,89.85001,22.82160104365972
2016-08-22 12:00:00,2.8194606,-0.6189965,0.44937187,229.37682,98.51375,243.36507,314.00153,67.66785,-14.384032,113.51042,27.271238566652727
2016-08-23 12:00:00,4.560285,-0.008877437,0.45190752,105.36842,46.073803,302.28156,318.43488,115.56183,-21.919832,136.7833,36.78324707560242
2016-08-24 12:00:00,4.5718226,0.0,0.45183536,190.99254,83.521774,280.48187,318.35974,94.302956,-12.302336,151.5935,42.399360602937634
2016-08-25 12:00:00,3.7492025,-0.04642084,0.45123455,189.11072,82.16829,267.0359,317.33664,64.97883,-10.954147,110.66636,30.686073662111127
2016-08-26 12:00:00,1.5522879,-0.4188491,0.45194578,56.30208,24.596043,305.2146,314.912,17.970016,2.909319,42.887985,11.004658558112306
2016-08-27 12:00:00,1.9243007,0.0,0.49299458,65.4209,32.896713,324.8247,317.5553,16.009706,11.188987,66.99229,16.703349970809526
2016-08-28 12:00:00,1.9998815,-0.19499058,0.517673,167.04358,84.65518,291.80356,316.49957,12.46743,7.945507,78.105316,21.35657298472171
2016-08-29 12:00:00,-0.36161518,-1.3822985,0.51739264,158.4743,80.40573,271.78168,310.59802,4.0990534,-3.8427,39.50858,10.36695223443858
2016-08-30 12:00:00,0.17601764,-1.6917335,0.516161,200.53983,99.72858,246.68353,308.77176,29.88351,-14.624825,53.981712,12.855389183700325
2016-08-31 12:00:00,1.4770565,-0.64121956,0.515949,190.35287,94.48573,257.02545,313.60684,28.042215,-8.457756,58.87021,16.507736896775572
2016-09-01 12:00:00,-0.17708457,-1.6139677,0.5245932,144.9242,73.702385,269.4749,309.31458,10.654122,-1.3355393,40.70073,11.20005840835543
2016-09-02 12:00:00,-1.7402205,-2.3393457,0.5632957,141.49155,79.36526,261.32178,305.59003,2.0924268,-1.1433697,18.807096,6.167253650995113
2016-09-03 12:00:00,-2.0673647,-2.5246015,0.57947487,152.75893,91.31542,258.0528,305.01038,-0.10327309,-2.0531082,12.329542,5.22621236372655
2016-09-04 12:00:00,-3.861385,-4.799134,0.60461456,186.8225,109.78129,221.04388,294.38245,5.6771703,-6.208957,3.170857,3.2511302484230766
2016-09-05 12:00:00,0.30557662,-1.7396619,0.58273226,93.98596,53.815453,274.87738,308.33215,55.603973,-22.2422,40.077507,5.76832762618777
2016-09-06 12:00:00,1.0697995,-0.16705173,0.5536066,80.46535,44.888855,302.85962,315.9546,25.055733,-7.130285,40.40697,10.689624677271507
2016-09-07 12:00:00,-0.36912727,-0.38533592,0.7991736,87.68713,67.31796,306.9701,314.51428,-1.3583534,-1.5670104,9.899618,1.5943006355912015
2016-09-08 12:00:00,-2.1688209,-2.3185391,0.87239546,131.50948,109.100945,283.96356,305.93784,-1.7526915,-2.351349,-3.669783,0.2417288066715002
2016-09-09 12:00:00,-3.625852,-3.7625098,0.8638804,130.88072,107.34103,277.1385,299.28174,-2.1394842,-2.7416449,-3.4846828,0.00031897653699313155
2016-09-10 12:00:00,-5.210575,-6.062825,0.85564345,129.25021,105.13937,256.3867,289.4587,1.5983386,-2.296494,-9.659337,-4.072849347708845e-05
2016-09-11 12:00:00,-7.343135,-8.563325,0.8511984,163.75381,131.85349,227.79065,278.68024,6.670532,-2.1862533,-14.504979,2.4479926387658603e-09
2016-09-12 12:00:00,-5.7214036,-8.444988,0.8518713,166.24251,133.5726,207.9241,278.944,40.68581,-7.7380476,-5.4022284,-7.170811161205463e-08
2016-09-13 12:00:00,-2.0305567,-5.1488585,0.8467306,138.62607,111.62375,227.40207,293.0026,56.801006,-13.042408,5.1603928,-3.0924300779123265e-06
2016-09-14 12:00:00,-0.72949195,-3.7504354,0.84476656,135.84064,109.026764,240.06857,299.20386,44.076515,-4.854531,6.9005733,-6.560372362374043e-05
2016-09-15 12:00:00,-1.4820162,-3.9533305,0.8438108,144.23523,115.6792,228.88498,297.9399,47.892097,-3.9059458,3.4872503,-1.3000858020151566e-05
2016-09-16 12:00:00,-2.911056,-4.508832,0.841411,113.96495,91.28297,250.01132,295.49768,37.665894,-13.095724,1.7657948,-0.00021050781694016357
2016-09-17 12:00:00,-6.1957455,-7.40232,0.83824617,136.98549,109.262634,237.38852,283.33112,12.489759,-5.889393,-11.619375,1.5382838919688062e-15
2016-09-18 12:00:00,-10.180433,-12.8320465,0.83578956,143.24701,113.79407,192.27823,260.9628,20.605318,-2.4554439,-21.081755,1.5382838919688062e-15
2016-09-19 12:00:00,-9.565806,-10.464635,0.83327293,106.57886,84.71941,239.07217,270.65033,7.765568,-3.1103196,-5.0634637,1.5382838919688062e-15
2016-09-20 12:00:00,-9.612257,-11.29566,0.8221332,136.73207,107.10223,210.96475,267.044,16.685457,-2.5132012,-12.277153,1.5382838919688062e-15
2016-09-21 12:00:00,-9.061084,-11.566233,0.8248861,128.25125,100.33702,199.43536,265.63892,53.466675,-21.111925,-5.934572,4.309348305308508e-15
2016-09-22 12:00:00,-5.4978285,-8.200581,0.8190832,104.64254,81.80058,233.60352,279.80902,54.633827,-27.812958,3.4573212,-1.0455501970384306e-09
2016-09-23 12:00:00,-3.5590332,-6.1634464,0.8176291,97.67584,76.14968,255.23544,288.81564,35.438156,-14.343424,9.040693,-7.749137046220967e-08
2016-09-24 12:00:00,-1.1009209,-2.715586,0.818889,69.83464,54.502357,295.18463,304.23804,14.605225,-5.9178286,14.966273,-0.0007345326628484533
2016-09-25 12:00:00,-3.3381305,-4.714021,0.8657935,105.95619,87.2599,263.30023,295.07672,13.579915,0.573572,1.0732868,-4.9875076766983076e-05
2016-09-26 12:00:00,-6.366297,-8.90291,0.86674654,114.08302,93.64317,212.87418,276.51215,42.641888,-6.6604567,-7.216689,4.312956242147337e-15
2016-09-27 12:00:00,-7.7509284,-10.060257,0.86226654,100.54779,82.276634,220.47217,271.96515,34.497017,-7.0366044,-5.761412,4.312956242147337e-15
2016-09-28 12:00:00,-4.915613,-7.38249,0.85797536,76.27536,62.461647,253.14626,283.65167,27.076824,-7.7139215,2.6711988,-4.634388991693121e-08
2016-09-29 12:00:00,-3.7251534,-4.441202,0.84848815,63.802574,51.533554,281.8344,296.02548,7.93359,1.2762016,7.287741,-2.7485312575519476e-06
2016-09-30 12:00:00,-2.5390422,-3.0659604,0.8444475,50.233177,40.644867,290.9963,301.9496,9.86418,0.21007341,8.709286,-0.004112309109708612
2016-10-01 12:00:00,-8.220825,-10.522273,0.8471497,94.72447,76.74278,207.3339,269.87985,35.919136,-4.0870705,-12.732204,-2.247777376678338e-07
2016-10-02 12:00:00,-6.994775,-10.278189,0.84607995,96.674286,78.36014,198.02011,270.64343,70.63013,-19.2175,-2.8965473,-3.7542461434413444e-08
2016-10-03 12:00:00,-0.75482315,-3.4473252,0.8420565,55.942818,45.01497,273.48566,300.25342,62.063744,-35.366863,10.856968,-2.734332166753334e-06
2016-10-04 12:00:00,0.9348505,-2.8446984,0.8428261,87.58984,70.2574,229.6585,302.64316,131.37346,-66.42,9.301239,-2.25561258938105e-06
2016-10-05 12:00:00,0.2656814,-3.3287582,0.8398633,66.06314,52.64507,240.42651,300.89584,104.36544,-49.729973,7.5842094,-3.111351136471372e-06
2016-10-06 12:00:00,1.4602438,-2.347065,0.8302233,72.7441,57.48104,246.12962,305.23206,112.73311,-59.19026,9.703476,-8.300427801396821e-06
2016-10-07 12:00:00,-0.23122007,-3.6088943,0.82878983,78.98503,62.65062,238.03046,299.5,84.50281,-35.430435,3.9372406,-3.347982143359348e-05
2016-10-08 12:00:00,1.3833017,-2.1866975,0.82524276,61.48725,48.33606,252.18193,305.85645,83.12446,-31.711094,10.890041,-1.2266415830155524e-05
2016-10-09 12:00:00,-2.4321854,-4.9817777,0.82387,49.25789,38.693653,247.36469,293.31656,47.30092,-11.283932,0.62934875,-7.139464835600651e-05
2016-10-10 12:00:00,-0.13335451,-1.5740936,0.81715703,31.542736,24.510357,294.79233,308.70407,27.216602,-8.9780245,11.359214,-0.08720227839038981
2016-10-11 12:00:00,-7.0189114,-8.248281,0.85291743,67.61882,55.449177,244.95349,279.92133,10.070359,-0.11229173,-12.840123,-8.815464905492017e-08
2016-10-12 12:00:00,-13.790646,-15.445373,0.8488861,59.429527,48.32157,201.68805,250.13763,18.219698,0.7193395,-18.402592,4.3121316555731846e-15
2016-10-13 12:00:00,-12.069502,-14.297966,0.84703845,59.69531,48.456356,200.3515,254.61124,39.40883,-7.147523,-10.759477,4.3117365147032904e-15
2016-10-14 12:00:00,-2.59158,-4.194521,0.84028596,34.451363,27.758253,268.45233,296.9391,34.46502,0.92950827,13.600882,-0.11576520381784666
2016-10-15 12:00:00,-0.7070488,-1.7372974,0.77517784,24.487724,19.255577,298.2198,308.53308,26.332756,-6.9817877,14.269822,-0.0228836938643545
2016-10-16 12:00:00,-7.0132036,-7.176567,0.84021395,25.543362,20.48367,275.93634,284.17206,-0.49480823,-0.34341577,-4.0142493,4.312956242147337e-15
2016-10-17 12:00:00,-10.8538685,-11.901709,0.82245165,37.705284,29.881447,237.12721,264.49872,4.831936,1.4566499,-13.259083,4.312956242147337e-15
2016-10-18 12:00:00,-19.637135,-21.061039,0.8270066,52.138035,41.612732,168.95068,228.88335,21.008354,-1.8028333,-30.20184,4.312956242147337e-15
2016-10-19 12:00:00,-24.149189,-25.715864,0.8258743,51.15175,40.71142,150.61159,212.33916,22.267986,-1.7800436,-30.799297,4.312956242147337e-15
2016-10-20 12:00:00,-17.853645,-18.664595,0.81658715,28.744492,22.68707,217.13168,238.15317,7.5169277,0.39108792,-7.056048,4.312956242147337e-15
2016-10-21 12:00:00,-19.524422,-21.811924,0.81689537,37.652336,29.670326,173.29553,226.13217,25.934555,0.10168731,-18.818388,4.309348305308508e-15
2016-10-22 12:00:00,-16.72918,-18.780144,0.8150426,28.591358,22.52745,204.38733,237.4472,21.465456,-2.3030558,-7.8335676,4.3121316555731846e-15
2016-10-23 12:00:00,-14.58672,-15.582029,0.81478024,22.343895,17.625366,227.87354,249.57387,13.323181,-0.6292711,-4.287894,4.3117365147032904e-15
2016-10-24 12:00:00,-19.316998,-21.373184,0.8204286,39.03836,31.088531,178.4338,227.76895,23.570751,-0.63660705,-18.45117,4.31259455907886e-15
2016-10-25 12:00:00,-17.324436,-19.386482,0.8184798,28.709208,22.660362,185.6299,234.98047,37.56826,-0.9012313,-6.6346984,4.312956242147337e-15
2016-10-26 12:00:00,-15.688544,-16.853447,0.8134956,25.68499,20.280125,222.68463,244.8699,8.10015,1.2774653,-7.4027915,4.312956242147337e-15
2016-10-27 12:00:00,-19.32893,-21.463295,0.81833917,33.995255,27.151878,164.49484,227.1265,43.814545,-0.89823365,-12.871965,4.312956242147337e-15
2016-10-28 12:00:00,-14.410845,-16.786924,0.8171295,28.399328,22.52237,178.25507,244.49808,65.46183,-6.1786575,-1.0828781,4.312956242147337e-15
2016-10-29 12:00:00,-13.315296,-16.113813,0.82014436,29.617077,23.585667,175.25801,247.0109,81.43497,-18.536823,-2.82333,4.312956242147337e-15
2016-10-30 12:00:00,-6.5033092,-8.679827,0.8138703,23.68415,18.72393,234.11458,277.20468,68.95441,-18.53765,12.286875,4.312956242147337e-15
2016-10-31 12:00:00,-3.7600446,-6.451992,0.81446457,13.892342,10.921085,244.65164,286.6887,89.875534,-37.036903,13.772839,-5.0788263002746e-05
2016-11-01 12:00:00,-6.235017,-7.53067,0.814378,17.568949,13.866299,254.34326,282.85052,31.582365,-5.8688745,0.9088774,-0.00016548423143406465
2016-11-02 12:00:00,-12.823267,-14.944661,0.8148558,16.106724,12.706978,199.89117,251.72044,54.969284,-12.34752,-5.8077593,4.3121316555731846e-15
2016-11-03 12:00:00,-9.67193,-12.545863,0.8161961,20.232746,16.006731,198.47998,261.10718,74.81095,-16.65363,-0.24386215,4.3117365147032904e-15
2016-11-04 12:00:00,-1.8771728,-4.3194537,0.8121916,14.681572,11.577535,257.563,295.91772,72.536865,-21.12412,16.162046,-0.0006593144237308513
2016-11-05 12:00:00,1.3585324,-0.94758236,0.77864385,6.0816817,4.423395,293.2649,311.50458,60.74903,-22.80452,21.363113,-0.0039336652856183235
2016-11-06 12:00:00,-5.7035065,-6.5631647,0.83254457,11.966576,9.7764,270.6487,286.71155,14.535679,-3.268125,-2.6051059,-0.00023035112048242417
2016-11-07 12:00:00,-10.418024,-11.399284,0.836962,11.069479,8.908268,244.68459,266.14532,20.890373,-8.196074,-6.6052284,4.312956242147337e-15
2016-11-08 12:00:00,-11.3467245,-12.428355,0.8297278,8.906404,7.0946608,236.92363,261.9184,21.225126,-3.0288057,-4.986703,4.312956242147337e-15
2016-11-09 12:00:00,-15.7607,-17.316883,0.82353836,13.805506,10.994484,189.8151,242.61023,39.279915,-3.5760286,-14.28023,4.312956242147337e-15
2016-11-10 12:00:00,-17.987814,-19.763126,0.82084584,12.568676,10.001021,179.84775,233.49199,36.0923,-1.4059429,-16.39023,4.312956242147337e-15
2016-11-11 12:00:00,-19.16148,-21.395779,0.8238845,9.897823,7.823256,157.79083,227.26248,57.724792,-4.6289606,-14.301248,4.309348305308508e-15
2016-11-12 12:00:00,-17.084627,-19.911362,0.82504785,11.697361,9.332237,158.6011,232.78798,79.97459,-14.716903,-6.564063,4.3121316555731846e-15
2016-11-13 12:00:00,-10.41584,-12.557772,0.8178847,7.507136,5.9228725,215.5878,261.42276,56.841362,-11.486608,1.1040564,4.3117365147032904e-15
2016-11-14 12:00:00,-10.90057,-12.642191,0.8168506,5.3248396,4.195658,236.67378,261.153,28.144695,-1.1809913,3.6136522,4.31259455907886e-15
2016-11-15 12:00:00,-13.142914,-13.923287,0.8153647,4.8641367,3.833314,243.46417,256.08286,6.90758,1.1139889,-3.5662913,4.312956242147337e-15
2016-11-16 12:00:00,-14.018398,-14.662762,0.81269085,4.9096217,3.872443,238.61487,253.0886,9.854642,0.6458886,-2.936015,4.312956242147337e-15
2016-11-17 12:00:00,-9.2854,-10.834932,0.8123301,4.4369698,3.4987798,242.38635,268.36554,41.541065,-10.149432,6.3506365,4.312956242147337e-15
2016-11-18 12:00:00,-5.1563764,-6.736122,0.81222075,3.9295082,3.0943515,259.8608,285.45367,50.41153,-15.700838,9.952984,4.312956242147337e-15
2016-11-19 12:00:00,-5.203766,-6.0373964,0.8147522,3.1854334,2.5173907,273.85236,288.55597,21.289139,0.8087615,8.06233,4.312956242147337e-15
2016-11-20 12:00:00,-7.055317,-8.453092,0.82255495,3.4090714,2.7280078,250.90411,278.26624,29.846518,-2.9058547,0.25960588,4.312956242147337e-15
2016-11-21 12:00:00,-6.349579,-7.0287914,0.8211643,1.3226168,1.0794772,276.43164,284.4096,13.791334,-0.21226418,5.8442435,4.309348305308508e-15
2016-11-22 12:00:00,-17.018497,-18.579247,0.8256873,3.7598457,3.1125631,198.9357,238.5362,17.655666,2.2148538,-19.082693,4.3121316555731846e-15
2016-11-23 12:00:00,-22.657568,-24.806046,0.8222586,2.685063,2.198455,172.28242,215.45215,23.797138,1.8533988,-17.03258,4.3117365147032904e-15
2016-11-24 12:00:00,-24.178251,-26.179956,0.82748187,2.7338023,2.2464104,146.81715,210.43423,53.425106,-5.386366,-15.090948,4.31259455907886e-15
2016-11-25 12:00:00,-17.559994,-20.06285,0.8218628,2.1513553,1.7625864,178.24017,232.25854,59.205917,-10.079301,-4.502988,4.312956242147337e-15
2016-11-26 12:00:00,-12.626549,-15.668032,0.82327175,1.6302371,1.3323677,214.72014,249.61475,48.31717,-8.53014,5.1902924,4.312956242147337e-15
2016-11-27 12:00:00,-9.013641,-10.736003,0.81912315,1.3245499,1.0806992,258.39374,269.02435,15.09831,-2.5267634,2.1847825,4.312956242147337e-15
2016-11-28 12:00:00,-11.029131,-11.686186,0.814405,1.0147004,0.8259039,257.39642,264.97018,6.934559,1.2602341,0.8098285,4.312956242147337e-15
2016-11-29 12:00:00,-19.475853,-21.367302,0.82070196,1.1256852,0.92644703,182.2677,227.91638,29.470177,-0.73155177,-16.71082,4.312956242147337e-15
2016-11-30 12:00:00,-17.555523,-20.810505,0.82293475,0.91926444,0.7565508,161.12296,229.30975,67.1674,-4.1287656,-4.985455,4.312956242147337e-15
2016-12-01 12:00:00,-15.0590925,-18.38184,0.82291836,0.70232373,0.5779661,164.11743,238.17633,76.42186,-6.7857127,-4.298393,4.309348305308508e-15
2016-12-02 12:00:00,-16.81445,-20.016678,0.8227087,0.5178163,0.42577943,162.12631,232.17749,64.474014,-2.6554778,-8.140608,4.3121316555731846e-15
2016-12-03 12:00:00,-20.690903,-23.408154,0.8226343,0.35692155,0.29355705,156.85004,220.03229,55.093906,-3.21981,-11.244789,4.3117365147032904e-15
2016-12-04 12:00:00,-15.978443,-19.24355,0.81906843,0.07064602,0.057463296,180.25717,236.07205,68.818665,-10.171398,2.8455696,4.31259455907886e-15
2016-12-05 12:00:00,-5.1080656,-8.669556,0.8186622,0.20196313,0.16488442,208.51491,276.76385,111.49806,-33.769894,9.5163,4.312956242147337e-15
2016-12-06 12:00:00,-1.5893649,-5.2894516,0.8178035,0.11739743,0.09620905,227.9567,291.2763,106.90954,-31.813507,11.797607,-3.488223805363335e-06
2016-12-07 12:00:00,-1.9199126,-4.1927805,0.81631184,0.04575058,0.036973696,254.1152,296.29486,70.245926,-17.491611,10.583435,-2.7363749010933397e-06
2016-12-08 12:00:00,-3.417931,-5.0306954,0.82307076,0.0,0.0,270.43488,292.89868,47.43389,-19.558842,5.4112434,-8.083313003974049e-07
2016-12-09 12:00:00,-7.573351,-10.628683,0.82269275,0.0,0.0,209.3317,268.80026,70.04834,-12.545515,-1.9657421,4.312956242147337e-15
2016-12-10 12:00:00,-6.4491777,-10.261321,0.82350254,0.0,0.0,206.41583,270.24945,85.53984,-19.315264,2.3909588,4.312956242147337e-15
2016-12-11 12:00:00,-2.4378202,-5.673732,0.8140869,0.0,0.0,252.68216,289.92432,111.99815,-67.03304,7.722954,-2.516440439466375e-07
2016-12-12 12:00:00,-5.0737247,-8.389036,0.816033,0.0,0.0,203.93925,277.95187,139.1459,-62.75484,2.3784447,-4.1008128553098135e-09
2016-12-13 12:00:00,-16.582384,-19.61214,0.81962955,0.0,0.0,171.73285,234.26724,45.956642,-3.1686206,-19.746372,4.3117365147032904e-15
2016-12-14 12:00:00,-22.191856,-24.430973,0.81238544,0.0,0.0,172.18321,216.70102,28.299084,-0.07436311,-16.293087,4.31259455907886e-15
2016-12-15 12:00:00,-20.51762,-23.116816,0.81483793,0.0,0.0,167.82686,221.20474,44.77035,-2.003486,-10.611018,4.312956242147337e-15
2016-12-16 12:00:00,-18.799793,-21.700518,0.81783724,0.0,0.0,156.79099,226.1189,71.60349,-8.892134,-6.6165524,4.312956242147337e-15
2016-12-17 12:00:00,-9.910284,-12.788018,0.8130274,0.0,0.0,217.25623,260.54694,86.99613,-35.057213,8.648209,4.312956242147337e-15
2016-12-18 12:00:00,-9.418453,-11.701613,0.81271553,0.0,0.0,219.51172,264.5606,65.85555,-18.623585,2.1830788,4.312956242147337e-15
2016-12-19 12:00:00,-13.255766,-13.684462,0.8143134,0.0,0.0,247.75458,257.12598,6.501691,-0.9684933,-3.8382013,4.312956242147337e-15
2016-12-20 12:00:00,-17.573473,-18.102058,0.81173277,0.0,0.0,229.47685,239.9414,2.963122,0.23108888,-7.270343,4.312956242147337e-15
2016-12-21 12:00:00,-23.404385,-25.002752,0.81096494,0.0,0.0,176.07474,214.81544,21.191784,-0.15632388,-17.705248,4.309348305308508e-15
2016-12-22 12:00:00,-24.732525,-26.219873,0.8109524,0.0,0.0,171.46013,210.52798,25.748629,-0.41994244,-13.73917,4.3121316555731846e-15
2016-12-23 12:00:00,-25.55157,-26.785019,0.8109423,0.0,0.0,174.13562,208.63586,23.128845,-0.17028864,-11.541688,4.3117365147032904e-15
2016-12-24 12:00:00,-26.148344,-27.959509,0.81458604,0.0,0.0,146.01108,204.49185,46.758286,-3.4614038,-15.183892,4.31259455907886e-15
2016-12-25 12:00:00,-25.272593,-27.278667,0.8113947,0.0,0.0,155.51979,206.80849,44.447037,-3.2572603,-10.09892,4.312956242147337e-15
2016-12-26 12:00:00,-24.500725,-26.555172,0.810911,0.0,0.0,179.83557,209.6767,23.1875,-0.88318586,-7.5368114,4.312956242147337e-15
2016-12-27 12:00:00,-22.100151,-24.55576,0.8135615,0.0,0.0,172.1091,216.33182,35.952217,-1.7244772,-9.994977,4.312956242147337e-15
2016-12-28 12:00:00,-25.968765,-27.57357,0.8108632,0.0,0.0,170.5578,205.99094,20.910336,0.8862401,-13.63656,4.312956242147337e-15
2016-12-29 12:00:00,-29.511845,-32.0689,0.81695473,0.0,0.0,127.25828,191.00082,46.557198,-0.47754216,-17.662891,4.312956242147337e-15
2016-12-30 12:00:00,-24.867836,-27.4188,0.817631,0.0,0.0,139.40707,206.2804,66.89463,-3.9894533,-3.9681444,4.312956242147337e-15
2016-12-31 12:00:00,-8.880913,-11.175308,0.81179965,0.0,0.0,236.2186,267.55795,76.231094,-23.925999,20.96574,-1.2183182571999056e-11
